{
  "properties": {
    "connectionReferences": {
      "shared_commondataserviceforapps": {
        "runtimeSource": "embedded",
        "connection": {
          "connectionReferenceLogicalName": "mib_MicrosoftDataverseMIBAdmin"
        },
        "api": {
          "name": "shared_commondataserviceforapps"
        }
      }
    },
    "definition": {
      "$schema": "https://schema.management.azure.com/providers/Microsoft.Logic/schemas/2016-06-01/workflowdefinition.json#",
      "contentVersion": "1.0.0.0",
      "parameters": {
        "$connections": {
          "defaultValue": {},
          "type": "Object"
        },
        "$authentication": {
          "defaultValue": {},
          "type": "SecureObject"
        }
      },
      "triggers": {
        "When_a_row_is_added,_modified_or_deleted": {
          "metadata": {
            "operationMetadataId": "81885ea3-d22b-4302-954c-6cef4ff71381"
          },
          "type": "OpenApiConnectionWebhook",
          "inputs": {
            "host": {
              "connectionName": "shared_commondataserviceforapps",
              "operationId": "SubscribeWebhookTrigger",
              "apiId": "/providers/Microsoft.PowerApps/apis/shared_commondataserviceforapps"
            },
            "parameters": {
              "subscriptionRequest/message": 3,
              "subscriptionRequest/entityname": "mib_ambraqcform",
              "subscriptionRequest/scope": 4,
              "subscriptionRequest/filteringattributes": "mib_templatestatus"
            },
            "authentication": "@parameters('$authentication')"
          }
        }
      },
      "actions": {
        "Condition": {
          "actions": {
            "FileContent": {
              "runAfter": {},
              "metadata": {
                "operationMetadataId": "7dc4e058-5154-4daf-9061-17a191013d92"
              },
              "type": "Compose",
              "inputs": "@decodeBase64(triggerOutputs()?['body/mib_filecontent'])"
            },
            "Run_a_Child_Flow_2": {
              "runAfter": {
                "FileContent": [
                  "Succeeded"
                ]
              },
              "metadata": {
                "operationMetadataId": "e9fb2caa-ee7d-4dc0-aac6-16c21a023397"
              },
              "type": "Workflow",
              "inputs": {
                "host": {
                  "workflowReferenceName": "3a5ef36b-51f4-eb11-94ef-0022481e1e3c"
                }
              }
            },
            "GettingUserName,Password_2": {
              "runAfter": {
                "Run_a_Child_Flow_2": [
                  "Succeeded"
                ]
              },
              "metadata": {
                "operationMetadataId": "dea915d5-ff07-4e7e-b056-39529e5c9ef7"
              },
              "type": "ParseJson",
              "inputs": {
                "content": "@outputs('Run_a_Child_Flow_2')?['Body']",
                "schema": {
                  "type": "object",
                  "properties": {
                    "Service_Url": {
                      "type": "string"
                    },
                    "SessionId": {
                      "type": "string"
                    },
                    "DateTime": {
                      "type": "string"
                    }
                  }
                }
              }
            },
            "MockTemplateAPICall_2": {
              "runAfter": {
                "GettingUserName,Password_2": [
                  "Succeeded"
                ]
              },
              "metadata": {
                "operationMetadataId": "9d1d8d3a-d4e5-4aea-b73f-003975315cab"
              },
              "type": "Http",
              "inputs": {
                "method": "POST",
                "uri": "https://dcc9d7e4-7406-4a4b-9e9a-2c6c94d75198.mock.pstmn.io/emids-mock/template/add",
                "headers": {
                  "sid": "{{$randomBankAccountBic}}",
                  "account_id": "{{$randomUUID}}",
                  "Content-Type": "text/html"
                },
                "body": "@outputs('FileContent')"
              }
            },
            "FilteringUUID_2": {
              "runAfter": {
                "MockTemplateAPICall_2": [
                  "Succeeded"
                ]
              },
              "metadata": {
                "operationMetadataId": "fe06feaa-dcd1-4c83-8ea0-3abeab587218"
              },
              "type": "ParseJson",
              "inputs": {
                "content": "@body('MockTemplateAPICall_2')",
                "schema": {
                  "type": "object",
                  "properties": {
                    "Status": {
                      "type": "string"
                    },
                    "UUID": {
                      "type": "string"
                    }
                  }
                }
              }
            },
            "Update_a_row": {
              "runAfter": {
                "FilteringUUID_2": [
                  "Succeeded"
                ]
              },
              "metadata": {
                "operationMetadataId": "30595fe5-56e4-490d-a718-6f2cab0f0b48"
              },
              "type": "OpenApiConnection",
              "inputs": {
                "host": {
                  "connectionName": "shared_commondataserviceforapps",
                  "operationId": "UpdateRecord",
                  "apiId": "/providers/Microsoft.PowerApps/apis/shared_commondataserviceforapps"
                },
                "parameters": {
                  "entityName": "mib_ambraqcforms",
                  "recordId": "@triggerOutputs()?['body/mib_ambraqcformid']",
                  "item/mib_templateuuid": "@body('FilteringUUID_2')?['UUID']"
                },
                "authentication": "@parameters('$authentication')"
              }
            }
          },
          "runAfter": {},
          "expression": {
            "equals": [
              "@triggerOutputs()?['body/mib_templatestatus']",
              913380002
            ]
          },
          "metadata": {
            "operationMetadataId": "42101b65-c771-479f-9f3e-9e736902e827"
          },
          "type": "If"
        }
      },
      "outputs": {}
    }
  },
  "schemaVersion": "1.0.0.0"
}