{
  "properties": {
    "connectionReferences": {
      "shared_commondataserviceforapps": {
        "runtimeSource": "embedded",
        "connection": {
          "connectionReferenceLogicalName": "mib_MicrosoftDataverseMIBAdmin"
        },
        "api": {
          "name": "shared_commondataserviceforapps"
        }
      },
      "shared_commondataserviceforapps_1": {
        "runtimeSource": "embedded",
        "connection": {
          "connectionReferenceLogicalName": "mib_MicrosoftDataverseMIBAdmin"
        },
        "api": {
          "name": "shared_commondataserviceforapps"
        }
      }
    },
    "definition": {
      "$schema": "https://schema.management.azure.com/providers/Microsoft.Logic/schemas/2016-06-01/workflowdefinition.json#",
      "contentVersion": "1.0.0.0",
      "parameters": {
        "$connections": {
          "defaultValue": {},
          "type": "Object"
        },
        "$authentication": {
          "defaultValue": {},
          "type": "SecureObject"
        }
      },
      "triggers": {
        "When_a_row_is_added,_modified_or_deleted": {
          "metadata": {
            "operationMetadataId": "c1a40fdf-8be3-442d-8ef4-d0fd9167e1a8"
          },
          "type": "OpenApiConnectionWebhook",
          "inputs": {
            "host": {
              "connectionName": "shared_commondataserviceforapps",
              "operationId": "SubscribeWebhookTrigger",
              "apiId": "/providers/Microsoft.PowerApps/apis/shared_commondataserviceforapps"
            },
            "parameters": {
              "subscriptionRequest/message": 3,
              "subscriptionRequest/entityname": "contact",
              "subscriptionRequest/scope": 4,
              "subscriptionRequest/filteringattributes": "emailaddress1,mib_lastresubmissiondate"
            },
            "authentication": "@parameters('$authentication')"
          },
          "runtimeConfiguration": {
            "concurrency": {
              "runs": 1
            }
          }
        }
      },
      "actions": {
        "Initialize_variable_-_Operation_Type": {
          "runAfter": {
            "Initialize_variable_2": [
              "Succeeded"
            ]
          },
          "metadata": {
            "operationMetadataId": "32c2aafd-10d2-49a4-9d40-e98749b2e44c"
          },
          "type": "InitializeVariable",
          "inputs": {
            "variables": [
              {
                "name": "Operation Type",
                "type": "string"
              }
            ]
          }
        },
        "Initialize_variable_-_UUID": {
          "runAfter": {
            "Initialize_variable_-_Operation_Type": [
              "Succeeded"
            ]
          },
          "metadata": {
            "operationMetadataId": "b778cbd6-ba5a-45e9-921a-35e5878608e1"
          },
          "type": "InitializeVariable",
          "inputs": {
            "variables": [
              {
                "name": "UUID",
                "type": "string"
              }
            ]
          }
        },
        "Initialize_variable_-_Parent_UUID": {
          "runAfter": {
            "Initialize_variable_-_UUID": [
              "Succeeded"
            ]
          },
          "metadata": {
            "operationMetadataId": "c652772a-8ad2-409b-ac44-ba95a25186e2"
          },
          "type": "InitializeVariable",
          "inputs": {
            "variables": [
              {
                "name": "Parent UUID",
                "type": "string"
              }
            ]
          }
        },
        "Initialize_variable": {
          "runAfter": {},
          "metadata": {
            "operationMetadataId": "dff5b58c-f254-4037-9a8d-255d4c043996"
          },
          "type": "InitializeVariable",
          "inputs": {
            "variables": [
              {
                "name": "isSiteEntity",
                "type": "boolean",
                "value": "@false"
              }
            ]
          }
        },
        "Initialize_variable_2": {
          "runAfter": {
            "Initialize_variable_ECC_queue_record_GUID": [
              "Succeeded"
            ]
          },
          "metadata": {
            "operationMetadataId": "7becfbb2-bce8-403d-86bf-5d8beb51eda9"
          },
          "type": "InitializeVariable",
          "inputs": {
            "variables": [
              {
                "name": "isRelationshipCheck",
                "type": "boolean",
                "value": "@false"
              }
            ]
          }
        },
        "Get_Default_System_Configuration": {
          "runAfter": {
            "Initialize_variable_Ambra_User_ID": [
              "Succeeded"
            ]
          },
          "metadata": {
            "operationMetadataId": "694b02c9-4b1a-4c01-b7f6-7e7d45e36c52"
          },
          "type": "OpenApiConnection",
          "inputs": {
            "host": {
              "connectionName": "shared_commondataserviceforapps",
              "operationId": "ListRecords",
              "apiId": "/providers/Microsoft.PowerApps/apis/shared_commondataserviceforapps"
            },
            "parameters": {
              "entityName": "mib_systemconfigurations",
              "$filter": "mib_name eq 'Default'",
              "$top": 1
            },
            "authentication": "@parameters('$authentication')"
          }
        },
        "Foreach_System_Configuration": {
          "foreach": "@outputs('Get_Default_System_Configuration')?['body/value']",
          "actions": {
            "Set_Password_variable": {
              "runAfter": {
                "Set_UserName_variable": [
                  "Succeeded"
                ]
              },
              "metadata": {
                "operationMetadataId": "734fb2ad-5c2f-4b4c-9fdd-e9fcf6ec4931"
              },
              "type": "SetVariable",
              "inputs": {
                "name": "Password",
                "value": "@items('Foreach_System_Configuration')?['mib_ambrapassword']"
              }
            },
            "Set_Service_Url_variable": {
              "runAfter": {},
              "metadata": {
                "operationMetadataId": "d46a1f05-4ec0-472c-8c25-a363326ca3f2"
              },
              "type": "SetVariable",
              "inputs": {
                "name": "Service_Url",
                "value": "@items('Foreach_System_Configuration')?['mib_ambraserviceurl']"
              }
            },
            "Set_UserName_variable": {
              "runAfter": {
                "Set_Service_Url_variable": [
                  "Succeeded"
                ]
              },
              "metadata": {
                "operationMetadataId": "9c4f6e21-4317-4f54-afc5-d25e9443dac0"
              },
              "type": "SetVariable",
              "inputs": {
                "name": "UserName",
                "value": "@items('Foreach_System_Configuration')?['mib_ambrausername']"
              }
            },
            "Set_variable_-_SiteAccountUUID": {
              "runAfter": {
                "Set_Password_variable": [
                  "Succeeded"
                ]
              },
              "metadata": {
                "operationMetadataId": "375e2f56-b9b2-4f74-b28c-debb7e1efddc"
              },
              "type": "SetVariable",
              "inputs": {
                "name": "SiteAccountUUID",
                "value": "@items('Foreach_System_Configuration')?['mib_siteaccountuuid']"
              }
            }
          },
          "runAfter": {
            "Get_Default_System_Configuration": [
              "Succeeded"
            ]
          },
          "metadata": {
            "operationMetadataId": "43a40840-34fc-4fd2-9fa0-2ad5c4618efd"
          },
          "type": "Foreach"
        },
        "Initialize_Service_Url_variable": {
          "runAfter": {
            "Initialize_variable_-_Parent_UUID": [
              "Succeeded"
            ]
          },
          "metadata": {
            "operationMetadataId": "6a351874-6b82-4977-be82-e10cf222cc73"
          },
          "type": "InitializeVariable",
          "inputs": {
            "variables": [
              {
                "name": "Service_Url",
                "type": "string"
              }
            ]
          }
        },
        "Initialize_UserName_variable": {
          "runAfter": {
            "Initialize_Service_Url_variable": [
              "Succeeded"
            ]
          },
          "metadata": {
            "operationMetadataId": "fdf773cc-939a-467d-879f-bf3970031ef1"
          },
          "type": "InitializeVariable",
          "inputs": {
            "variables": [
              {
                "name": "UserName",
                "type": "string"
              }
            ]
          }
        },
        "Initialize_Password_variable": {
          "runAfter": {
            "Initialize_UserName_variable": [
              "Succeeded"
            ]
          },
          "metadata": {
            "operationMetadataId": "892bf9f2-3bf9-4ace-9b3b-de761ecb9df4"
          },
          "type": "InitializeVariable",
          "inputs": {
            "variables": [
              {
                "name": "Password",
                "type": "string"
              }
            ]
          }
        },
        "Initialize_variable_-_SiteAccountUUID": {
          "runAfter": {
            "Initialize_Password_variable": [
              "Succeeded"
            ]
          },
          "metadata": {
            "operationMetadataId": "77586d68-4bb6-457c-8e88-09573be50d2b"
          },
          "type": "InitializeVariable",
          "inputs": {
            "variables": [
              {
                "name": "SiteAccountUUID",
                "type": "string"
              }
            ]
          }
        },
        "Initialize_variable_Contact_Name": {
          "runAfter": {
            "Initialize_variable_-_SiteAccountUUID": [
              "Succeeded"
            ]
          },
          "metadata": {
            "operationMetadataId": "b448040c-3b39-4fd5-8738-1f55ec4eaa46"
          },
          "type": "InitializeVariable",
          "inputs": {
            "variables": [
              {
                "name": "Contact Full Name",
                "type": "string"
              }
            ]
          }
        },
        "Initialize_variable_Email_Address": {
          "runAfter": {
            "Initialize_variable_Contact_Name": [
              "Succeeded"
            ]
          },
          "metadata": {
            "operationMetadataId": "32871444-581d-4d93-a049-bf7cab1f8860"
          },
          "type": "InitializeVariable",
          "inputs": {
            "variables": [
              {
                "name": "Contact Email Address",
                "type": "string",
                "value": "@triggerOutputs()?['body/emailaddress1']"
              }
            ]
          }
        },
        "Initialize_variable_Contact_GUID": {
          "runAfter": {
            "Initialize_variable_Email_Address": [
              "Succeeded"
            ]
          },
          "metadata": {
            "operationMetadataId": "0da0a0e8-7939-4a00-b65a-fbb9d72e9b66"
          },
          "type": "InitializeVariable",
          "inputs": {
            "variables": [
              {
                "name": "Contact GUID",
                "type": "string",
                "value": "@triggerOutputs()?['body/contactid']"
              }
            ]
          }
        },
        "Initialize_variable_Ambra_User_ID": {
          "runAfter": {
            "Initialize_variable_Contact_GUID": [
              "Succeeded"
            ]
          },
          "metadata": {
            "operationMetadataId": "7510dcd1-a356-48b5-b9e9-e0af969f18ef"
          },
          "type": "InitializeVariable",
          "inputs": {
            "variables": [
              {
                "name": "Ambra User ID",
                "type": "string",
                "value": "@triggerOutputs()?['body/mib_ambrauserid']"
              }
            ]
          }
        },
        "Add_a_ECC_Record_for_Message_Type:_AmbraUpdateGlobalSiteContact-SessionAPI_2": {
          "runAfter": {
            "Foreach_System_Configuration": [
              "Succeeded"
            ]
          },
          "metadata": {
            "operationMetadataId": "3e7e748b-0856-4794-88a3-e12f2120c577"
          },
          "type": "OpenApiConnection",
          "inputs": {
            "host": {
              "connectionName": "shared_commondataserviceforapps",
              "operationId": "CreateRecord",
              "apiId": "/providers/Microsoft.PowerApps/apis/shared_commondataserviceforapps"
            },
            "parameters": {
              "entityName": "mib_eccqueues",
              "item/mib_createddatetime": "@utcNow()",
              "item/mib_direction": 913380001,
              "item/mib_integrationmessagetype": 11,
              "item/mib_name": "Update Site Contact - ",
              "item/mib_requestfor": 913380001,
              "item/mib_state": 913380004
            },
            "authentication": "@parameters('$authentication')"
          }
        },
        "HTTP_-_sessionlogin": {
          "runAfter": {
            "Add_a_ECC_Record_for_Message_Type:_AmbraUpdateGlobalSiteContact-SessionAPI_2": [
              "Succeeded"
            ]
          },
          "metadata": {
            "operationMetadataId": "e656c0bb-772b-4f76-a17b-498a1fbd011d"
          },
          "type": "Http",
          "inputs": {
            "method": "POST",
            "uri": "@{variables('Service_Url')}/api/v3/session/login",
            "headers": {
              "Content-Type": "application/x-www-form-urlencoded"
            },
            "body": "login=@{variables('UserName')}&password=@{variables('Password')}"
          }
        },
        "Parse_JSON": {
          "runAfter": {
            "Condition_to_update_ECC_record_when_success": [
              "Succeeded"
            ]
          },
          "metadata": {
            "operationMetadataId": "816822e8-0cf3-4d0e-a49d-0347f2e7fb87"
          },
          "type": "ParseJson",
          "inputs": {
            "content": "@body('HTTP_-_sessionlogin')",
            "schema": {
              "type": "object",
              "properties": {
                "sid": {
                  "type": "string"
                }
              }
            }
          }
        },
        "Add_a_ECC_Record_for_Message_Type:_AmbraUpdateGlobalSiteUpdateSiteContactAPI": {
          "runAfter": {
            "Parse_JSON": [
              "Succeeded"
            ]
          },
          "metadata": {
            "operationMetadataId": "6f57f461-fb86-4aac-bfea-0dd4e387eff0"
          },
          "type": "OpenApiConnection",
          "inputs": {
            "host": {
              "connectionName": "shared_commondataserviceforapps",
              "operationId": "CreateRecord",
              "apiId": "/providers/Microsoft.PowerApps/apis/shared_commondataserviceforapps"
            },
            "parameters": {
              "entityName": "mib_eccqueues",
              "item/mib_createddatetime": "@utcNow()",
              "item/mib_direction": 913380001,
              "item/mib_integrationmessagetype": 12,
              "item/mib_name": "Update Site Contact -  ",
              "item/mib_requestfor": 913380004,
              "item/mib_state": 913380004
            },
            "authentication": "@parameters('$authentication')"
          }
        },
        "List_rows_of_site_with_UUID": {
          "runAfter": {
            "Add_a_ECC_Record_for_Message_Type:_AmbraUpdateGlobalSiteUpdateSiteContactAPI": [
              "Succeeded"
            ]
          },
          "metadata": {
            "operationMetadataId": "06f235b5-d26f-41e1-bce8-64220ba2a434"
          },
          "type": "OpenApiConnection",
          "inputs": {
            "host": {
              "connectionName": "shared_commondataserviceforapps",
              "operationId": "ListRecords",
              "apiId": "/providers/Microsoft.PowerApps/apis/shared_commondataserviceforapps"
            },
            "parameters": {
              "entityName": "new_sites",
              "fetchXml": "<fetch version=\"1.0\" output-format=\"xml-platform\" mapping=\"logical\" distinct=\"true\">\n  <entity name=\"new_site\">\n    <attribute name=\"new_siteid\" />\n    <attribute name=\"new_sitename\" />\n    <attribute name=\"createdon\" />\n  <attribute name=\"mib_uuid\" />\n    <order attribute=\"new_sitename\" descending=\"false\" />\n    <filter type=\"and\">\n      <condition attribute=\"mib_uuid\" operator=\"not-null\" />\n    </filter>\n    <link-entity name=\"new_site_contact\" from=\"new_siteid\" to=\"new_siteid\" visible=\"false\" intersect=\"true\">\n      <link-entity name=\"contact\" from=\"contactid\" to=\"contactid\" alias=\"ab\">\n        <filter type=\"and\">\n          <condition attribute=\"emailaddress1\" operator=\"eq\" value=\"@{variables('Contact Email Address')}\" />\n        </filter>\n      </link-entity>\n    </link-entity>\n  </entity>\n</fetch>"
            },
            "authentication": "@parameters('$authentication')"
          }
        },
        "Condition_to_check_the_site_list_rows_is_empty": {
          "actions": {},
          "runAfter": {
            "Condition_5": [
              "Succeeded"
            ]
          },
          "else": {
            "actions": {
              "Condition": {
                "actions": {
                  "Run_a_Child_Flow": {
                    "runAfter": {},
                    "metadata": {
                      "operationMetadataId": "f6525ea6-bf5c-4291-99b8-e326b4691ce0"
                    },
                    "type": "Workflow",
                    "inputs": {
                      "host": {
                        "workflowReferenceName": "2ab29c3a-9b26-ec11-b6e5-000d3a33e3b6"
                      },
                      "body": {
                        "text": "@variables('Service_Url')",
                        "text_1": "@variables('UserName')",
                        "text_2": "@variables('Password')",
                        "text_3": "@variables('SiteAccountUUID')",
                        "text_4": "@variables('Parent UUID')",
                        "text_5": "@triggerOutputs()?['body/fullname']",
                        "text_6": "@variables('Contact GUID')",
                        "text_7": "@variables('Contact Email Address')",
                        "text_8": "@triggerOutputs()?['body/firstname']",
                        "text_9": "@triggerOutputs()?['body/lastname']",
                        "text_10": "@variables('ECC Queue Record GUID')"
                      }
                    }
                  }
                },
                "runAfter": {},
                "else": {
                  "actions": {
                    "Apply_to_each": {
                      "foreach": "@outputs('List_rows_of_site_with_UUID')?['body/value']",
                      "actions": {
                        "Condition_to_check_the_Status": {
                          "actions": {
                            "Update_Site_Contact_with_error_Status": {
                              "runAfter": {},
                              "metadata": {
                                "operationMetadataId": "2cff1310-615f-434e-925a-741619b8aba6"
                              },
                              "type": "OpenApiConnection",
                              "inputs": {
                                "host": {
                                  "connectionName": "shared_commondataserviceforapps_1",
                                  "operationId": "UpdateRecord",
                                  "apiId": "/providers/Microsoft.PowerApps/apis/shared_commondataserviceforapps"
                                },
                                "parameters": {
                                  "entityName": "contacts",
                                  "recordId": "@variables('Contact GUID')",
                                  "item/mib_status": "@{body('HTTP_-_Update_Site_Contact')?['status']} - @{body('HTTP_-_Update_Site_Contact')?['error_type']}",
                                  "item/mib_flowstate": 913380001
                                },
                                "authentication": "@parameters('$authentication')"
                              }
                            }
                          },
                          "runAfter": {
                            "Condition_to_update_ECC_record_when_success_1": [
                              "Succeeded"
                            ]
                          },
                          "else": {
                            "actions": {
                              "Update_a_row": {
                                "runAfter": {},
                                "metadata": {
                                  "operationMetadataId": "4167d176-cde8-41a2-940c-378b7653fccf"
                                },
                                "type": "OpenApiConnection",
                                "inputs": {
                                  "host": {
                                    "connectionName": "shared_commondataserviceforapps",
                                    "operationId": "UpdateRecord",
                                    "apiId": "/providers/Microsoft.PowerApps/apis/shared_commondataserviceforapps"
                                  },
                                  "parameters": {
                                    "entityName": "contacts",
                                    "recordId": "@variables('Contact GUID')",
                                    "item/mib_status": "In Sync",
                                    "item/mib_ambrauserid": "@variables('Ambra User ID')",
                                    "item/mib_flowstate": 913380001
                                  },
                                  "authentication": "@parameters('$authentication')"
                                }
                              }
                            }
                          },
                          "expression": {
                            "equals": [
                              "@toLower(body('HTTP_-_Update_Site_Contact')?['status'])",
                              "error"
                            ]
                          },
                          "metadata": {
                            "operationMetadataId": "efb88b7f-a999-49e2-9dce-e56a531fcfcf"
                          },
                          "type": "If"
                        },
                        "HTTP_-_Update_Site_Contact": {
                          "runAfter": {},
                          "metadata": {
                            "operationMetadataId": "d7d4fee3-8291-4703-b43c-37ad887d9c6c"
                          },
                          "type": "Http",
                          "inputs": {
                            "method": "POST",
                            "uri": "@{variables('Service_Url')}/api/v3/site/user/set",
                            "headers": {
                              "Content-Type": "application/x-www-form-urlencoded"
                            },
                            "body": "sid=@{body('Parse_JSON')?['sid']}&uuid=@{items('Apply_to_each')?['mib_uuid']}&user_id=@{triggerOutputs()?['body/mib_ambrauserid']}&email=@{variables('Contact Email Address')}",
                            "retryPolicy": {
                              "type": "none"
                            }
                          }
                        },
                        "Condition_to_update_ECC_record_when_failed": {
                          "actions": {
                            "Failed_Update_ECC_Record_for_Message_Type_:_AmbraUpdateGlobSiteContactAddSiteAPI": {
                              "runAfter": {},
                              "metadata": {
                                "operationMetadataId": "33fea9d0-ef58-4c94-aa24-84bb8993f151"
                              },
                              "type": "OpenApiConnection",
                              "inputs": {
                                "host": {
                                  "connectionName": "shared_commondataserviceforapps",
                                  "operationId": "UpdateRecord",
                                  "apiId": "/providers/Microsoft.PowerApps/apis/shared_commondataserviceforapps"
                                },
                                "parameters": {
                                  "entityName": "mib_eccqueues",
                                  "recordId": "@outputs('Add_a_ECC_Record_for_Message_Type:_AmbraUpdateGlobalSiteUpdateSiteContactAPI')?['body/mib_eccqueueid']",
                                  "item/mib_status": "@{body('HTTP_-_Update_Site_Contact')?['status']} - @{body('HTTP_-_Update_Site_Contact')?['error_type']}",
                                  "item/mib_body": "@body('HTTP_-_Update_Site_Contact')",
                                  "item/mib_headers": "@outputs('HTTP_-_Update_Site_Contact')['headers']",
                                  "item/mib_method": "POST",
                                  "item/mib_processeddatetime": "@utcNow()",
                                  "item/mib_relatedrecord_Contact_contact@odata.bind": "/contacts/@{variables('Contact GUID')}",
                                  "item/mib_state": 913380006
                                },
                                "authentication": "@parameters('$authentication')"
                              }
                            }
                          },
                          "runAfter": {
                            "HTTP_-_Update_Site_Contact": [
                              "Failed",
                              "TimedOut"
                            ]
                          },
                          "else": {
                            "actions": {
                              "Failed_Update_ECC_Record_for_Message_Type_:_AmbraUpdateGlobSiteContactAddSite": {
                                "runAfter": {},
                                "metadata": {
                                  "operationMetadataId": "33fea9d0-ef58-4c94-aa24-84bb8993f151"
                                },
                                "type": "OpenApiConnection",
                                "inputs": {
                                  "host": {
                                    "connectionName": "shared_commondataserviceforapps",
                                    "operationId": "UpdateRecord",
                                    "apiId": "/providers/Microsoft.PowerApps/apis/shared_commondataserviceforapps"
                                  },
                                  "parameters": {
                                    "entityName": "mib_eccqueues",
                                    "recordId": "@outputs('Add_a_ECC_Record_for_Message_Type:_AmbraUpdateGlobalSiteUpdateSiteContactAPI')?['body/mib_eccqueueid']",
                                    "item/mib_status": "@{body('HTTP_-_Update_Site_Contact')?['status']} - @{body('HTTP_-_Update_Site_Contact')?['error_type']}",
                                    "item/mib_body": "@body('HTTP_-_Update_Site_Contact')",
                                    "item/mib_ECCQueue@odata.bind": "/mib_eccqueues/@{triggerOutputs()?['body/mib_eccqueuerecordguid']}",
                                    "item/mib_headers": "@outputs('HTTP_-_Update_Site_Contact')['headers']",
                                    "item/mib_method": "POST",
                                    "item/mib_processeddatetime": "@utcNow()",
                                    "item/mib_relatedrecord_Contact_contact@odata.bind": "/contacts/@{variables('Contact GUID')}",
                                    "item/mib_state": 913380006
                                  },
                                  "authentication": "@parameters('$authentication')"
                                }
                              }
                            }
                          },
                          "expression": {
                            "equals": [
                              "@empty(triggerOutputs()?['body/mib_eccqueuerecordguid'])",
                              "@true"
                            ]
                          },
                          "metadata": {
                            "operationMetadataId": "8185f2dd-2be9-43fc-a68f-dcc2bd2b5e11"
                          },
                          "type": "If"
                        },
                        "Condition_to_update_ECC_record_when_success_1": {
                          "actions": {
                            "Update_ECC_Record_for_Message_Type_:_AmbraUpdateGlobalSiteContactAddSiteAPI": {
                              "runAfter": {},
                              "metadata": {
                                "operationMetadataId": "711c610d-b2d2-4363-9aad-362243702413"
                              },
                              "type": "OpenApiConnection",
                              "inputs": {
                                "host": {
                                  "connectionName": "shared_commondataserviceforapps",
                                  "operationId": "UpdateRecord",
                                  "apiId": "/providers/Microsoft.PowerApps/apis/shared_commondataserviceforapps"
                                },
                                "parameters": {
                                  "entityName": "mib_eccqueues",
                                  "recordId": "@outputs('Add_a_ECC_Record_for_Message_Type:_AmbraUpdateGlobalSiteUpdateSiteContactAPI')?['body/mib_eccqueueid']",
                                  "item/mib_status": "Integration Successful",
                                  "item/mib_body": "@body('HTTP_-_Update_Site_Contact')",
                                  "item/mib_headers": "@outputs('HTTP_-_Update_Site_Contact')['headers']",
                                  "item/mib_method": "POST",
                                  "item/mib_processeddatetime": "@utcNow()",
                                  "item/mib_relatedrecord_Contact_contact@odata.bind": "/contacts/@{variables('Contact GUID')}",
                                  "item/mib_state": 913380002
                                },
                                "authentication": "@parameters('$authentication')"
                              }
                            }
                          },
                          "runAfter": {
                            "Condition_to_update_ECC_record_when_failed": [
                              "Skipped"
                            ]
                          },
                          "else": {
                            "actions": {
                              "Update_ECC_Record_for_Message_Type_:_AmbraUpdateGlobalSiteContactAddSit": {
                                "runAfter": {},
                                "metadata": {
                                  "operationMetadataId": "711c610d-b2d2-4363-9aad-362243702413"
                                },
                                "type": "OpenApiConnection",
                                "inputs": {
                                  "host": {
                                    "connectionName": "shared_commondataserviceforapps",
                                    "operationId": "UpdateRecord",
                                    "apiId": "/providers/Microsoft.PowerApps/apis/shared_commondataserviceforapps"
                                  },
                                  "parameters": {
                                    "entityName": "mib_eccqueues",
                                    "recordId": "@outputs('Add_a_ECC_Record_for_Message_Type:_AmbraUpdateGlobalSiteUpdateSiteContactAPI')?['body/mib_eccqueueid']",
                                    "item/mib_status": "Integration Successful",
                                    "item/mib_body": "@body('HTTP_-_Update_Site_Contact')",
                                    "item/mib_ECCQueue@odata.bind": "/mib_eccqueues/@{triggerOutputs()?['body/mib_eccqueuerecordguid']}",
                                    "item/mib_headers": "@outputs('HTTP_-_Update_Site_Contact')['headers']",
                                    "item/mib_method": "POST",
                                    "item/mib_processeddatetime": "@utcNow()",
                                    "item/mib_relatedrecord_Contact_contact@odata.bind": "/contacts/@{variables('Contact GUID')}",
                                    "item/mib_state": 913380002
                                  },
                                  "authentication": "@parameters('$authentication')"
                                }
                              }
                            }
                          },
                          "expression": {
                            "equals": [
                              "@empty(triggerOutputs()?['body/mib_eccqueuerecordguid'])",
                              "@true"
                            ]
                          },
                          "metadata": {
                            "operationMetadataId": "b95d4f94-73fa-47b1-ae2f-27ada7f6f1cc"
                          },
                          "type": "If"
                        }
                      },
                      "runAfter": {},
                      "metadata": {
                        "operationMetadataId": "137b358c-9226-42ba-960e-71c6edbef4ee"
                      },
                      "type": "Foreach"
                    }
                  }
                },
                "expression": {
                  "equals": [
                    "@empty(variables('Ambra User ID'))",
                    true
                  ]
                },
                "metadata": {
                  "operationMetadataId": "c287c3f7-502f-43df-b879-a6b04b25dac8"
                },
                "type": "If"
              }
            }
          },
          "expression": {
            "equals": [
              "@empty(outputs('List_rows_of_site_with_UUID')?['body/value'])",
              "@true"
            ]
          },
          "metadata": {
            "operationMetadataId": "0ba8218b-71b6-4e5d-9056-770368017e62"
          },
          "type": "If"
        },
        "HTTP_Session_Login_Failed": {
          "actions": {
            "Failed_Update_ECC_Record_for_Message_Type:_AmbraUpdateGlobSiteContact-SessionAPI": {
              "runAfter": {},
              "metadata": {
                "operationMetadataId": "3225cc3b-4950-4fb8-992f-7833c02e9d54"
              },
              "type": "OpenApiConnection",
              "inputs": {
                "host": {
                  "connectionName": "shared_commondataserviceforapps",
                  "operationId": "UpdateRecord",
                  "apiId": "/providers/Microsoft.PowerApps/apis/shared_commondataserviceforapps"
                },
                "parameters": {
                  "entityName": "mib_eccqueues",
                  "recordId": "@outputs('Add_a_ECC_Record_for_Message_Type:_AmbraUpdateGlobalSiteContact-SessionAPI_2')?['body/mib_eccqueueid']",
                  "item/mib_status": "HTTP Session Login Failed",
                  "item/mib_body": "@body('HTTP_-_sessionlogin')",
                  "item/mib_headers": "@outputs('HTTP_-_sessionlogin')['headers']",
                  "item/mib_method": "POST",
                  "item/mib_processeddatetime": "@utcNow()",
                  "item/mib_relatedrecord_Contact_contact@odata.bind": "/contacts/@{triggerOutputs()?['body/contactid']}",
                  "item/mib_state": 913380006
                },
                "authentication": "@parameters('$authentication')"
              }
            },
            "Update_Site_Contact_-_HTTP_Session_Login_Failed": {
              "runAfter": {
                "Failed_Update_ECC_Record_for_Message_Type:_AmbraUpdateGlobSiteContact-SessionAPI": [
                  "Succeeded",
                  "Failed",
                  "TimedOut"
                ]
              },
              "metadata": {
                "operationMetadataId": "e1b43f69-7243-459e-8587-44f94ebd4c26"
              },
              "type": "OpenApiConnection",
              "inputs": {
                "host": {
                  "connectionName": "shared_commondataserviceforapps_1",
                  "operationId": "UpdateRecord",
                  "apiId": "/providers/Microsoft.PowerApps/apis/shared_commondataserviceforapps"
                },
                "parameters": {
                  "entityName": "contacts",
                  "recordId": "@triggerOutputs()?['body/contactid']",
                  "item/mib_status": "HTTP Session Login Failed",
                  "item/mib_flowstate": 913380001
                },
                "authentication": "@parameters('$authentication')"
              }
            },
            "Return_to_caller_-_HTTP_Session_Login_Failed": {
              "runAfter": {
                "Condition_6": [
                  "Succeeded"
                ]
              },
              "metadata": {
                "operationMetadataId": "0ba3ffbe-d0d7-4687-b9e8-0a901173c3ed"
              },
              "type": "Response",
              "kind": "PowerApp",
              "inputs": {
                "statusCode": 200,
                "body": {
                  "status": "500"
                },
                "schema": {
                  "type": "object",
                  "properties": {
                    "status": {
                      "title": "Status",
                      "x-ms-dynamically-added": true,
                      "type": "string"
                    }
                  }
                }
              }
            },
            "Terminate_-_HTTP_Session_Login_Failed": {
              "runAfter": {
                "Return_to_caller_-_HTTP_Session_Login_Failed": [
                  "Succeeded"
                ]
              },
              "metadata": {
                "operationMetadataId": "17bac1b1-5413-496d-afb9-bbcd9c687c0a"
              },
              "type": "Terminate",
              "inputs": {
                "runStatus": "Failed"
              }
            },
            "Condition_6": {
              "actions": {},
              "runAfter": {
                "Update_Site_Contact_-_HTTP_Session_Login_Failed": [
                  "Succeeded"
                ]
              },
              "else": {
                "actions": {
                  "Update_ECC_queue_retry_record_-_Integration_Failed_1": {
                    "runAfter": {},
                    "metadata": {
                      "operationMetadataId": "290d392c-8da6-45b0-bc7a-a0d3613495e0"
                    },
                    "type": "OpenApiConnection",
                    "inputs": {
                      "host": {
                        "connectionName": "shared_commondataserviceforapps_1",
                        "operationId": "UpdateRecord",
                        "apiId": "/providers/Microsoft.PowerApps/apis/shared_commondataserviceforapps"
                      },
                      "parameters": {
                        "entityName": "mib_eccqueues",
                        "recordId": "@outputs('Update_Site_Contact_-_HTTP_Session_Login_Failed')?['body/mib_eccqueuerecordguid']",
                        "item/mib_status": "Update site contact session login failed",
                        "item/mib_flowstate": 913380001,
                        "item/mib_isretry": true,
                        "item/mib_relatedrecord_Contact_contact@odata.bind": "/contacts/@{triggerOutputs()?['body/contactid']}",
                        "item/mib_state": 913380006
                      },
                      "authentication": "@parameters('$authentication')"
                    }
                  },
                  "Failed_Update_ECC_Record_for_Message_Type:_AmbraAddGlobalSiteContact-Sessio": {
                    "runAfter": {
                      "Update_ECC_queue_retry_record_-_Integration_Failed_1": [
                        "Succeeded"
                      ]
                    },
                    "metadata": {
                      "operationMetadataId": "cd91d9f0-6795-4e10-bc69-65be36883fd3"
                    },
                    "type": "OpenApiConnection",
                    "inputs": {
                      "host": {
                        "connectionName": "shared_commondataserviceforapps",
                        "operationId": "UpdateRecord",
                        "apiId": "/providers/Microsoft.PowerApps/apis/shared_commondataserviceforapps"
                      },
                      "parameters": {
                        "entityName": "mib_eccqueues",
                        "recordId": "@outputs('Add_a_ECC_Record_for_Message_Type:_AmbraUpdateGlobalSiteContact-SessionAPI_2')?['body/mib_eccqueueid']",
                        "item/mib_body": "@body('HTTP_-_sessionlogin')",
                        "item/mib_ECCQueue@odata.bind": "/mib_eccqueues/@{outputs('Update_Site_Contact_-_HTTP_Session_Login_Failed')?['body/mib_eccqueuerecordguid']}",
                        "item/mib_headers": "@outputs('HTTP_-_sessionlogin')['headers']",
                        "item/mib_method": "POST",
                        "item/mib_name": "Site Contact - @{outputs('Update_Site_Contact_-_HTTP_Session_Login_Failed')?['body/contactid']}",
                        "item/mib_processeddatetime": "@utcNow()",
                        "item/mib_relatedrecord_Contact_contact@odata.bind": "/contacts/@{outputs('Update_Site_Contact_-_HTTP_Session_Login_Failed')?['body/contactid']}",
                        "item/mib_state": 913380006
                      },
                      "authentication": "@parameters('$authentication')"
                    }
                  }
                }
              },
              "expression": {
                "equals": [
                  "@empty(outputs('Update_Site_Contact_-_HTTP_Session_Login_Failed')?['body/mib_eccqueuerecordguid'])",
                  "@true"
                ]
              },
              "metadata": {
                "operationMetadataId": "0005bce7-3f98-43c1-b71a-1d5c03421332"
              },
              "type": "If"
            }
          },
          "runAfter": {
            "HTTP_-_sessionlogin": [
              "Failed",
              "TimedOut"
            ]
          },
          "metadata": {
            "operationMetadataId": "684e85a3-f17b-40cb-96f5-d41f516d0eee"
          },
          "type": "Scope"
        },
        "Apply_to_each_2": {
          "foreach": "@outputs('List_rows_of_site_with_UUID')?['body/value']",
          "actions": {
            "Set_variable": {
              "runAfter": {},
              "metadata": {
                "operationMetadataId": "8148d9a1-a227-4dd8-879d-a8f029827f97"
              },
              "type": "SetVariable",
              "inputs": {
                "name": "Parent UUID",
                "value": "@items('Apply_to_each_2')?['mib_uuid']"
              }
            }
          },
          "runAfter": {
            "List_rows_of_site_with_UUID": [
              "Succeeded"
            ]
          },
          "metadata": {
            "operationMetadataId": "93c19f19-44d6-4af1-b9c2-b7a4a95e6758"
          },
          "type": "Foreach"
        },
        "Condition_to_update_ECC_record_when_success": {
          "actions": {
            "Update_ECC_Record_for_Message_Type:_AmbraUpdateGlobalSiteContact-SessionAPI": {
              "runAfter": {},
              "metadata": {
                "operationMetadataId": "e4761b94-cfaf-4026-8fad-5aa1f04e2d4c"
              },
              "type": "OpenApiConnection",
              "inputs": {
                "host": {
                  "connectionName": "shared_commondataserviceforapps",
                  "operationId": "UpdateRecord",
                  "apiId": "/providers/Microsoft.PowerApps/apis/shared_commondataserviceforapps"
                },
                "parameters": {
                  "entityName": "mib_eccqueues",
                  "recordId": "@outputs('Add_a_ECC_Record_for_Message_Type:_AmbraUpdateGlobalSiteContact-SessionAPI_2')?['body/mib_eccqueueid']",
                  "item/mib_status": "HTTP Session Login Successful",
                  "item/mib_body": "@body('HTTP_-_sessionlogin')",
                  "item/mib_headers": "@outputs('HTTP_-_sessionlogin')['headers']",
                  "item/mib_method": "POST",
                  "item/mib_processeddatetime": "@utcNow()",
                  "item/mib_relatedrecord_Contact_contact@odata.bind": "/contacts/@{variables('Contact GUID')}",
                  "item/mib_state": 913380002
                },
                "authentication": "@parameters('$authentication')"
              }
            }
          },
          "runAfter": {
            "HTTP_Session_Login_Failed": [
              "Skipped"
            ]
          },
          "else": {
            "actions": {
              "Update_ECC_Record_for_Message_Type:_AmbraUpdateGlobalSiteContact-SessionAPI_2": {
                "runAfter": {},
                "metadata": {
                  "operationMetadataId": "e4761b94-cfaf-4026-8fad-5aa1f04e2d4c"
                },
                "type": "OpenApiConnection",
                "inputs": {
                  "host": {
                    "connectionName": "shared_commondataserviceforapps",
                    "operationId": "UpdateRecord",
                    "apiId": "/providers/Microsoft.PowerApps/apis/shared_commondataserviceforapps"
                  },
                  "parameters": {
                    "entityName": "mib_eccqueues",
                    "recordId": "@outputs('Add_a_ECC_Record_for_Message_Type:_AmbraUpdateGlobalSiteContact-SessionAPI_2')?['body/mib_eccqueueid']",
                    "item/mib_status": "HTTP Session Login Successful",
                    "item/mib_body": "@body('HTTP_-_sessionlogin')",
                    "item/mib_ECCQueue@odata.bind": "/mib_eccqueues/@{triggerOutputs()?['body/mib_eccqueuerecordguid']}",
                    "item/mib_headers": "@outputs('HTTP_-_sessionlogin')['headers']",
                    "item/mib_method": "POST",
                    "item/mib_processeddatetime": "@utcNow()",
                    "item/mib_relatedrecord_Contact_contact@odata.bind": "/contacts/@{variables('Contact GUID')}",
                    "item/mib_state": 913380002
                  },
                  "authentication": "@parameters('$authentication')"
                }
              }
            }
          },
          "expression": {
            "equals": [
              "@empty(triggerOutputs()?['body/mib_eccqueuerecordguid'])",
              "@true"
            ]
          },
          "metadata": {
            "operationMetadataId": "c42601b1-23ec-43f8-8182-607a4d254ab6"
          },
          "type": "If"
        },
        "Initialize_variable_-_Blank_Value": {
          "runAfter": {
            "Initialize_variable": [
              "Succeeded"
            ]
          },
          "metadata": {
            "operationMetadataId": "7fdef036-0b0d-4032-bef4-dba7e07d6439"
          },
          "type": "InitializeVariable",
          "inputs": {
            "variables": [
              {
                "name": "Blank Value",
                "type": "string"
              }
            ]
          }
        },
        "Initialize_variable_ECC_queue_record_GUID": {
          "runAfter": {
            "Initialize_variable_-_Blank_Value": [
              "Succeeded"
            ]
          },
          "metadata": {
            "operationMetadataId": "5d6c6fbf-7922-4a81-83e0-b8081cee21be"
          },
          "type": "InitializeVariable",
          "inputs": {
            "variables": [
              {
                "name": "ECC Queue Record GUID",
                "type": "string"
              }
            ]
          }
        },
        "Condition_5": {
          "actions": {
            "Set_variable_12": {
              "runAfter": {},
              "metadata": {
                "operationMetadataId": "670b4c83-b9a1-4ec1-a6d6-02a65c38c2c6"
              },
              "type": "SetVariable",
              "inputs": {
                "name": "ECC Queue Record GUID",
                "value": "@variables('Blank Value')"
              }
            }
          },
          "runAfter": {
            "Apply_to_each_2": [
              "Succeeded"
            ]
          },
          "else": {
            "actions": {
              "Set_variable_11": {
                "runAfter": {},
                "metadata": {
                  "operationMetadataId": "c972f3c8-59be-432d-8eaa-d4d8b190c674"
                },
                "type": "SetVariable",
                "inputs": {
                  "name": "ECC Queue Record GUID",
                  "value": "@triggerOutputs()?['body/mib_eccqueuerecordguid']"
                }
              }
            }
          },
          "expression": {
            "equals": [
              "@empty(triggerOutputs()?['body/mib_eccqueuerecordguid'])",
              "@true"
            ]
          },
          "metadata": {
            "operationMetadataId": "016d365c-e3ec-4bf9-b11a-096bed0a5d44"
          },
          "type": "If"
        }
      },
      "outputs": {}
    }
  },
  "schemaVersion": "1.0.0.0"
}