{
  "properties": {
    "connectionReferences": {
      "shared_commondataserviceforapps": {
        "runtimeSource": "embedded",
        "connection": {
          "connectionReferenceLogicalName": "mib_MicrosoftDataverseMIBAdmin"
        },
        "api": {
          "name": "shared_commondataserviceforapps"
        }
      }
    },
    "definition": {
      "$schema": "https://schema.management.azure.com/providers/Microsoft.Logic/schemas/2016-06-01/workflowdefinition.json#",
      "contentVersion": "1.0.0.0",
      "parameters": {
        "$connections": {
          "defaultValue": {},
          "type": "Object"
        },
        "$authentication": {
          "defaultValue": {},
          "type": "SecureObject"
        }
      },
      "triggers": {
        "When_a_row_is_added,_modified_or_deleted": {
          "metadata": {
            "operationMetadataId": "e53ca493-999d-4fb3-a07c-c4b7a7f662d5"
          },
          "type": "OpenApiConnectionWebhook",
          "inputs": {
            "host": {
              "connectionName": "shared_commondataserviceforapps",
              "operationId": "SubscribeWebhookTrigger",
              "apiId": "/providers/Microsoft.PowerApps/apis/shared_commondataserviceforapps"
            },
            "parameters": {
              "subscriptionRequest/message": 1,
              "subscriptionRequest/entityname": "new_studyversion",
              "subscriptionRequest/scope": 4
            },
            "authentication": "@parameters('$authentication')"
          }
        }
      },
      "actions": {
        "List_Dicom_Tags": {
          "runAfter": {
            "Update_a_row_-_Study_Configuration_(Anonymized_Tags_Status_is_equal_In_Progess)": [
              "Succeeded"
            ]
          },
          "metadata": {
            "operationMetadataId": "0ca21e21-d3c5-4a5f-ba99-dfb947583add"
          },
          "type": "OpenApiConnection",
          "inputs": {
            "host": {
              "connectionName": "shared_commondataserviceforapps",
              "operationId": "ListRecords",
              "apiId": "/providers/Microsoft.PowerApps/apis/shared_commondataserviceforapps"
            },
            "parameters": {
              "entityName": "new_dicomtagses",
              "$filter": "mib_isanonymized eq true or mib_isblinded eq true"
            },
            "authentication": "@parameters('$authentication')"
          }
        },
        "Initialize_variable-_Total_Dicom_Tags": {
          "runAfter": {
            "List_Dicom_Tags": [
              "Succeeded"
            ]
          },
          "metadata": {
            "operationMetadataId": "c912d966-4352-4288-8cc2-0d715a1366fb"
          },
          "type": "InitializeVariable",
          "inputs": {
            "variables": [
              {
                "name": "Total Dicom tags",
                "type": "integer",
                "value": "@length(body('List_Dicom_Tags')?['value'])"
              }
            ]
          }
        },
        "Check_Condition-_Total_Dicom_Tags_Count_is_greater_than_0": {
          "actions": {
            "Apply_to_each_-_Dicom_Tags": {
              "foreach": "@outputs('List_Dicom_Tags')?['body/value']",
              "actions": {
                "Add_a_new_record_in_Anonymized_DICOM_Tags": {
                  "runAfter": {},
                  "metadata": {
                    "operationMetadataId": "e577bf57-fc11-4276-bd06-3afc04b5fd97"
                  },
                  "type": "OpenApiConnection",
                  "inputs": {
                    "host": {
                      "connectionName": "shared_commondataserviceforapps",
                      "operationId": "CreateRecord",
                      "apiId": "/providers/Microsoft.PowerApps/apis/shared_commondataserviceforapps"
                    },
                    "parameters": {
                      "entityName": "mib_anonymizeddicomtagses",
                      "item/mib_dicomtag@odata.bind": "/new_dicomtagses(@{items('Apply_to_each_-_Dicom_Tags')?['new_dicomtagsid']})",
                      "item/mib_name": "@items('Apply_to_each_-_Dicom_Tags')?['new_dicomname']",
                      "item/mib_studyconfiguration@odata.bind": "/new_studyversions(@{triggerOutputs()?['body/new_studyversionid']})",
                      "item/mib_candeleted": false,
                      "item/mib_isanonymized": "@items('Apply_to_each_-_Dicom_Tags')?['mib_isanonymized']",
                      "item/mib_isblinded": "@items('Apply_to_each_-_Dicom_Tags')?['mib_isblinded']",
                      "item/mib_keyword": "@items('Apply_to_each_-_Dicom_Tags')?['new_keyword']",
                      "item/mib_softdelete": false,
                      "item/mib_softdeletepicklist": 2,
                      "item/mib_tag": "@items('Apply_to_each_-_Dicom_Tags')?['new_tag']",
                      "item/mib_vm": "@items('Apply_to_each_-_Dicom_Tags')?['new_vm']",
                      "item/mib_vr": "@items('Apply_to_each_-_Dicom_Tags')?['new_vr']"
                    },
                    "authentication": "@parameters('$authentication')"
                  }
                },
                "Increment_variable_-_FaliureCount": {
                  "runAfter": {
                    "Add_a_new_record_in_Anonymized_DICOM_Tags": [
                      "Failed",
                      "TimedOut"
                    ]
                  },
                  "metadata": {
                    "operationMetadataId": "aa7fe900-7868-4600-9366-c572561fc830"
                  },
                  "type": "IncrementVariable",
                  "inputs": {
                    "name": "FaliureCount",
                    "value": 1
                  }
                }
              },
              "runAfter": {},
              "metadata": {
                "operationMetadataId": "ed22f211-eba1-4b5b-8744-f5f09a75b2be"
              },
              "type": "Foreach"
            },
            "Condition_-FailureCount_is_equal_0": {
              "actions": {
                "Update_a_row-_Study_Configuration(Anonymized_Tags_Status_is_equal_Success)": {
                  "runAfter": {},
                  "metadata": {
                    "operationMetadataId": "812c8c5e-9d62-42b8-93ca-1d08382eafa2"
                  },
                  "type": "OpenApiConnection",
                  "inputs": {
                    "host": {
                      "connectionName": "shared_commondataserviceforapps",
                      "operationId": "UpdateRecord",
                      "apiId": "/providers/Microsoft.PowerApps/apis/shared_commondataserviceforapps"
                    },
                    "parameters": {
                      "entityName": "new_studyversions",
                      "recordId": "@outputs('Update_a_row_-_Study_Configuration_(Anonymized_Tags_Status_is_equal_In_Progess)')?['body/new_studyversionid']",
                      "item/mib_anonymizedtagsstatus": 2
                    },
                    "authentication": "@parameters('$authentication')"
                  }
                }
              },
              "runAfter": {
                "Apply_to_each_-_Dicom_Tags": [
                  "Succeeded"
                ]
              },
              "else": {
                "actions": {
                  "Update_a_row-_Study_Configuration(Anonymized_Tags_Status_is_equal_Failed)": {
                    "runAfter": {},
                    "metadata": {
                      "operationMetadataId": "c314a5be-de2b-436b-a94f-da76a52c7eb6"
                    },
                    "type": "OpenApiConnection",
                    "inputs": {
                      "host": {
                        "connectionName": "shared_commondataserviceforapps",
                        "operationId": "UpdateRecord",
                        "apiId": "/providers/Microsoft.PowerApps/apis/shared_commondataserviceforapps"
                      },
                      "parameters": {
                        "entityName": "new_studyversions",
                        "recordId": "@outputs('Update_a_row_-_Study_Configuration_(Anonymized_Tags_Status_is_equal_In_Progess)')?['body/new_studyversionid']",
                        "item/mib_anonymizedtagsstatus": 3
                      },
                      "authentication": "@parameters('$authentication')"
                    }
                  }
                }
              },
              "expression": {
                "equals": [
                  "@variables('FaliureCount')",
                  0
                ]
              },
              "metadata": {
                "operationMetadataId": "964891ec-0457-4ee9-ac85-37b329db5bf2"
              },
              "type": "If"
            }
          },
          "runAfter": {
            "Initialize_variable-_Total_Dicom_Tags": [
              "Succeeded"
            ]
          },
          "expression": {
            "greater": [
              "@variables('Total Dicom tags')",
              0
            ]
          },
          "metadata": {
            "operationMetadataId": "9390fa01-ee6e-4dcb-8c9f-b15f4e92e02d"
          },
          "type": "If"
        },
        "Update_a_row_-_Study_Configuration_(Anonymized_Tags_Status_is_equal_In_Progess)": {
          "runAfter": {
            "Initialize_variable_-_FaliureCount": [
              "Succeeded"
            ]
          },
          "metadata": {
            "operationMetadataId": "712f12de-9bb8-419f-b0de-cd034cef83bc"
          },
          "type": "OpenApiConnection",
          "inputs": {
            "host": {
              "connectionName": "shared_commondataserviceforapps",
              "operationId": "UpdateRecord",
              "apiId": "/providers/Microsoft.PowerApps/apis/shared_commondataserviceforapps"
            },
            "parameters": {
              "entityName": "new_studyversions",
              "recordId": "@triggerOutputs()?['body/new_studyversionid']",
              "item/mib_anonymizedtagsstatus": 1
            },
            "authentication": "@parameters('$authentication')"
          }
        },
        "Initialize_variable_-_FaliureCount": {
          "runAfter": {
            "If_study_configuration_is_being_cloned,_do_not_proceed": [
              "Succeeded"
            ]
          },
          "metadata": {
            "operationMetadataId": "894826f3-c34b-43af-b120-fe67ba745e2e"
          },
          "type": "InitializeVariable",
          "inputs": {
            "variables": [
              {
                "name": "FaliureCount",
                "type": "integer",
                "value": 0
              }
            ]
          }
        },
        "If_study_configuration_is_being_cloned,_do_not_proceed": {
          "actions": {
            "Terminate_-_Study_configuration_version_cloning_is_in_progress": {
              "runAfter": {},
              "metadata": {
                "operationMetadataId": "a1739dae-9d27-4f07-b143-0d217fece25d"
              },
              "type": "Terminate",
              "inputs": {
                "runStatus": "Cancelled"
              }
            }
          },
          "runAfter": {},
          "expression": {
            "equals": [
              "@triggerOutputs()?['body/mib_status']",
              7
            ]
          },
          "metadata": {
            "operationMetadataId": "688f0863-9719-4814-83b9-658d4f2dd762"
          },
          "type": "If"
        }
      },
      "outputs": {}
    }
  },
  "schemaVersion": "1.0.0.0"
}