{
  "properties": {
    "connectionReferences": {
      "shared_commondataserviceforapps": {
        "runtimeSource": "embedded",
        "connection": {
          "connectionReferenceLogicalName": "mib_MicrosoftDataverseMIBAdmin"
        },
        "api": {
          "name": "shared_commondataserviceforapps"
        }
      }
    },
    "definition": {
      "$schema": "https://schema.management.azure.com/providers/Microsoft.Logic/schemas/2016-06-01/workflowdefinition.json#",
      "contentVersion": "1.0.0.0",
      "parameters": {
        "$connections": {
          "defaultValue": {},
          "type": "Object"
        },
        "$authentication": {
          "defaultValue": {},
          "type": "SecureObject"
        }
      },
      "triggers": {
        "manual": {
          "metadata": {
            "operationMetadataId": "6e3d5757-bc75-437b-b563-b196a63daaca"
          },
          "type": "Request",
          "kind": "Button",
          "inputs": {
            "schema": {
              "type": "object",
              "properties": {
                "text": {
                  "title": "Task UUID",
                  "type": "string",
                  "x-ms-dynamically-added": true,
                  "description": "7d8b9e7a-e487-47c1-b575-fd2a1be9e94d",
                  "x-ms-content-hint": "TEXT"
                }
              },
              "required": [
                "text"
              ]
            }
          }
        }
      },
      "actions": {
        "Run_a_Child_Flow": {
          "runAfter": {},
          "metadata": {
            "operationMetadataId": "748b7d74-88e9-4717-8aa7-6e277b493f5b"
          },
          "type": "Workflow",
          "inputs": {
            "host": {
              "workflowReferenceName": "3a5ef36b-51f4-eb11-94ef-0022481e1e3c"
            }
          }
        },
        "HTTP": {
          "runAfter": {
            "Compose_SID": [
              "Succeeded"
            ]
          },
          "metadata": {
            "operationMetadataId": "8941fb83-80ab-4adb-9145-2ac2f27177e1"
          },
          "type": "Http",
          "inputs": {
            "method": "GET",
            "uri": "@{outputs('Compose_ServiceURL')}/api/v3/qctask/get?sid=@{outputs('Compose_SID')}&uuid=@{triggerBody()['text']}"
          }
        },
        "Compose_ServiceURL": {
          "runAfter": {
            "Run_a_Child_Flow": [
              "Succeeded"
            ]
          },
          "metadata": {
            "operationMetadataId": "fb01dea9-e004-4288-b4a1-5fa09b6ed391"
          },
          "type": "Compose",
          "inputs": "@body('Run_a_Child_Flow')?['Service_Url']"
        },
        "Compose_SID": {
          "runAfter": {
            "Compose_ServiceURL": [
              "Succeeded"
            ]
          },
          "metadata": {
            "operationMetadataId": "606fa9b0-0303-4a5d-97af-7b3ca81bd785"
          },
          "type": "Compose",
          "inputs": "@body('Run_a_Child_Flow')?['SID']"
        },
        "Compose": {
          "runAfter": {
            "HTTP": [
              "Succeeded"
            ]
          },
          "metadata": {
            "operationMetadataId": "4e84d6a6-9980-42f1-b809-95f01417fb33"
          },
          "type": "Compose",
          "inputs": "@body('HTTP')"
        },
        "Parse_JSON": {
          "runAfter": {
            "Compose": [
              "Succeeded"
            ]
          },
          "metadata": {
            "operationMetadataId": "5ec71248-3eab-40d1-a5b8-e6b295bfddce"
          },
          "type": "ParseJson",
          "inputs": {
            "content": "@body('HTTP')",
            "schema": {
              "type": "object",
              "properties": {
                "type": {
                  "type": "string"
                },
                "properties": {
                  "type": "object",
                  "properties": {
                    "priority": {
                      "type": "object",
                      "properties": {
                        "type": {
                          "type": "string"
                        }
                      }
                    },
                    "created": {
                      "type": "object",
                      "properties": {
                        "type": {
                          "type": "string"
                        }
                      }
                    },
                    "query_id": {
                      "type": "object",
                      "properties": {}
                    },
                    "qctask_status": {
                      "type": "object",
                      "properties": {
                        "type": {
                          "type": "string"
                        }
                      }
                    },
                    "message": {
                      "type": "object",
                      "properties": {}
                    },
                    "uuid": {
                      "type": "object",
                      "properties": {
                        "type": {
                          "type": "string"
                        }
                      }
                    },
                    "status": {
                      "type": "object",
                      "properties": {
                        "type": {
                          "type": "string"
                        }
                      }
                    },
                    "namespace_id": {
                      "type": "object",
                      "properties": {
                        "type": {
                          "type": "string"
                        }
                      }
                    },
                    "user_id": {
                      "type": "object",
                      "properties": {}
                    },
                    "studies": {
                      "type": "object",
                      "properties": {
                        "type": {
                          "type": "string"
                        }
                      }
                    }
                  }
                }
              }
            }
          }
        },
        "List_rows": {
          "runAfter": {
            "Parse_JSON": [
              "Succeeded"
            ]
          },
          "metadata": {
            "operationMetadataId": "8147e30d-55a7-42f0-a0a8-49f7be12aca6"
          },
          "type": "OpenApiConnection",
          "inputs": {
            "host": {
              "connectionName": "shared_commondataserviceforapps",
              "operationId": "ListRecords",
              "apiId": "/providers/Microsoft.PowerApps/apis/shared_commondataserviceforapps"
            },
            "parameters": {
              "entityName": "mib_tasks",
              "$filter": "mib_name eq '@{triggerBody()['text']}'"
            },
            "authentication": {
              "type": "Raw",
              "value": "@json(decodeBase64(triggerOutputs().headers['X-MS-APIM-Tokens']))['$ConnectionKey']"
            }
          }
        },
        "Apply_to_each": {
          "foreach": "@outputs('List_rows')?['body/value']",
          "actions": {
            "Update_a_row": {
              "runAfter": {},
              "metadata": {
                "operationMetadataId": "26604c87-c81b-430b-9d70-605388a21d90"
              },
              "type": "OpenApiConnection",
              "inputs": {
                "host": {
                  "connectionName": "shared_commondataserviceforapps",
                  "operationId": "UpdateRecord",
                  "apiId": "/providers/Microsoft.PowerApps/apis/shared_commondataserviceforapps"
                },
                "parameters": {
                  "entityName": "mib_tasks",
                  "recordId": "@items('Apply_to_each')?['mib_name']",
                  "item/mib_message": "\"Updated a row\""
                },
                "authentication": {
                  "type": "Raw",
                  "value": "@json(decodeBase64(triggerOutputs().headers['X-MS-APIM-Tokens']))['$ConnectionKey']"
                }
              }
            }
          },
          "runAfter": {
            "List_rows": [
              "Succeeded"
            ]
          },
          "metadata": {
            "operationMetadataId": "a644639b-abe4-43a0-948d-59c7fe22ef54"
          },
          "type": "Foreach"
        }
      }
    }
  },
  "schemaVersion": "1.0.0.0"
}