{
  "properties": {
    "connectionReferences": {
      "shared_commondataserviceforapps": {
        "runtimeSource": "embedded",
        "connection": {
          "connectionReferenceLogicalName": "mib_MicrosoftDataverseMIBAdmin"
        },
        "api": {
          "name": "shared_commondataserviceforapps"
        }
      },
      "shared_commondataserviceforapps_1": {
        "runtimeSource": "embedded",
        "connection": {
          "connectionReferenceLogicalName": "mib_MicrosoftDataverseMIBAdmin"
        },
        "api": {
          "name": "shared_commondataserviceforapps"
        }
      }
    },
    "definition": {
      "$schema": "https://schema.management.azure.com/providers/Microsoft.Logic/schemas/2016-06-01/workflowdefinition.json#",
      "contentVersion": "1.0.0.0",
      "parameters": {
        "$connections": {
          "defaultValue": {},
          "type": "Object"
        },
        "$authentication": {
          "defaultValue": {},
          "type": "SecureObject"
        }
      },
      "triggers": {
        "manual": {
          "metadata": {
            "operationMetadataId": "692dd904-fcda-4bd5-884b-002f80ecb8d5"
          },
          "type": "Request",
          "kind": "Button",
          "inputs": {
            "schema": {
              "type": "object",
              "properties": {
                "text": {
                  "title": "Service_Url",
                  "type": "string",
                  "x-ms-dynamically-added": true,
                  "description": "Service_Url",
                  "x-ms-content-hint": "TEXT"
                },
                "text_1": {
                  "title": "UserName",
                  "type": "string",
                  "x-ms-dynamically-added": true,
                  "description": "UserName",
                  "x-ms-content-hint": "TEXT"
                },
                "text_2": {
                  "title": "Password",
                  "type": "string",
                  "x-ms-dynamically-added": true,
                  "description": "Password",
                  "x-ms-content-hint": "TEXT"
                },
                "text_3": {
                  "title": "account_UUID",
                  "type": "string",
                  "x-ms-dynamically-added": true,
                  "description": "account_UUID",
                  "x-ms-content-hint": "TEXT"
                },
                "text_4": {
                  "title": "group_id",
                  "type": "string",
                  "x-ms-dynamically-added": true,
                  "description": "group_id",
                  "x-ms-content-hint": "TEXT"
                },
                "text_5": {
                  "title": "user_id",
                  "type": "string",
                  "x-ms-dynamically-added": true,
                  "description": "user_id",
                  "x-ms-content-hint": "TEXT"
                },
                "text_7": {
                  "title": "role_name",
                  "type": "string",
                  "x-ms-dynamically-added": true,
                  "description": "role_name",
                  "x-ms-content-hint": "TEXT"
                },
                "text_6": {
                  "title": "study_site_contact_uuid",
                  "type": "string",
                  "x-ms-dynamically-added": true,
                  "description": "study_site_contact_uuid",
                  "x-ms-content-hint": "TEXT"
                },
                "text_8": {
                  "title": "Is Retry",
                  "type": "string",
                  "x-ms-dynamically-added": true,
                  "description": "Is Retry",
                  "x-ms-content-hint": "TEXT"
                },
                "text_9": {
                  "title": "ECC Queue Record GUID",
                  "type": "string",
                  "x-ms-dynamically-added": true,
                  "description": "ECC Queue Record GUID",
                  "x-ms-content-hint": "TEXT"
                }
              },
              "required": [
                "text",
                "text_1",
                "text_2",
                "text_3",
                "text_4",
                "text_5",
                "text_7",
                "text_6"
              ]
            },
            "headersSchema": {
              "x-ms-user-name-encoded": {
                "title": "User name",
                "type": "string",
                "format": "byte",
                "x-ms-dynamically-added": false
              }
            }
          }
        }
      },
      "actions": {
        "Add_a_ECC_Record_for_Message_Type:_AmbraAddGlobalStudySiteContactSessionAPI": {
          "runAfter": {},
          "metadata": {
            "operationMetadataId": "a06acaca-0310-4724-a937-0af868fbc015"
          },
          "type": "OpenApiConnection",
          "inputs": {
            "host": {
              "connectionName": "shared_commondataserviceforapps",
              "operationId": "CreateRecord",
              "apiId": "/providers/Microsoft.PowerApps/apis/shared_commondataserviceforapps"
            },
            "parameters": {
              "entityName": "mib_eccqueues",
              "item/mib_createddatetime": "@utcNow()",
              "item/mib_direction": 913380001,
              "item/mib_integrationmessagetype": 913380001,
              "item/mib_name": "Add Study Site Contact - @{triggerBody()['text_6']}",
              "item/mib_relatedrecord_cr420_StudySiteContact_cr420_studysitecontact@odata.bind": "/cr420_studysitecontacts/@{triggerBody()['text_6']}",
              "item/mib_requestfor": 913380001,
              "item/mib_state": 913380004
            },
            "authentication": "@parameters('$authentication')"
          }
        },
        "HTTP_-_Login_Session_Info": {
          "runAfter": {
            "Initialize_Role_UUID": [
              "Succeeded"
            ]
          },
          "metadata": {
            "operationMetadataId": "f86dc407-b457-4be0-b7d4-b7abaddf663b"
          },
          "type": "Http",
          "inputs": {
            "method": "POST",
            "uri": "@{triggerBody()['text']}/api/v3/session/login",
            "headers": {
              "Content-Type": "application/x-www-form-urlencoded"
            },
            "body": "login=@{triggerBody()['text_1']}&password=@{triggerBody()['text_2']}"
          }
        },
        "Get_Session_ID": {
          "runAfter": {
            "Condition_to_update_ECC_record_when_success": [
              "Succeeded"
            ]
          },
          "metadata": {
            "operationMetadataId": "c3d416d8-24c4-48e1-8a1a-c8c309014587"
          },
          "type": "ParseJson",
          "inputs": {
            "content": "@body('HTTP_-_Login_Session_Info')",
            "schema": {
              "type": "object",
              "properties": {
                "sid": {
                  "type": "string"
                }
              }
            }
          }
        },
        "Add_a_ECC_Record_For_Message_Type:_AmbraAddGlobalStudyContactAddStudyContact": {
          "runAfter": {
            "Condition_to_check_Role_UUID_is_empty": [
              "Succeeded"
            ]
          },
          "metadata": {
            "operationMetadataId": "cc69cc5e-1a5c-4c4a-a61a-ef9976a1b31d"
          },
          "type": "OpenApiConnection",
          "inputs": {
            "host": {
              "connectionName": "shared_commondataserviceforapps",
              "operationId": "CreateRecord",
              "apiId": "/providers/Microsoft.PowerApps/apis/shared_commondataserviceforapps"
            },
            "parameters": {
              "entityName": "mib_eccqueues",
              "item/mib_createddatetime": "@utcNow()",
              "item/mib_direction": 913380001,
              "item/mib_integrationmessagetype": 913380002,
              "item/mib_name": "Add Study Site Contact - @{triggerBody()['text_6']}",
              "item/mib_relatedrecord_cr420_StudySiteContact_cr420_studysitecontact@odata.bind": "/cr420_studysitecontacts/@{triggerBody()['text_6']}",
              "item/mib_requestfor": 913380004,
              "item/mib_state": 913380004
            },
            "authentication": "@parameters('$authentication')"
          }
        },
        "Add_-_StudySiteContact": {
          "runAfter": {
            "Add_a_ECC_Record_For_Message_Type:_AmbraAddGlobalStudyContactAddStudyContact": [
              "Succeeded"
            ]
          },
          "metadata": {
            "operationMetadataId": "e650762b-abea-4572-905a-f37c2ba34117"
          },
          "type": "Http",
          "inputs": {
            "method": "POST",
            "uri": "@{triggerBody()['text']}/api/v3/group/user/add",
            "headers": {
              "Content-Type": "application/x-www-form-urlencoded"
            },
            "body": "sid=@{body('Get_Session_ID')?['sid']}&uuid=@{triggerBody()['text_4']}&user_id=@{triggerBody()['text_5']}&role_id=@{variables('Role UUID')}"
          }
        },
        "Failed_Update_ECC_Record:_AmbraAddGlobalStudySiteContactAddStudySiteContact": {
          "runAfter": {
            "Add_-_StudySiteContact": [
              "Failed",
              "TimedOut"
            ]
          },
          "metadata": {
            "operationMetadataId": "ec0f544e-0982-46fa-a273-05019f223010"
          },
          "type": "OpenApiConnection",
          "inputs": {
            "host": {
              "connectionName": "shared_commondataserviceforapps",
              "operationId": "UpdateRecord",
              "apiId": "/providers/Microsoft.PowerApps/apis/shared_commondataserviceforapps"
            },
            "parameters": {
              "entityName": "mib_eccqueues",
              "recordId": "@outputs('Add_a_ECC_Record_For_Message_Type:_AmbraAddGlobalStudyContactAddStudyContact')?['body/mib_eccqueueid']",
              "item/mib_status": "@{body('Add_-_StudySiteContact')?['status']}-@{body('Add_-_StudySiteContact')?['error_type']}",
              "item/mib_body": "@body('Add_-_StudySiteContact')",
              "item/mib_headers": "@outputs('Add_-_StudySiteContact')['headers']",
              "item/mib_method": "POST",
              "item/mib_processeddatetime": "@utcNow()",
              "item/mib_relatedrecord_cr420_StudySiteContact_cr420_studysitecontact@odata.bind": "/cr420_studysitecontacts/@{triggerBody()['text_6']}",
              "item/mib_state": 913380006
            },
            "authentication": "@parameters('$authentication')"
          }
        },
        "Update_ECC_Record:_AmbraAddGlobalStudySiteContactAddStudySiteContact": {
          "runAfter": {
            "Failed_Update_ECC_Record:_AmbraAddGlobalStudySiteContactAddStudySiteContact": [
              "Skipped"
            ]
          },
          "metadata": {
            "operationMetadataId": "1d395e88-c64a-43d4-9f1e-292a93bc8b40"
          },
          "type": "OpenApiConnection",
          "inputs": {
            "host": {
              "connectionName": "shared_commondataserviceforapps",
              "operationId": "UpdateRecord",
              "apiId": "/providers/Microsoft.PowerApps/apis/shared_commondataserviceforapps"
            },
            "parameters": {
              "entityName": "mib_eccqueues",
              "recordId": "@outputs('Add_a_ECC_Record_For_Message_Type:_AmbraAddGlobalStudyContactAddStudyContact')?['body/mib_eccqueueid']",
              "item/mib_body": "@body('Add_-_StudySiteContact')",
              "item/mib_headers": "@outputs('Add_-_StudySiteContact')['headers']",
              "item/mib_method": "POST",
              "item/mib_processeddatetime": "@utcNow()",
              "item/mib_state": 913380002
            },
            "authentication": "@parameters('$authentication')"
          }
        },
        "Condition": {
          "actions": {
            "Update_StudyContact_Error_Status": {
              "runAfter": {},
              "metadata": {
                "operationMetadataId": "cdd66f39-14bd-419c-afab-a17fa65fdac1"
              },
              "type": "OpenApiConnection",
              "inputs": {
                "host": {
                  "connectionName": "shared_commondataserviceforapps",
                  "operationId": "UpdateRecord",
                  "apiId": "/providers/Microsoft.PowerApps/apis/shared_commondataserviceforapps"
                },
                "parameters": {
                  "entityName": "cr420_studysitecontacts",
                  "recordId": "@triggerBody()['text_6']",
                  "item/mib_status": "@{outputs('Add_a_ECC_Record_For_Message_Type:_AmbraAddGlobalStudyContactAddStudyContact')?['body/statecode']} - @{outputs('Add_-_StudySiteContact')['statusCode']}",
                  "item/mib_flowstate": 913380001
                },
                "authentication": "@parameters('$authentication')"
              }
            },
            "Return_to_caller": {
              "runAfter": {
                "Condition_3": [
                  "Succeeded"
                ]
              },
              "metadata": {
                "operationMetadataId": "3ad8c800-5526-464a-aaaa-30cebc5def2b"
              },
              "type": "Response",
              "kind": "PowerApp",
              "inputs": {
                "statusCode": 200,
                "body": {
                  "status": "500"
                },
                "schema": {
                  "type": "object",
                  "properties": {
                    "status": {
                      "title": "Status",
                      "x-ms-dynamically-added": true,
                      "type": "string"
                    }
                  }
                }
              }
            },
            "Terminate": {
              "runAfter": {
                "Return_to_caller": [
                  "Succeeded"
                ]
              },
              "metadata": {
                "operationMetadataId": "7ee02eed-2333-4716-bae9-5feee6ec9803"
              },
              "type": "Terminate",
              "inputs": {
                "runStatus": "Failed"
              }
            },
            "Condition_3": {
              "actions": {},
              "runAfter": {
                "Update_StudyContact_Error_Status": [
                  "Succeeded"
                ]
              },
              "else": {
                "actions": {
                  "Update_ECC_Queue_Retry_Record_-_Integration_Failed": {
                    "runAfter": {},
                    "metadata": {
                      "operationMetadataId": "fe339893-03fc-4fb0-bf89-f1a2889f69e9"
                    },
                    "type": "OpenApiConnection",
                    "inputs": {
                      "host": {
                        "connectionName": "shared_commondataserviceforapps_1",
                        "operationId": "UpdateRecord",
                        "apiId": "/providers/Microsoft.PowerApps/apis/shared_commondataserviceforapps"
                      },
                      "parameters": {
                        "entityName": "mib_eccqueues",
                        "recordId": "@outputs('Update_StudyContact_Error_Status')?['body/mib_eccqueuerecordguid']",
                        "item/mib_status": "Study site contact creation failed",
                        "item/mib_flowstate": 913380001,
                        "item/mib_isretry": true,
                        "item/mib_processeddatetime": "@utcNow()",
                        "item/mib_relatedrecord_new_SiteEquipment_new_siteequipment@odata.bind": "/cr420_studysitecontacts/@{triggerBody()['text_6']}",
                        "item/mib_relatedrecord_cr420_StudySiteContact_cr420_studysitecontact@odata.bind": "/cr420_studysitecontacts/@{triggerBody()['text_6']}",
                        "item/mib_state": 913380006
                      },
                      "authentication": "@parameters('$authentication')"
                    }
                  },
                  "Failed_Update_ECC_Record:_AmbraAddGlobalStudySiteContactAddStudySiteContact_2": {
                    "runAfter": {
                      "Update_ECC_Queue_Retry_Record_-_Integration_Failed": [
                        "Succeeded"
                      ]
                    },
                    "metadata": {
                      "operationMetadataId": "ec0f544e-0982-46fa-a273-05019f223010"
                    },
                    "type": "OpenApiConnection",
                    "inputs": {
                      "host": {
                        "connectionName": "shared_commondataserviceforapps",
                        "operationId": "UpdateRecord",
                        "apiId": "/providers/Microsoft.PowerApps/apis/shared_commondataserviceforapps"
                      },
                      "parameters": {
                        "entityName": "mib_eccqueues",
                        "recordId": "@outputs('Add_a_ECC_Record_For_Message_Type:_AmbraAddGlobalStudyContactAddStudyContact')?['body/mib_eccqueueid']",
                        "item/mib_status": "@{body('Add_-_StudySiteContact')?['status']}-@{body('Add_-_StudySiteContact')?['error_type']}",
                        "item/mib_body": "@body('Add_-_StudySiteContact')",
                        "item/mib_ECCQueue@odata.bind": "/mib_eccqueues/@{outputs('Update_StudyContact_Error_Status')?['body/mib_eccqueuerecordguid']}",
                        "item/mib_headers": "@outputs('Add_-_StudySiteContact')['headers']",
                        "item/mib_method": "POST",
                        "item/mib_processeddatetime": "@utcNow()",
                        "item/mib_relatedrecord_cr420_StudySiteContact_cr420_studysitecontact@odata.bind": "/cr420_studysitecontacts/@{triggerBody()['text_6']}",
                        "item/mib_state": 913380006
                      },
                      "authentication": "@parameters('$authentication')"
                    }
                  }
                }
              },
              "expression": {
                "equals": [
                  "@empty(outputs('Update_StudyContact_Error_Status')?['body/mib_eccqueuerecordguid'])",
                  "@true"
                ]
              },
              "metadata": {
                "operationMetadataId": "e0a806fa-f4c1-4931-8e9e-320d87674d00"
              },
              "type": "If"
            }
          },
          "runAfter": {
            "Update_ECC_Record:_AmbraAddGlobalStudySiteContactAddStudySiteContact": [
              "Failed",
              "Succeeded"
            ]
          },
          "else": {
            "actions": {
              "Update_a_row": {
                "runAfter": {},
                "metadata": {
                  "operationMetadataId": "a9120c26-9268-4931-bf18-f22c861e4e29"
                },
                "type": "OpenApiConnection",
                "inputs": {
                  "host": {
                    "connectionName": "shared_commondataserviceforapps",
                    "operationId": "UpdateRecord",
                    "apiId": "/providers/Microsoft.PowerApps/apis/shared_commondataserviceforapps"
                  },
                  "parameters": {
                    "entityName": "cr420_studysitecontacts",
                    "recordId": "@triggerBody()['text_6']",
                    "item/mib_status": "In Sync",
                    "item/mib_flowstate": 913380001
                  },
                  "authentication": "@parameters('$authentication')"
                }
              },
              "Condition_4": {
                "actions": {},
                "runAfter": {
                  "Update_a_row": [
                    "Succeeded"
                  ]
                },
                "else": {
                  "actions": {
                    "Update_ECC_Queue_Retry_Record_-_Integration_Successful": {
                      "runAfter": {},
                      "metadata": {
                        "operationMetadataId": "fe339893-03fc-4fb0-bf89-f1a2889f69e9"
                      },
                      "type": "OpenApiConnection",
                      "inputs": {
                        "host": {
                          "connectionName": "shared_commondataserviceforapps_1",
                          "operationId": "UpdateRecord",
                          "apiId": "/providers/Microsoft.PowerApps/apis/shared_commondataserviceforapps"
                        },
                        "parameters": {
                          "entityName": "mib_eccqueues",
                          "recordId": "@outputs('Update_a_row')?['body/mib_eccqueuerecordguid']",
                          "item/mib_status": "Study site contact is successfully created",
                          "item/mib_flowstate": 913380001,
                          "item/mib_isretry": true,
                          "item/mib_processeddatetime": "@utcNow()",
                          "item/mib_relatedrecord_cr420_StudySiteContact_cr420_studysitecontact@odata.bind": "/cr420_studysitecontacts/@{triggerBody()['text_6']}",
                          "item/mib_state": 913380002
                        },
                        "authentication": "@parameters('$authentication')"
                      }
                    },
                    "Update_ECC_Record:_AmbraAddGlobalStudySiteContactAddStudySiteContact_2": {
                      "runAfter": {
                        "Update_ECC_Queue_Retry_Record_-_Integration_Successful": [
                          "Succeeded"
                        ]
                      },
                      "metadata": {
                        "operationMetadataId": "1d395e88-c64a-43d4-9f1e-292a93bc8b40"
                      },
                      "type": "OpenApiConnection",
                      "inputs": {
                        "host": {
                          "connectionName": "shared_commondataserviceforapps",
                          "operationId": "UpdateRecord",
                          "apiId": "/providers/Microsoft.PowerApps/apis/shared_commondataserviceforapps"
                        },
                        "parameters": {
                          "entityName": "mib_eccqueues",
                          "recordId": "@outputs('Add_a_ECC_Record_For_Message_Type:_AmbraAddGlobalStudyContactAddStudyContact')?['body/mib_eccqueueid']",
                          "item/mib_body": "@body('Add_-_StudySiteContact')",
                          "item/mib_ECCQueue@odata.bind": "/mib_eccqueues/@{outputs('Update_a_row')?['body/mib_eccqueuerecordguid']}",
                          "item/mib_headers": "@outputs('Add_-_StudySiteContact')['headers']",
                          "item/mib_method": "POST",
                          "item/mib_processeddatetime": "@utcNow()",
                          "item/mib_state": 913380002
                        },
                        "authentication": "@parameters('$authentication')"
                      }
                    }
                  }
                },
                "expression": {
                  "equals": [
                    "@empty(outputs('Update_a_row')?['body/mib_eccqueuerecordguid'])",
                    "@true"
                  ]
                },
                "metadata": {
                  "operationMetadataId": "50738a1d-c150-4be4-a41b-c851cacb7b2e"
                },
                "type": "If"
              }
            }
          },
          "expression": {
            "equals": [
              "@toLower(body('Add_-_StudySiteContact')?['status'])",
              "error"
            ]
          },
          "metadata": {
            "operationMetadataId": "38bc0688-b844-4968-a54b-05bd7fec62b7"
          },
          "type": "If"
        },
        "Respond_to_a_PowerApp_or_flow": {
          "runAfter": {
            "Update_ECC_Record_-_Integration_Successful": [
              "Succeeded"
            ]
          },
          "metadata": {
            "operationMetadataId": "b753c4c9-bd1c-4157-bf53-503064350d0f"
          },
          "type": "Response",
          "kind": "PowerApp",
          "inputs": {
            "statusCode": 200,
            "body": {
              "status": "200"
            },
            "schema": {
              "type": "object",
              "properties": {
                "status": {
                  "title": "Status",
                  "x-ms-dynamically-added": true,
                  "type": "string"
                }
              }
            }
          }
        },
        "Add_ECC_Record_For_Study_Contact": {
          "runAfter": {
            "Get_Session_ID": [
              "Succeeded"
            ]
          },
          "metadata": {
            "operationMetadataId": "a06acaca-0310-4724-a937-0af868fbc015"
          },
          "type": "OpenApiConnection",
          "inputs": {
            "host": {
              "connectionName": "shared_commondataserviceforapps",
              "operationId": "CreateRecord",
              "apiId": "/providers/Microsoft.PowerApps/apis/shared_commondataserviceforapps"
            },
            "parameters": {
              "entityName": "mib_eccqueues",
              "item/mib_createddatetime": "@utcNow()",
              "item/mib_direction": 913380001,
              "item/mib_integrationmessagetype": 913380010,
              "item/mib_name": "Add Study Site Contact - @{triggerBody()['text_6']}",
              "item/mib_relatedrecord_cr420_StudySiteContact_cr420_studysitecontact@odata.bind": "/cr420_studysitecontacts/@{triggerBody()['text_6']}",
              "item/mib_requestfor": 913380001,
              "item/mib_state": 913380004
            },
            "authentication": "@parameters('$authentication')"
          }
        },
        "Add_-_StudyContact": {
          "runAfter": {
            "Add_ECC_Record_For_Study_Contact": [
              "Succeeded"
            ]
          },
          "metadata": {
            "operationMetadataId": "e650762b-abea-4572-905a-f37c2ba34117"
          },
          "type": "Http",
          "inputs": {
            "method": "POST",
            "uri": "@{triggerBody()['text']}/api/v3/account/user/add",
            "headers": {
              "Content-Type": "application/x-www-form-urlencoded"
            },
            "body": "sid=@{body('Get_Session_ID')?['sid']}&uuid=@{triggerBody()['text_3']}&user_id=@{triggerBody()['text_5']}"
          }
        },
        "HTTP_Session_Login_Failed": {
          "actions": {
            "Failed_Update_ECC_Record_for_Message_Type:_AmbraAddGlobalSiteSessionAPI": {
              "runAfter": {},
              "metadata": {
                "operationMetadataId": "7162ea17-efff-41cf-a92e-26280908766d"
              },
              "type": "OpenApiConnection",
              "inputs": {
                "host": {
                  "connectionName": "shared_commondataserviceforapps",
                  "operationId": "UpdateRecord",
                  "apiId": "/providers/Microsoft.PowerApps/apis/shared_commondataserviceforapps"
                },
                "parameters": {
                  "entityName": "mib_eccqueues",
                  "recordId": "@outputs('Add_a_ECC_Record_for_Message_Type:_AmbraAddGlobalStudySiteContactSessionAPI')?['body/mib_eccqueueid']",
                  "item/mib_status": "HTTP Session Login Failed",
                  "item/mib_body": "@body('HTTP_-_Login_Session_Info')",
                  "item/mib_headers": "@outputs('HTTP_-_Login_Session_Info')['headers']",
                  "item/mib_isretry": false,
                  "item/mib_method": "POST",
                  "item/mib_processeddatetime": "@utcNow()",
                  "item/mib_relatedrecord_cr420_StudySiteContact_cr420_studysitecontact@odata.bind": "/cr420_studysitecontacts/@{triggerBody()['text_6']}",
                  "item/mib_state": 913380006
                },
                "authentication": "@parameters('$authentication')"
              }
            },
            "Return_to_caller_-_HTTP_Session_Login_Failed": {
              "runAfter": {
                "Condition_6": [
                  "Succeeded"
                ]
              },
              "metadata": {
                "operationMetadataId": "9762e386-a8e6-4123-9107-367f4257d259"
              },
              "type": "Response",
              "kind": "PowerApp",
              "inputs": {
                "statusCode": 200,
                "body": {
                  "status": "500"
                },
                "schema": {
                  "type": "object",
                  "properties": {
                    "status": {
                      "title": "Status",
                      "x-ms-dynamically-added": true,
                      "type": "string"
                    }
                  }
                }
              }
            },
            "Terminate_-_HTTP_Login_Session_Failed": {
              "runAfter": {
                "Return_to_caller_-_HTTP_Session_Login_Failed": [
                  "Succeeded"
                ]
              },
              "metadata": {
                "operationMetadataId": "aff7cca3-16e7-4a83-aa06-a562333779df"
              },
              "type": "Terminate",
              "inputs": {
                "runStatus": "Failed"
              }
            },
            "Update_Site_-_HTTP_Session_Login_Failed": {
              "runAfter": {
                "Failed_Update_ECC_Record_for_Message_Type:_AmbraAddGlobalSiteSessionAPI": [
                  "Succeeded"
                ]
              },
              "metadata": {
                "operationMetadataId": "41e09a1e-8fd5-42ad-be4c-6afab00090f1"
              },
              "type": "OpenApiConnection",
              "inputs": {
                "host": {
                  "connectionName": "shared_commondataserviceforapps",
                  "operationId": "UpdateRecord",
                  "apiId": "/providers/Microsoft.PowerApps/apis/shared_commondataserviceforapps"
                },
                "parameters": {
                  "entityName": "cr420_studysitecontacts",
                  "recordId": "@triggerBody()['text_6']",
                  "item/mib_status": "HTTP Session Login Failed",
                  "item/mib_flowstate": 913380001
                },
                "authentication": "@parameters('$authentication')"
              }
            },
            "Condition_6": {
              "actions": {},
              "runAfter": {
                "Update_Site_-_HTTP_Session_Login_Failed": [
                  "Succeeded"
                ]
              },
              "else": {
                "actions": {
                  "Update_ECC_Queue_Retry_Record_-_Integration_Failed_2": {
                    "runAfter": {},
                    "metadata": {
                      "operationMetadataId": "7fc248e2-2034-4e91-a4da-1e0ed3d0a565"
                    },
                    "type": "OpenApiConnection",
                    "inputs": {
                      "host": {
                        "connectionName": "shared_commondataserviceforapps_1",
                        "operationId": "UpdateRecord",
                        "apiId": "/providers/Microsoft.PowerApps/apis/shared_commondataserviceforapps"
                      },
                      "parameters": {
                        "entityName": "mib_eccqueues",
                        "recordId": "@outputs('Update_Site_-_HTTP_Session_Login_Failed')?['body/mib_eccqueuerecordguid']",
                        "item/mib_status": "Create study site contact session login failed",
                        "item/mib_flowstate": 913380001,
                        "item/mib_isretry": true,
                        "item/mib_relatedrecord_cr420_StudySiteContact_cr420_studysitecontact@odata.bind": "/cr420_studysitecontacts/@{triggerBody()['text_6']}",
                        "item/mib_state": 913380006
                      },
                      "authentication": "@parameters('$authentication')"
                    }
                  },
                  "Failed_Update_ECC_Record_for_Message_Type:_AmbraAddGlobalSiteSessionAPI_2": {
                    "runAfter": {
                      "Update_ECC_Queue_Retry_Record_-_Integration_Failed_2": [
                        "Succeeded"
                      ]
                    },
                    "metadata": {
                      "operationMetadataId": "7162ea17-efff-41cf-a92e-26280908766d"
                    },
                    "type": "OpenApiConnection",
                    "inputs": {
                      "host": {
                        "connectionName": "shared_commondataserviceforapps",
                        "operationId": "UpdateRecord",
                        "apiId": "/providers/Microsoft.PowerApps/apis/shared_commondataserviceforapps"
                      },
                      "parameters": {
                        "entityName": "mib_eccqueues",
                        "recordId": "@outputs('Add_a_ECC_Record_for_Message_Type:_AmbraAddGlobalStudySiteContactSessionAPI')?['body/mib_eccqueueid']",
                        "item/mib_status": "HTTP Session Login Failed",
                        "item/mib_body": "@body('HTTP_-_Login_Session_Info')",
                        "item/mib_ECCQueue@odata.bind": "/mib_eccqueues/@{outputs('Update_Site_-_HTTP_Session_Login_Failed')?['body/mib_eccqueuerecordguid']}",
                        "item/mib_headers": "@outputs('HTTP_-_Login_Session_Info')['headers']",
                        "item/mib_isretry": false,
                        "item/mib_method": "POST",
                        "item/mib_processeddatetime": "@utcNow()",
                        "item/mib_relatedrecord_cr420_StudySiteContact_cr420_studysitecontact@odata.bind": "/cr420_studysitecontacts/@{triggerBody()['text_6']}",
                        "item/mib_state": 913380006
                      },
                      "authentication": "@parameters('$authentication')"
                    }
                  }
                }
              },
              "expression": {
                "equals": [
                  "@empty(outputs('Update_Site_-_HTTP_Session_Login_Failed')?['body/mib_eccqueuerecordguid'])",
                  "@true"
                ]
              },
              "metadata": {
                "operationMetadataId": "7706667c-daff-470c-9fcf-6994911e1b4d"
              },
              "type": "If"
            }
          },
          "runAfter": {
            "HTTP_-_Login_Session_Info": [
              "Failed",
              "TimedOut"
            ]
          },
          "metadata": {
            "operationMetadataId": "ed8d8052-78b4-4d0e-babe-dd6b6a81a3d6"
          },
          "type": "Scope"
        },
        "Update_ECC_Record_-_Integration_Successful": {
          "runAfter": {
            "Condition": [
              "Succeeded"
            ]
          },
          "metadata": {
            "operationMetadataId": "1d395e88-c64a-43d4-9f1e-292a93bc8b40"
          },
          "type": "OpenApiConnection",
          "inputs": {
            "host": {
              "connectionName": "shared_commondataserviceforapps",
              "operationId": "UpdateRecord",
              "apiId": "/providers/Microsoft.PowerApps/apis/shared_commondataserviceforapps"
            },
            "parameters": {
              "entityName": "mib_eccqueues",
              "recordId": "@outputs('Add_a_ECC_Record_For_Message_Type:_AmbraAddGlobalStudyContactAddStudyContact')?['body/mib_eccqueueid']",
              "item/mib_status": "Ambra integration is successful",
              "item/mib_method": "POST",
              "item/mib_processeddatetime": "@utcNow()",
              "item/mib_relatedrecord_cr420_StudySiteContact_cr420_studysitecontact@odata.bind": "/cr420_studysitecontacts/@{triggerBody()['text_6']}",
              "item/mib_state": 913380002
            },
            "authentication": "@parameters('$authentication')"
          }
        },
        "Initialize_Body_variable": {
          "runAfter": {
            "Add_a_ECC_Record_for_Message_Type:_AmbraAddGlobalStudySiteContactSessionAPI": [
              "Succeeded"
            ]
          },
          "metadata": {
            "operationMetadataId": "0e61f372-a7c8-429e-b34f-ab5b61f45af1"
          },
          "type": "InitializeVariable",
          "inputs": {
            "variables": [
              {
                "name": "Body",
                "type": "string"
              }
            ]
          }
        },
        "Add_-_Get_List_of_Roles_for_the_account": {
          "runAfter": {
            "Condition_to_check_error_in_account_user_add_API": [
              "Succeeded"
            ]
          },
          "metadata": {
            "operationMetadataId": "e650762b-abea-4572-905a-f37c2ba34117"
          },
          "type": "Http",
          "inputs": {
            "method": "POST",
            "uri": "@{triggerBody()['text']}/api/v3/role/list",
            "headers": {
              "Content-Type": "application/x-www-form-urlencoded"
            },
            "body": "sid=@{body('Get_Session_ID')?['sid']}&account_id=@{triggerBody()['text_3']}"
          }
        },
        "Condition_to_update_ECC_record_when_success": {
          "actions": {
            "Update_ECC_Record_For_Message_Type:_AmbraAddGlobalStudySiteContactSessionAPI": {
              "runAfter": {},
              "metadata": {
                "operationMetadataId": "ddbbd6de-5257-4a4d-b34a-19242da7296d"
              },
              "type": "OpenApiConnection",
              "inputs": {
                "host": {
                  "connectionName": "shared_commondataserviceforapps",
                  "operationId": "UpdateRecord",
                  "apiId": "/providers/Microsoft.PowerApps/apis/shared_commondataserviceforapps"
                },
                "parameters": {
                  "entityName": "mib_eccqueues",
                  "recordId": "@outputs('Add_a_ECC_Record_for_Message_Type:_AmbraAddGlobalStudySiteContactSessionAPI')?['body/mib_eccqueueid']",
                  "item/mib_body": "@body('HTTP_-_Login_Session_Info')",
                  "item/mib_integrationmessagetype": 913380001,
                  "item/mib_method": "POST",
                  "item/mib_name": "Add Study Site Contact - @{triggerBody()['text_6']}",
                  "item/mib_processeddatetime": "@utcNow()",
                  "item/mib_relatedrecord_cr420_StudySiteContact_cr420_studysitecontact@odata.bind": "/cr420_studysitecontacts/@{triggerBody()['text_6']}",
                  "item/mib_state": 913380002
                },
                "authentication": "@parameters('$authentication')"
              }
            }
          },
          "runAfter": {
            "HTTP_Session_Login_Failed": [
              "Skipped"
            ]
          },
          "else": {
            "actions": {
              "Update_ECC_Record_For_Message_Type:_AmbraAddGlobalStudySiteContactSessionAPI_2": {
                "runAfter": {},
                "metadata": {
                  "operationMetadataId": "ddbbd6de-5257-4a4d-b34a-19242da7296d"
                },
                "type": "OpenApiConnection",
                "inputs": {
                  "host": {
                    "connectionName": "shared_commondataserviceforapps",
                    "operationId": "UpdateRecord",
                    "apiId": "/providers/Microsoft.PowerApps/apis/shared_commondataserviceforapps"
                  },
                  "parameters": {
                    "entityName": "mib_eccqueues",
                    "recordId": "@outputs('Add_a_ECC_Record_for_Message_Type:_AmbraAddGlobalStudySiteContactSessionAPI')?['body/mib_eccqueueid']",
                    "item/mib_body": "@body('HTTP_-_Login_Session_Info')",
                    "item/mib_ECCQueue@odata.bind": "/mib_eccqueues/@{triggerBody()['text_9']}",
                    "item/mib_integrationmessagetype": 913380001,
                    "item/mib_method": "POST",
                    "item/mib_name": "Add Study Site Contact - @{triggerBody()['text_6']}",
                    "item/mib_processeddatetime": "@utcNow()",
                    "item/mib_relatedrecord_cr420_StudySiteContact_cr420_studysitecontact@odata.bind": "/cr420_studysitecontacts/@{triggerBody()['text_6']}",
                    "item/mib_state": 913380002
                  },
                  "authentication": "@parameters('$authentication')"
                }
              }
            }
          },
          "expression": {
            "equals": [
              "@empty(triggerBody()['text_9'])",
              "@true"
            ]
          },
          "metadata": {
            "operationMetadataId": "7706667c-daff-470c-9fcf-6994911e1b4d"
          },
          "type": "If"
        },
        "Parse_JSON": {
          "runAfter": {
            "Add_-_Get_List_of_Roles_for_the_account": [
              "Succeeded"
            ]
          },
          "metadata": {
            "operationMetadataId": "9de0fcd9-f061-4997-9919-db78957c286b"
          },
          "type": "ParseJson",
          "inputs": {
            "content": "@body('Add_-_Get_List_of_Roles_for_the_account')",
            "schema": {
              "type": "object",
              "properties": {
                "roles": {
                  "type": "array",
                  "items": {
                    "type": "object",
                    "properties": {
                      "uuid": {
                        "type": "string"
                      },
                      "name": {
                        "type": "string"
                      }
                    },
                    "required": [
                      "uuid",
                      "name"
                    ]
                  }
                }
              }
            }
          }
        },
        "Condition_to_check_error_in_account_user_add_API": {
          "actions": {
            "Update_ECC_Record:StudyContact_2": {
              "runAfter": {},
              "metadata": {
                "operationMetadataId": "1d395e88-c64a-43d4-9f1e-292a93bc8b40"
              },
              "type": "OpenApiConnection",
              "inputs": {
                "host": {
                  "connectionName": "shared_commondataserviceforapps",
                  "operationId": "UpdateRecord",
                  "apiId": "/providers/Microsoft.PowerApps/apis/shared_commondataserviceforapps"
                },
                "parameters": {
                  "entityName": "mib_eccqueues",
                  "recordId": "@outputs('Add_ECC_Record_For_Study_Contact')?['body/mib_eccqueueid']",
                  "item/mib_body": "@body('Add_-_StudyContact')",
                  "item/mib_headers": "@outputs('Add_-_StudyContact')['headers']",
                  "item/mib_method": "POST",
                  "item/mib_processeddatetime": "@utcNow()",
                  "item/mib_state": 913380002
                },
                "authentication": "@parameters('$authentication')"
              }
            }
          },
          "runAfter": {
            "Add_-_StudyContact": [
              "Succeeded",
              "Failed",
              "TimedOut"
            ]
          },
          "else": {
            "actions": {
              "Condition_9": {
                "actions": {
                  "Add_-_StudyContact_Scope": {
                    "actions": {
                      "Failed_Update_ECC_Record:_StudyContact": {
                        "runAfter": {},
                        "metadata": {
                          "operationMetadataId": "ec0f544e-0982-46fa-a273-05019f223010"
                        },
                        "type": "OpenApiConnection",
                        "inputs": {
                          "host": {
                            "connectionName": "shared_commondataserviceforapps",
                            "operationId": "UpdateRecord",
                            "apiId": "/providers/Microsoft.PowerApps/apis/shared_commondataserviceforapps"
                          },
                          "parameters": {
                            "entityName": "mib_eccqueues",
                            "recordId": "@outputs('Add_ECC_Record_For_Study_Contact')?['body/mib_eccqueueid']",
                            "item/mib_status": "@{body('Add_-_StudyContact')?['status']} - @{body('Add_-_StudyContact')?['error_type']}",
                            "item/mib_body": "@body('Add_-_StudyContact')",
                            "item/mib_headers": "@outputs('Add_-_StudyContact')['headers']",
                            "item/mib_method": "POST",
                            "item/mib_processeddatetime": "@utcNow()",
                            "item/mib_relatedrecord_cr420_StudySiteContact_cr420_studysitecontact@odata.bind": "/cr420_studysitecontacts/@{triggerBody()['text_6']}",
                            "item/mib_state": 913380006
                          },
                          "authentication": "@parameters('$authentication')"
                        }
                      },
                      "Update_Study_Site_Contact_-_Add_to_Study_Failed": {
                        "runAfter": {
                          "Failed_Update_ECC_Record:_StudyContact": [
                            "Succeeded"
                          ]
                        },
                        "metadata": {
                          "operationMetadataId": "1448064b-0e86-41dc-b8ae-3a2298120a8c"
                        },
                        "type": "OpenApiConnection",
                        "inputs": {
                          "host": {
                            "connectionName": "shared_commondataserviceforapps_1",
                            "operationId": "UpdateRecord",
                            "apiId": "/providers/Microsoft.PowerApps/apis/shared_commondataserviceforapps"
                          },
                          "parameters": {
                            "entityName": "cr420_studysitecontacts",
                            "recordId": "@triggerBody()['text_6']",
                            "item/mib_status": "@{body('Add_-_StudyContact')?['status']} - @{body('Add_-_StudyContact')?['error_type']}",
                            "item/mib_flowstate": 913380001
                          },
                          "authentication": "@parameters('$authentication')"
                        }
                      },
                      "Condition_10": {
                        "actions": {},
                        "runAfter": {
                          "Update_Study_Site_Contact_-_Add_to_Study_Failed": [
                            "Succeeded"
                          ]
                        },
                        "else": {
                          "actions": {
                            "Update_ECC_Queue_Retry_Record_-_Integration_Failed_6": {
                              "runAfter": {},
                              "metadata": {
                                "operationMetadataId": "fe339893-03fc-4fb0-bf89-f1a2889f69e9"
                              },
                              "type": "OpenApiConnection",
                              "inputs": {
                                "host": {
                                  "connectionName": "shared_commondataserviceforapps_1",
                                  "operationId": "UpdateRecord",
                                  "apiId": "/providers/Microsoft.PowerApps/apis/shared_commondataserviceforapps"
                                },
                                "parameters": {
                                  "entityName": "mib_eccqueues",
                                  "recordId": "@outputs('Update_Study_Site_Contact_-_Add_to_Study_Failed')?['body/mib_eccqueuerecordguid']",
                                  "item/mib_status": "Study site contact creation failed",
                                  "item/mib_flowstate": 913380001,
                                  "item/mib_isretry": true,
                                  "item/mib_processeddatetime": "@utcNow()",
                                  "item/mib_relatedrecord_cr420_StudySiteContact_cr420_studysitecontact@odata.bind": "/cr420_studysitecontacts(@{triggerBody()['text_6']})",
                                  "item/mib_state": 913380006
                                },
                                "authentication": "@parameters('$authentication')"
                              }
                            }
                          }
                        },
                        "expression": {
                          "equals": [
                            "@empty(outputs('Update_Study_Site_Contact_-_Add_to_Study_Failed')?['body/mib_eccqueuerecordguid'])",
                            "@true"
                          ]
                        },
                        "metadata": {
                          "operationMetadataId": "e0a806fa-f4c1-4931-8e9e-320d87674d00"
                        },
                        "type": "If"
                      },
                      "Return_to_caller_-_Add_to_Study_Failed": {
                        "runAfter": {
                          "Condition_10": [
                            "Succeeded"
                          ]
                        },
                        "metadata": {
                          "operationMetadataId": "53f2ae8c-2dfb-4f59-bb2b-e1d49b34cfe8"
                        },
                        "type": "Response",
                        "kind": "PowerApp",
                        "inputs": {
                          "statusCode": 200,
                          "body": {
                            "status": "500"
                          },
                          "schema": {
                            "type": "object",
                            "properties": {
                              "status": {
                                "title": "Status",
                                "x-ms-dynamically-added": true,
                                "type": "string"
                              }
                            }
                          }
                        }
                      },
                      "Terminate_-_Add_to_Study_Failed": {
                        "runAfter": {
                          "Return_to_caller_-_Add_to_Study_Failed": [
                            "Succeeded"
                          ]
                        },
                        "metadata": {
                          "operationMetadataId": "3c37f068-5e23-4c39-b3e4-d230c715cc39"
                        },
                        "type": "Terminate",
                        "inputs": {
                          "runStatus": "Failed"
                        }
                      }
                    },
                    "runAfter": {},
                    "metadata": {
                      "operationMetadataId": "744b3fb1-3471-4644-8d05-2ff5dc78da39"
                    },
                    "type": "Scope"
                  }
                },
                "runAfter": {},
                "else": {
                  "actions": {
                    "Update_ECC_Record:StudyContact": {
                      "runAfter": {},
                      "metadata": {
                        "operationMetadataId": "1d395e88-c64a-43d4-9f1e-292a93bc8b40"
                      },
                      "type": "OpenApiConnection",
                      "inputs": {
                        "host": {
                          "connectionName": "shared_commondataserviceforapps",
                          "operationId": "UpdateRecord",
                          "apiId": "/providers/Microsoft.PowerApps/apis/shared_commondataserviceforapps"
                        },
                        "parameters": {
                          "entityName": "mib_eccqueues",
                          "recordId": "@outputs('Add_ECC_Record_For_Study_Contact')?['body/mib_eccqueueid']",
                          "item/mib_body": "@body('Add_-_StudyContact')",
                          "item/mib_headers": "@outputs('Add_-_StudyContact')['headers']",
                          "item/mib_method": "POST",
                          "item/mib_processeddatetime": "@utcNow()",
                          "item/mib_state": 913380002
                        },
                        "authentication": "@parameters('$authentication')"
                      }
                    }
                  }
                },
                "expression": {
                  "equals": [
                    "@toLower(body('Add_-_StudyContact')?['status'])",
                    "error"
                  ]
                },
                "metadata": {
                  "operationMetadataId": "72e480d9-3d40-4fd2-a09d-264eb94f6cd3"
                },
                "type": "If"
              }
            }
          },
          "expression": {
            "equals": [
              "@body('Add_-_StudyContact')?['error_type']",
              "ALREADY_EXISTS"
            ]
          },
          "metadata": {
            "operationMetadataId": "b288acbb-923e-4c37-afe2-ecba144fcc18"
          },
          "type": "If"
        },
        "Initialize_Role_UUID": {
          "runAfter": {
            "Initialize_Body_variable": [
              "Succeeded"
            ]
          },
          "metadata": {
            "operationMetadataId": "0e61f372-a7c8-429e-b34f-ab5b61f45af1"
          },
          "type": "InitializeVariable",
          "inputs": {
            "variables": [
              {
                "name": "Role UUID",
                "type": "string"
              }
            ]
          }
        },
        "Condition_to_check_Role_UUID_is_empty": {
          "actions": {
            "Add_a_ECC_Record_For_Message_Type:_AmbraAddRole": {
              "runAfter": {},
              "metadata": {
                "operationMetadataId": "cc69cc5e-1a5c-4c4a-a61a-ef9976a1b31d"
              },
              "type": "OpenApiConnection",
              "inputs": {
                "host": {
                  "connectionName": "shared_commondataserviceforapps",
                  "operationId": "CreateRecord",
                  "apiId": "/providers/Microsoft.PowerApps/apis/shared_commondataserviceforapps"
                },
                "parameters": {
                  "entityName": "mib_eccqueues",
                  "item/mib_createddatetime": "@utcNow()",
                  "item/mib_direction": 913380001,
                  "item/mib_integrationmessagetype": 913380011,
                  "item/mib_name": "Add Study Site Contact - @{triggerBody()['text_6']}",
                  "item/mib_relatedrecord_cr420_StudySiteContact_cr420_studysitecontact@odata.bind": "/cr420_studysitecontacts/@{triggerBody()['text_6']}",
                  "item/mib_requestfor": 913380004,
                  "item/mib_state": 913380004
                },
                "authentication": "@parameters('$authentication')"
              }
            },
            "Add_-_Role": {
              "runAfter": {
                "Add_a_ECC_Record_For_Message_Type:_AmbraAddRole": [
                  "Succeeded"
                ]
              },
              "metadata": {
                "operationMetadataId": "e650762b-abea-4572-905a-f37c2ba34117"
              },
              "type": "Http",
              "inputs": {
                "method": "POST",
                "uri": "@{triggerBody()['text']}/api/v3/role/add",
                "headers": {
                  "Content-Type": "application/x-www-form-urlencoded"
                },
                "body": "sid=@{body('Get_Session_ID')?['sid']}&name=@{triggerBody()['text_7']}&for_account=1&account_id=@{triggerBody()['text_3']}"
              }
            },
            "Failed_Update_ECC_Record:_RoleAdd": {
              "runAfter": {
                "Add_-_Role": [
                  "Failed",
                  "TimedOut"
                ]
              },
              "metadata": {
                "operationMetadataId": "ec0f544e-0982-46fa-a273-05019f223010"
              },
              "type": "OpenApiConnection",
              "inputs": {
                "host": {
                  "connectionName": "shared_commondataserviceforapps",
                  "operationId": "UpdateRecord",
                  "apiId": "/providers/Microsoft.PowerApps/apis/shared_commondataserviceforapps"
                },
                "parameters": {
                  "entityName": "mib_eccqueues",
                  "recordId": "@outputs('Add_a_ECC_Record_For_Message_Type:_AmbraAddRole')?['body/mib_eccqueueid']",
                  "item/mib_status": "@{body('Add_-_Role')?['status']} - @{body('Add_-_Role')?['error_type']}",
                  "item/mib_body": "@body('Add_-_Role')",
                  "item/mib_headers": "@outputs('Add_-_Role')['headers']",
                  "item/mib_method": "POST",
                  "item/mib_processeddatetime": "@utcNow()",
                  "item/mib_relatedrecord_cr420_StudySiteContact_cr420_studysitecontact@odata.bind": "/cr420_studysitecontacts/@{triggerBody()['text_6']}",
                  "item/mib_state": 913380006
                },
                "authentication": "@parameters('$authentication')"
              }
            },
            "Update_ECC_Record:_RoleAdd": {
              "runAfter": {
                "Failed_Update_ECC_Record:_RoleAdd": [
                  "Skipped"
                ]
              },
              "metadata": {
                "operationMetadataId": "1d395e88-c64a-43d4-9f1e-292a93bc8b40"
              },
              "type": "OpenApiConnection",
              "inputs": {
                "host": {
                  "connectionName": "shared_commondataserviceforapps",
                  "operationId": "UpdateRecord",
                  "apiId": "/providers/Microsoft.PowerApps/apis/shared_commondataserviceforapps"
                },
                "parameters": {
                  "entityName": "mib_eccqueues",
                  "recordId": "@outputs('Add_a_ECC_Record_For_Message_Type:_AmbraAddRole')?['body/mib_eccqueueid']",
                  "item/mib_body": "@body('Add_-_Role')",
                  "item/mib_headers": "@outputs('Add_-_Role')['headers']",
                  "item/mib_method": "POST",
                  "item/mib_processeddatetime": "@utcNow()",
                  "item/mib_state": 913380002
                },
                "authentication": "@parameters('$authentication')"
              }
            },
            "Get_Role_Id": {
              "runAfter": {
                "Update_ECC_Record:_RoleAdd": [
                  "Succeeded"
                ]
              },
              "metadata": {
                "operationMetadataId": "c3d416d8-24c4-48e1-8a1a-c8c309014587"
              },
              "type": "ParseJson",
              "inputs": {
                "content": "@body('Add_-_Role')",
                "schema": {
                  "type": "object",
                  "properties": {
                    "uuid": {
                      "type": "string"
                    }
                  }
                }
              }
            },
            "Condition_2": {
              "actions": {
                "Update_StudyContact_Error_Status_2": {
                  "runAfter": {},
                  "metadata": {
                    "operationMetadataId": "cdd66f39-14bd-419c-afab-a17fa65fdac1"
                  },
                  "type": "OpenApiConnection",
                  "inputs": {
                    "host": {
                      "connectionName": "shared_commondataserviceforapps",
                      "operationId": "UpdateRecord",
                      "apiId": "/providers/Microsoft.PowerApps/apis/shared_commondataserviceforapps"
                    },
                    "parameters": {
                      "entityName": "cr420_studysitecontacts",
                      "recordId": "@triggerBody()['text_6']",
                      "item/mib_status": "@{body('Add_-_Role')?['status']} - @{body('Add_-_Role')?['error_type']}",
                      "item/mib_flowstate": 913380001
                    },
                    "authentication": "@parameters('$authentication')"
                  }
                },
                "Return_to_caller_2": {
                  "runAfter": {
                    "Condition_5": [
                      "Succeeded"
                    ]
                  },
                  "metadata": {
                    "operationMetadataId": "3ad8c800-5526-464a-aaaa-30cebc5def2b"
                  },
                  "type": "Response",
                  "kind": "PowerApp",
                  "inputs": {
                    "statusCode": 200,
                    "body": {
                      "status": "500"
                    },
                    "schema": {
                      "type": "object",
                      "properties": {
                        "status": {
                          "title": "Status",
                          "x-ms-dynamically-added": true,
                          "type": "string"
                        }
                      }
                    }
                  }
                },
                "Terminate_2": {
                  "runAfter": {
                    "Return_to_caller_2": [
                      "Succeeded"
                    ]
                  },
                  "metadata": {
                    "operationMetadataId": "7ee02eed-2333-4716-bae9-5feee6ec9803"
                  },
                  "type": "Terminate",
                  "inputs": {
                    "runStatus": "Failed"
                  }
                },
                "Condition_5": {
                  "actions": {},
                  "runAfter": {
                    "Update_StudyContact_Error_Status_2": [
                      "Succeeded"
                    ]
                  },
                  "else": {
                    "actions": {
                      "Update_ECC_Queue_Retry_Record_-_Integration_Failed_3": {
                        "runAfter": {},
                        "metadata": {
                          "operationMetadataId": "fe339893-03fc-4fb0-bf89-f1a2889f69e9"
                        },
                        "type": "OpenApiConnection",
                        "inputs": {
                          "host": {
                            "connectionName": "shared_commondataserviceforapps_1",
                            "operationId": "UpdateRecord",
                            "apiId": "/providers/Microsoft.PowerApps/apis/shared_commondataserviceforapps"
                          },
                          "parameters": {
                            "entityName": "mib_eccqueues",
                            "recordId": "@outputs('Update_StudyContact_Error_Status_2')?['body/mib_eccqueuerecordguid']",
                            "item/mib_status": "Study site contact creation failed",
                            "item/mib_flowstate": 913380001,
                            "item/mib_isretry": true,
                            "item/mib_processeddatetime": "@utcNow()",
                            "item/mib_relatedrecord_cr420_StudySiteContact_cr420_studysitecontact@odata.bind": "/cr420_studysitecontacts/@{triggerBody()['text_6']}",
                            "item/mib_state": 913380006
                          },
                          "authentication": "@parameters('$authentication')"
                        }
                      }
                    }
                  },
                  "expression": {
                    "equals": [
                      "@empty(outputs('Update_StudyContact_Error_Status_2')?['body/mib_eccqueuerecordguid'])",
                      "@true"
                    ]
                  },
                  "metadata": {
                    "operationMetadataId": "e0a806fa-f4c1-4931-8e9e-320d87674d00"
                  },
                  "type": "If"
                }
              },
              "runAfter": {
                "Set_variable_2": [
                  "Succeeded"
                ]
              },
              "else": {
                "actions": {
                  "Update_a_row_2": {
                    "runAfter": {},
                    "metadata": {
                      "operationMetadataId": "a9120c26-9268-4931-bf18-f22c861e4e29"
                    },
                    "type": "OpenApiConnection",
                    "inputs": {
                      "host": {
                        "connectionName": "shared_commondataserviceforapps",
                        "operationId": "UpdateRecord",
                        "apiId": "/providers/Microsoft.PowerApps/apis/shared_commondataserviceforapps"
                      },
                      "parameters": {
                        "entityName": "cr420_studysitecontacts",
                        "recordId": "@triggerBody()['text_6']",
                        "item/mib_status": "In Sync"
                      },
                      "authentication": {
                        "type": "Raw",
                        "value": "@json(decodeBase64(triggerOutputs().headers['X-MS-APIM-Tokens']))['$ConnectionKey']"
                      }
                    }
                  },
                  "Condition_7": {
                    "actions": {},
                    "runAfter": {
                      "Update_a_row_2": [
                        "Succeeded"
                      ]
                    },
                    "else": {
                      "actions": {
                        "Update_ECC_Queue_Retry_Record_-_Integration_Failed_4": {
                          "runAfter": {},
                          "metadata": {
                            "operationMetadataId": "fe339893-03fc-4fb0-bf89-f1a2889f69e9"
                          },
                          "type": "OpenApiConnection",
                          "inputs": {
                            "host": {
                              "connectionName": "shared_commondataserviceforapps_1",
                              "operationId": "UpdateRecord",
                              "apiId": "/providers/Microsoft.PowerApps/apis/shared_commondataserviceforapps"
                            },
                            "parameters": {
                              "entityName": "mib_eccqueues",
                              "recordId": "@outputs('Update_a_row_2')?['body/mib_eccqueuerecordguid']",
                              "item/mib_status": "Study site contact role creation successful",
                              "item/mib_flowstate": 913380001,
                              "item/mib_isretry": true,
                              "item/mib_processeddatetime": "@utcNow()",
                              "item/mib_relatedrecord_cr420_StudySiteContact_cr420_studysitecontact@odata.bind": "/cr420_studysitecontacts/@{triggerBody()['text_6']}",
                              "item/mib_state": 913380002
                            },
                            "authentication": "@parameters('$authentication')"
                          }
                        }
                      }
                    },
                    "expression": {
                      "equals": [
                        "@empty(outputs('Update_a_row_2')?['body/mib_eccqueuerecordguid'])",
                        "@true"
                      ]
                    },
                    "metadata": {
                      "operationMetadataId": "e0a806fa-f4c1-4931-8e9e-320d87674d00"
                    },
                    "type": "If"
                  }
                }
              },
              "expression": {
                "equals": [
                  "@toLower(body('Add_-_Role')?['status'])",
                  "error"
                ]
              },
              "metadata": {
                "operationMetadataId": "38bc0688-b844-4968-a54b-05bd7fec62b7"
              },
              "type": "If"
            },
            "Set_variable_2": {
              "runAfter": {
                "Get_Role_Id": [
                  "Succeeded"
                ]
              },
              "metadata": {
                "operationMetadataId": "3d551de0-023e-47c4-9137-0f6f8e9dc344"
              },
              "type": "SetVariable",
              "inputs": {
                "name": "Role UUID",
                "value": "@body('Get_Role_Id')?['uuid']"
              }
            }
          },
          "runAfter": {
            "Apply_to_each": [
              "Succeeded"
            ]
          },
          "expression": {
            "equals": [
              "@empty(variables('Role UUID'))",
              "@true"
            ]
          },
          "metadata": {
            "operationMetadataId": "b304147a-58fd-4bfd-be86-be88b2d07a3b"
          },
          "type": "If"
        },
        "Apply_to_each": {
          "foreach": "@body('Parse_JSON')?['roles']",
          "actions": {
            "Condition_to_check_the_Role_name_exist_in_Ambra": {
              "actions": {
                "Set_variable": {
                  "runAfter": {},
                  "metadata": {
                    "operationMetadataId": "e7edef93-953f-4342-ac0e-de33fe401815"
                  },
                  "type": "SetVariable",
                  "inputs": {
                    "name": "Role UUID",
                    "value": "@items('Apply_to_each')?['uuid']"
                  }
                }
              },
              "runAfter": {},
              "expression": {
                "equals": [
                  "@toLower(items('Apply_to_each')?['name'])",
                  "@toLower(triggerBody()['text_7'])"
                ]
              },
              "metadata": {
                "operationMetadataId": "b1ca485b-f41b-4e8d-8bdd-ec65df8a3a9e"
              },
              "type": "If"
            }
          },
          "runAfter": {
            "Parse_JSON": [
              "Succeeded"
            ]
          },
          "metadata": {
            "operationMetadataId": "4fa852ac-4c90-4fe2-8d50-b5403c1134dd"
          },
          "type": "Foreach"
        }
      },
      "outputs": {}
    }
  },
  "schemaVersion": "1.0.0.0"
}