{
  "properties": {
    "connectionReferences": {
      "shared_commondataserviceforapps": {
        "runtimeSource": "embedded",
        "connection": {
          "connectionReferenceLogicalName": "mib_MicrosoftDataverseMIBAdmin"
        },
        "api": {
          "name": "shared_commondataserviceforapps"
        }
      },
      "shared_commondataserviceforapps_1": {
        "runtimeSource": "embedded",
        "connection": {
          "connectionReferenceLogicalName": "mib_sharedcommondataserviceforapps_7311c"
        },
        "api": {
          "name": "shared_commondataserviceforapps"
        }
      }
    },
    "definition": {
      "$schema": "https://schema.management.azure.com/providers/Microsoft.Logic/schemas/2016-06-01/workflowdefinition.json#",
      "contentVersion": "1.0.0.0",
      "parameters": {
        "$connections": {
          "defaultValue": {},
          "type": "Object"
        },
        "$authentication": {
          "defaultValue": {},
          "type": "SecureObject"
        }
      },
      "triggers": {
        "manual": {
          "metadata": {
            "operationMetadataId": "649398e7-75e5-46ca-87ec-9ed0b2651fd3"
          },
          "type": "Request",
          "kind": "Button",
          "inputs": {
            "schema": {
              "type": "object",
              "properties": {
                "text": {
                  "title": "Service_Url",
                  "type": "string",
                  "x-ms-dynamically-added": true,
                  "description": "Service_Url",
                  "x-ms-content-hint": "TEXT"
                },
                "text_1": {
                  "title": "UserName",
                  "type": "string",
                  "x-ms-dynamically-added": true,
                  "description": "UserName",
                  "x-ms-content-hint": "TEXT"
                },
                "text_2": {
                  "title": "Password",
                  "type": "string",
                  "x-ms-dynamically-added": true,
                  "description": "Password",
                  "x-ms-content-hint": "TEXT"
                },
                "text_3": {
                  "title": "Site_ID",
                  "type": "string",
                  "x-ms-dynamically-added": true,
                  "description": "Site_ID",
                  "x-ms-content-hint": "TEXT"
                },
                "text_4": {
                  "title": "Name",
                  "type": "string",
                  "x-ms-dynamically-added": true,
                  "description": "Name",
                  "x-ms-content-hint": "TEXT"
                },
                "text_5": {
                  "title": "Scanner GUID",
                  "type": "string",
                  "x-ms-dynamically-added": true,
                  "description": "Scanner GUID",
                  "x-ms-content-hint": "TEXT"
                },
                "text_6": {
                  "title": "Scanner Type",
                  "type": "string",
                  "x-ms-dynamically-added": true,
                  "description": "Please enter your input",
                  "x-ms-content-hint": "TEXT"
                },
                "text_7": {
                  "title": "Manufacturer ",
                  "type": "string",
                  "x-ms-dynamically-added": true,
                  "description": "Manufacturer ",
                  "x-ms-content-hint": "TEXT"
                },
                "text_8": {
                  "title": "Model",
                  "type": "string",
                  "x-ms-dynamically-added": true,
                  "description": "Model",
                  "x-ms-content-hint": "TEXT"
                },
                "text_9": {
                  "title": "Serial No",
                  "type": "string",
                  "x-ms-dynamically-added": true,
                  "description": "Serial No",
                  "x-ms-content-hint": "TEXT"
                },
                "boolean": {
                  "title": "Is Retry",
                  "type": "boolean",
                  "x-ms-dynamically-added": true,
                  "description": "Is Retry",
                  "x-ms-content-hint": "BOOLEAN"
                },
                "text_10": {
                  "title": "ECC queue record GUID",
                  "type": "string",
                  "x-ms-dynamically-added": true,
                  "description": "ECC queue record GUID",
                  "x-ms-content-hint": "TEXT"
                }
              },
              "required": [
                "text",
                "text_1",
                "text_2",
                "text_3",
                "text_4",
                "text_5",
                "text_6",
                "text_7",
                "text_8",
                "text_9",
                "boolean",
                "text_10"
              ]
            },
            "headersSchema": {
              "x-ms-user-name-encoded": {
                "title": "User name",
                "type": "string",
                "format": "byte",
                "x-ms-dynamically-added": false
              }
            }
          }
        }
      },
      "actions": {
        "Http_-_Login_Session_Info": {
          "runAfter": {
            "Add_a_ECC_Record_for_Message_Type:_AmbraAddGlobalScannerSessionAPI": [
              "Succeeded"
            ]
          },
          "metadata": {
            "operationMetadataId": "8833fa30-5bc0-46dd-b050-81669c10f93d"
          },
          "type": "Http",
          "inputs": {
            "method": "POST",
            "uri": "@{triggerBody()['text']}/api/v3/session/login",
            "headers": {
              "Content-Type": "application/x-www-form-urlencoded"
            },
            "body": "login=@{triggerBody()?['text_1']}&password=@{triggerBody()?['text_2']}"
          }
        },
        "Get_Session_ID": {
          "runAfter": {
            "Condition_to_update_ECC_record_when_success": [
              "Succeeded"
            ]
          },
          "metadata": {
            "operationMetadataId": "6d9300fe-5973-4135-bcac-125acf82d090"
          },
          "type": "ParseJson",
          "inputs": {
            "content": "@body('Http_-_Login_Session_Info')",
            "schema": {
              "type": "object",
              "properties": {
                "sid": {
                  "type": "string"
                }
              }
            }
          }
        },
        "Add_-_SiteEquipment": {
          "runAfter": {
            "Add_a_ECC_Record_for_Message_Type:_AmbraAddGlobalSiteEquipmentAddScannerAPI": [
              "Succeeded"
            ]
          },
          "metadata": {
            "operationMetadataId": "3a7906b5-982d-421a-a01c-052dc3620e8f"
          },
          "type": "Http",
          "inputs": {
            "method": "POST",
            "uri": "@{triggerBody()['text']}/api/v3/scanner/add",
            "headers": {
              "Content-Type": "application/x-www-form-urlencoded"
            },
            "body": "sid=@{body('Get_Session_ID')?['sid']}&site_id=@{triggerBody()['text_3']}&name=@{triggerBody()['text_4']}&manufacturer=@{triggerBody()['text_7']}&model=@{triggerBody()['text_8']}&serial_no=@{triggerBody()['text_9']}"
          }
        },
        "Add_a_ECC_Record_for_Message_Type:_AmbraAddGlobalSiteEquipmentAddScannerAPI": {
          "runAfter": {
            "Get_Session_ID": [
              "Succeeded"
            ]
          },
          "metadata": {
            "operationMetadataId": "dd8d0da5-0eee-40f5-ab18-ae7de023a52e"
          },
          "type": "OpenApiConnection",
          "inputs": {
            "host": {
              "connectionName": "shared_commondataserviceforapps",
              "operationId": "CreateRecord",
              "apiId": "/providers/Microsoft.PowerApps/apis/shared_commondataserviceforapps"
            },
            "parameters": {
              "entityName": "mib_eccqueues",
              "item/mib_createddatetime": "@utcNow()",
              "item/mib_direction": 913380001,
              "item/mib_integrationmessagetype": 4,
              "item/mib_name": "Add SiteEquip - @{triggerBody()['text_4']}",
              "item/mib_requestfor": 913380004,
              "item/mib_state": 913380004
            },
            "authentication": {
              "type": "Raw",
              "value": "@json(decodeBase64(triggerOutputs().headers['X-MS-APIM-Tokens']))['$ConnectionKey']"
            }
          }
        },
        "Add_a_ECC_Record_for_Message_Type:_AmbraAddGlobalScannerSessionAPI": {
          "runAfter": {},
          "metadata": {
            "operationMetadataId": "c7a8a112-7310-4133-a652-a987891c86ad"
          },
          "type": "OpenApiConnection",
          "inputs": {
            "host": {
              "connectionName": "shared_commondataserviceforapps",
              "operationId": "CreateRecord",
              "apiId": "/providers/Microsoft.PowerApps/apis/shared_commondataserviceforapps"
            },
            "parameters": {
              "entityName": "mib_eccqueues",
              "item/mib_createddatetime": "@utcNow()",
              "item/mib_direction": 913380001,
              "item/mib_integrationmessagetype": 3,
              "item/mib_name": "Add Site Equip - @{triggerBody()['text_4']}",
              "item/mib_relatedrecord_new_SiteEquipment_new_siteequipment@odata.bind": "/new_siteequipments/@{triggerBody()['text_5']}",
              "item/mib_requestfor": 913380001,
              "item/mib_state": 913380004
            },
            "authentication": {
              "type": "Raw",
              "value": "@json(decodeBase64(triggerOutputs().headers['X-MS-APIM-Tokens']))['$ConnectionKey']"
            }
          }
        },
        "Condition": {
          "actions": {
            "Update_Site_Equipment_Error_Status": {
              "runAfter": {},
              "metadata": {
                "operationMetadataId": "be927163-67c4-4073-86db-4261b1e6f65a"
              },
              "type": "OpenApiConnection",
              "inputs": {
                "host": {
                  "connectionName": "shared_commondataserviceforapps",
                  "operationId": "UpdateRecord",
                  "apiId": "/providers/Microsoft.PowerApps/apis/shared_commondataserviceforapps"
                },
                "parameters": {
                  "entityName": "new_siteequipments",
                  "recordId": "@triggerBody()['text_5']",
                  "item/mib_status": "@concat(body('Add_-_SiteEquipment')?['status'], '-', body('Add_-_SiteEquipment')?['error_type'])",
                  "item/mib_flowstate": 913380001
                },
                "authentication": {
                  "type": "Raw",
                  "value": "@json(decodeBase64(triggerOutputs().headers['X-MS-APIM-Tokens']))['$ConnectionKey']"
                }
              }
            },
            "Respond_to_caller_-_Error_Status": {
              "runAfter": {
                "Condition_2": [
                  "Succeeded"
                ]
              },
              "metadata": {
                "operationMetadataId": "dfec62cc-e86b-4344-96cc-a6152947171f"
              },
              "type": "Response",
              "kind": "PowerApp",
              "inputs": {
                "statusCode": 200,
                "body": {
                  "status": "500"
                },
                "schema": {
                  "type": "object",
                  "properties": {
                    "status": {
                      "title": "Status",
                      "x-ms-dynamically-added": true,
                      "type": "string"
                    }
                  }
                }
              }
            },
            "Terminate": {
              "runAfter": {
                "Respond_to_caller_-_Error_Status": [
                  "Succeeded"
                ]
              },
              "metadata": {
                "operationMetadataId": "36bed41f-0871-4468-8e13-91eca879f6b4"
              },
              "type": "Terminate",
              "inputs": {
                "runStatus": "Failed"
              }
            },
            "Condition_2": {
              "actions": {},
              "runAfter": {
                "Update_Site_Equipment_Error_Status": [
                  "Succeeded"
                ]
              },
              "else": {
                "actions": {
                  "Update_ECC_Queue_Retry_Record_-_Integration_Failed": {
                    "runAfter": {},
                    "metadata": {
                      "operationMetadataId": "fe339893-03fc-4fb0-bf89-f1a2889f69e9"
                    },
                    "type": "OpenApiConnection",
                    "inputs": {
                      "host": {
                        "connectionName": "shared_commondataserviceforapps_1",
                        "operationId": "UpdateRecord",
                        "apiId": "/providers/Microsoft.PowerApps/apis/shared_commondataserviceforapps"
                      },
                      "parameters": {
                        "entityName": "mib_eccqueues",
                        "recordId": "@outputs('Update_Site_Equipment_Error_Status')?['body/mib_eccqueuerecordguid']",
                        "item/mib_status": "Site equipment is creation failed",
                        "item/mib_flowstate": 913380001,
                        "item/mib_isretry": "@triggerBody()['boolean']",
                        "item/mib_processeddatetime": "@utcNow()",
                        "item/mib_relatedrecord_new_SiteEquipment_new_siteequipment@odata.bind": "/new_siteequipments/@{triggerBody()['text_5']}",
                        "item/mib_state": 913380006
                      },
                      "authentication": {
                        "type": "Raw",
                        "value": "@json(decodeBase64(triggerOutputs().headers['X-MS-APIM-Tokens']))['$ConnectionKey']"
                      }
                    }
                  }
                }
              },
              "expression": {
                "equals": [
                  "@empty(outputs('Update_Site_Equipment_Error_Status')?['body/mib_eccqueuerecordguid'])",
                  "@true"
                ]
              },
              "metadata": {
                "operationMetadataId": "88fa0bf3-8426-443e-9dd4-ea73d2f10c95"
              },
              "type": "If"
            }
          },
          "runAfter": {
            "Condition_to_update_ECC_record_when_success_3": [
              "Succeeded"
            ]
          },
          "else": {
            "actions": {
              "Update_a_row": {
                "runAfter": {},
                "metadata": {
                  "operationMetadataId": "0b8d0938-d45a-4377-b0af-ff63ec9dcfd8"
                },
                "type": "OpenApiConnection",
                "inputs": {
                  "host": {
                    "connectionName": "shared_commondataserviceforapps",
                    "operationId": "UpdateRecord",
                    "apiId": "/providers/Microsoft.PowerApps/apis/shared_commondataserviceforapps"
                  },
                  "parameters": {
                    "entityName": "new_siteequipments",
                    "recordId": "@triggerBody()?['text_5']",
                    "item/new_scannertype": "@triggerBody()['text_6']",
                    "item/mib_status": "In Sync",
                    "item/mib_flowstate": 913380001,
                    "item/mib_operation": 913380000,
                    "item/mib_uuid": "@body('Add_-_SiteEquipment')?['uuid']"
                  },
                  "authentication": {
                    "type": "Raw",
                    "value": "@json(decodeBase64(triggerOutputs().headers['X-MS-APIM-Tokens']))['$ConnectionKey']"
                  }
                }
              },
              "Condition_3": {
                "actions": {},
                "runAfter": {
                  "Update_a_row": [
                    "Succeeded"
                  ]
                },
                "else": {
                  "actions": {
                    "Update_ECC_Queue_Retry_Record_-_Integration_Successful": {
                      "runAfter": {},
                      "metadata": {
                        "operationMetadataId": "fe339893-03fc-4fb0-bf89-f1a2889f69e9"
                      },
                      "type": "OpenApiConnection",
                      "inputs": {
                        "host": {
                          "connectionName": "shared_commondataserviceforapps_1",
                          "operationId": "UpdateRecord",
                          "apiId": "/providers/Microsoft.PowerApps/apis/shared_commondataserviceforapps"
                        },
                        "parameters": {
                          "entityName": "mib_eccqueues",
                          "recordId": "@outputs('Update_a_row')?['body/mib_eccqueuerecordguid']",
                          "item/mib_status": "Site equipment is successfully created",
                          "item/mib_flowstate": 913380001,
                          "item/mib_isretry": "@triggerBody()['boolean']",
                          "item/mib_processeddatetime": "@utcNow()",
                          "item/mib_relatedrecord_new_SiteEquipment_new_siteequipment@odata.bind": "/new_siteequipments/@{triggerBody()['text_5']}",
                          "item/mib_state": 913380002
                        },
                        "authentication": {
                          "type": "Raw",
                          "value": "@json(decodeBase64(triggerOutputs().headers['X-MS-APIM-Tokens']))['$ConnectionKey']"
                        }
                      }
                    }
                  }
                },
                "expression": {
                  "equals": [
                    "@empty(outputs('Update_a_row')?['body/mib_eccqueuerecordguid'])",
                    "@true"
                  ]
                },
                "metadata": {
                  "operationMetadataId": "c65f8ae3-0dd5-41f2-a685-58bed6ba9994"
                },
                "type": "If"
              }
            }
          },
          "expression": {
            "equals": [
              "@toLower(body('Add_-_SiteEquipment')?['status'])",
              "error"
            ]
          },
          "metadata": {
            "operationMetadataId": "557704d9-adfd-4a85-ba08-04a740d8f4df"
          },
          "type": "If"
        },
        "Respond_to_a_PowerApp_or_flow": {
          "runAfter": {
            "Update_ECC_Record_-_Integration_Successful": [
              "Succeeded"
            ]
          },
          "metadata": {
            "operationMetadataId": "53e1ab61-2e02-4226-8d63-c9db7ffc112f"
          },
          "type": "Response",
          "kind": "PowerApp",
          "inputs": {
            "statusCode": 200,
            "body": {
              "status": "200"
            },
            "schema": {
              "type": "object",
              "properties": {
                "status": {
                  "title": "Status",
                  "x-ms-dynamically-added": true,
                  "type": "string"
                }
              }
            }
          }
        },
        "Update_ECC_Record_-_Integration_Successful": {
          "runAfter": {
            "Condition": [
              "Succeeded"
            ]
          },
          "metadata": {
            "operationMetadataId": "fe339893-03fc-4fb0-bf89-f1a2889f69e9"
          },
          "type": "OpenApiConnection",
          "inputs": {
            "host": {
              "connectionName": "shared_commondataserviceforapps_1",
              "operationId": "UpdateRecord",
              "apiId": "/providers/Microsoft.PowerApps/apis/shared_commondataserviceforapps"
            },
            "parameters": {
              "entityName": "mib_eccqueues",
              "recordId": "@outputs('Add_a_ECC_Record_for_Message_Type:_AmbraAddGlobalSiteEquipmentAddScannerAPI')?['body/mib_eccqueueid']",
              "item/mib_status": "Site equipment is successfully created",
              "item/mib_flowstate": 913380001,
              "item/mib_isretry": "@triggerBody()['boolean']",
              "item/mib_processeddatetime": "@utcNow()",
              "item/mib_relatedrecord_new_SiteEquipment_new_siteequipment@odata.bind": "/new_siteequipments/@{triggerBody()['text_5']}",
              "item/mib_state": 913380002
            },
            "authentication": {
              "type": "Raw",
              "value": "@json(decodeBase64(triggerOutputs().headers['X-MS-APIM-Tokens']))['$ConnectionKey']"
            }
          }
        },
        "HTTP_Session_Login_Failed": {
          "actions": {
            "Failed_Update_ECC_Record_For_Message_Type:_AmbraAddGlobalSiteEquipmentSessionAPI": {
              "runAfter": {},
              "metadata": {
                "operationMetadataId": "03e80a1b-1319-42a4-baa4-ee94ea4a4718"
              },
              "type": "OpenApiConnection",
              "inputs": {
                "host": {
                  "connectionName": "shared_commondataserviceforapps",
                  "operationId": "UpdateRecord",
                  "apiId": "/providers/Microsoft.PowerApps/apis/shared_commondataserviceforapps"
                },
                "parameters": {
                  "entityName": "mib_eccqueues",
                  "recordId": "@outputs('Add_a_ECC_Record_for_Message_Type:_AmbraAddGlobalScannerSessionAPI')?['body/mib_eccqueueid']",
                  "item/mib_status": "HTTP Session Login Failed",
                  "item/mib_body": "@body('Http_-_Login_Session_Info')",
                  "item/mib_isretry": false,
                  "item/mib_method": "POST",
                  "item/mib_processeddatetime": "@utcNow()",
                  "item/mib_relatedrecord_new_SiteEquipment_new_siteequipment@odata.bind": "/new_siteequipments/@{triggerBody()['text_5']}",
                  "item/mib_state": 913380006
                },
                "authentication": {
                  "type": "Raw",
                  "value": "@json(decodeBase64(triggerOutputs().headers['X-MS-APIM-Tokens']))['$ConnectionKey']"
                }
              }
            },
            "Return_to_caller_-_HTTP_Session_Login_Failed": {
              "runAfter": {
                "Condition_4": [
                  "Succeeded"
                ]
              },
              "metadata": {
                "operationMetadataId": "e3d0847b-0159-4432-802d-a829aca831e9"
              },
              "type": "Response",
              "kind": "PowerApp",
              "inputs": {
                "statusCode": 200,
                "body": {
                  "status": "500"
                },
                "schema": {
                  "type": "object",
                  "properties": {
                    "status": {
                      "title": "Status",
                      "x-ms-dynamically-added": true,
                      "type": "string"
                    }
                  }
                }
              }
            },
            "Terminate_-_HTTP_Session_Login_Failed": {
              "runAfter": {
                "Return_to_caller_-_HTTP_Session_Login_Failed": [
                  "Succeeded"
                ]
              },
              "metadata": {
                "operationMetadataId": "78df0bd1-8fa2-4a23-ab19-7fc075bb1fcf"
              },
              "type": "Terminate",
              "inputs": {
                "runStatus": "Failed"
              }
            },
            "Update_Site_Equipment_-_HTTP_Session_Login_Failed": {
              "runAfter": {
                "Failed_Update_ECC_Record_For_Message_Type:_AmbraAddGlobalSiteEquipmentSessionAPI": [
                  "Succeeded"
                ]
              },
              "metadata": {
                "operationMetadataId": "be927163-67c4-4073-86db-4261b1e6f65a"
              },
              "type": "OpenApiConnection",
              "inputs": {
                "host": {
                  "connectionName": "shared_commondataserviceforapps",
                  "operationId": "UpdateRecord",
                  "apiId": "/providers/Microsoft.PowerApps/apis/shared_commondataserviceforapps"
                },
                "parameters": {
                  "entityName": "new_siteequipments",
                  "recordId": "@triggerBody()['text_5']",
                  "item/mib_status": "HTTP Session Login Failed",
                  "item/mib_flowstate": 913380001
                },
                "authentication": {
                  "type": "Raw",
                  "value": "@json(decodeBase64(triggerOutputs().headers['X-MS-APIM-Tokens']))['$ConnectionKey']"
                }
              }
            },
            "Condition_4": {
              "actions": {},
              "runAfter": {
                "Update_Site_Equipment_-_HTTP_Session_Login_Failed": [
                  "Succeeded"
                ]
              },
              "else": {
                "actions": {
                  "Update_ECC_Queue_Retry_Record_-_Integration_Failed_2": {
                    "runAfter": {},
                    "metadata": {
                      "operationMetadataId": "21093035-7361-4167-b3fe-56e7f0c03116"
                    },
                    "type": "OpenApiConnection",
                    "inputs": {
                      "host": {
                        "connectionName": "shared_commondataserviceforapps_1",
                        "operationId": "UpdateRecord",
                        "apiId": "/providers/Microsoft.PowerApps/apis/shared_commondataserviceforapps"
                      },
                      "parameters": {
                        "entityName": "mib_eccqueues",
                        "recordId": "@outputs('Update_Site_Equipment_-_HTTP_Session_Login_Failed')?['body/mib_eccqueuerecordguid']",
                        "item/mib_status": "Site creation session login failed",
                        "item/mib_flowstate": 913380001,
                        "item/mib_isretry": true,
                        "item/mib_processeddatetime": "@utcNow()",
                        "item/mib_relatedrecord_new_SiteEquipment_new_siteequipment@odata.bind": "/new_siteequipments/@{triggerBody()['text_5']}",
                        "item/mib_state": 913380006
                      },
                      "authentication": {
                        "type": "Raw",
                        "value": "@json(decodeBase64(triggerOutputs().headers['X-MS-APIM-Tokens']))['$ConnectionKey']"
                      }
                    }
                  },
                  "Failed_Update_ECC_Record_For_Message_Type:_AmbraAddGlobalSiteEquipmentSessio": {
                    "runAfter": {
                      "Update_ECC_Queue_Retry_Record_-_Integration_Failed_2": [
                        "Succeeded"
                      ]
                    },
                    "metadata": {
                      "operationMetadataId": "03e80a1b-1319-42a4-baa4-ee94ea4a4718"
                    },
                    "type": "OpenApiConnection",
                    "inputs": {
                      "host": {
                        "connectionName": "shared_commondataserviceforapps",
                        "operationId": "UpdateRecord",
                        "apiId": "/providers/Microsoft.PowerApps/apis/shared_commondataserviceforapps"
                      },
                      "parameters": {
                        "entityName": "mib_eccqueues",
                        "recordId": "@outputs('Add_a_ECC_Record_for_Message_Type:_AmbraAddGlobalScannerSessionAPI')?['body/mib_eccqueueid']",
                        "item/mib_status": "HTTP Session Login Failed",
                        "item/mib_body": "@body('Http_-_Login_Session_Info')",
                        "item/mib_ECCQueue@odata.bind": "/mib_eccqueues/@{outputs('Update_Site_Equipment_-_HTTP_Session_Login_Failed')?['body/mib_eccqueuerecordguid']}",
                        "item/mib_isretry": false,
                        "item/mib_method": "POST",
                        "item/mib_processeddatetime": "@utcNow()",
                        "item/mib_relatedrecord_new_SiteEquipment_new_siteequipment@odata.bind": "/new_siteequipments/@{triggerBody()['text_5']}",
                        "item/mib_state": 913380006
                      },
                      "authentication": {
                        "type": "Raw",
                        "value": "@json(decodeBase64(triggerOutputs().headers['X-MS-APIM-Tokens']))['$ConnectionKey']"
                      }
                    }
                  }
                }
              },
              "expression": {
                "equals": [
                  "@empty(outputs('Update_Site_Equipment_-_HTTP_Session_Login_Failed')?['body/mib_eccqueuerecordguid'])",
                  "@true"
                ]
              },
              "metadata": {
                "operationMetadataId": "227e62b3-b3ce-4f82-ab81-d33cc04fa5c7"
              },
              "type": "If"
            }
          },
          "runAfter": {
            "Http_-_Login_Session_Info": [
              "Failed",
              "TimedOut"
            ]
          },
          "metadata": {
            "operationMetadataId": "a1256613-2235-42b3-8c89-2dd415c37c73"
          },
          "type": "Scope"
        },
        "Condition_to_update_ECC_record_when_success": {
          "actions": {
            "Update_ECC_Record_For_Message_Type:_AmbraAddGlobalSiteEquipmentSessionAPI": {
              "runAfter": {},
              "metadata": {
                "operationMetadataId": "477c8d53-92d1-4010-b923-d0f6145f6b89"
              },
              "type": "OpenApiConnection",
              "inputs": {
                "host": {
                  "connectionName": "shared_commondataserviceforapps",
                  "operationId": "UpdateRecord",
                  "apiId": "/providers/Microsoft.PowerApps/apis/shared_commondataserviceforapps"
                },
                "parameters": {
                  "entityName": "mib_eccqueues",
                  "recordId": "@outputs('Add_a_ECC_Record_for_Message_Type:_AmbraAddGlobalScannerSessionAPI')?['body/mib_eccqueueid']",
                  "item/mib_status": "HTTP Session Login Successful",
                  "item/mib_body": "@body('Http_-_Login_Session_Info')",
                  "item/mib_method": "POST",
                  "item/mib_processeddatetime": "@utcNow()",
                  "item/mib_relatedrecord_new_SiteEquipment_new_siteequipment@odata.bind": "/new_siteequipments/@{triggerBody()['text_5']}",
                  "item/mib_state": 913380002
                },
                "authentication": {
                  "type": "Raw",
                  "value": "@json(decodeBase64(triggerOutputs().headers['X-MS-APIM-Tokens']))['$ConnectionKey']"
                }
              }
            }
          },
          "runAfter": {
            "HTTP_Session_Login_Failed": [
              "Skipped"
            ]
          },
          "else": {
            "actions": {
              "Update_ECC_Record_For_Message_Type:_AmbraAddGlobalSiteEquipmentSessionAPI_2": {
                "runAfter": {},
                "metadata": {
                  "operationMetadataId": "477c8d53-92d1-4010-b923-d0f6145f6b89"
                },
                "type": "OpenApiConnection",
                "inputs": {
                  "host": {
                    "connectionName": "shared_commondataserviceforapps",
                    "operationId": "UpdateRecord",
                    "apiId": "/providers/Microsoft.PowerApps/apis/shared_commondataserviceforapps"
                  },
                  "parameters": {
                    "entityName": "mib_eccqueues",
                    "recordId": "@outputs('Add_a_ECC_Record_for_Message_Type:_AmbraAddGlobalScannerSessionAPI')?['body/mib_eccqueueid']",
                    "item/mib_status": "HTTP Session Login Successful",
                    "item/mib_body": "@body('Http_-_Login_Session_Info')",
                    "item/mib_ECCQueue@odata.bind": "/mib_eccqueues/@{triggerBody()['text_10']}",
                    "item/mib_method": "POST",
                    "item/mib_processeddatetime": "@utcNow()",
                    "item/mib_relatedrecord_new_SiteEquipment_new_siteequipment@odata.bind": "/new_siteequipments/@{triggerBody()['text_5']}",
                    "item/mib_state": 913380002
                  },
                  "authentication": {
                    "type": "Raw",
                    "value": "@json(decodeBase64(triggerOutputs().headers['X-MS-APIM-Tokens']))['$ConnectionKey']"
                  }
                }
              }
            }
          },
          "expression": {
            "equals": [
              "@empty(triggerBody()['text_10'])",
              "@true"
            ]
          },
          "metadata": {
            "operationMetadataId": "2ab000cd-d7e6-49e4-a98a-a5f15c6238a6"
          },
          "type": "If"
        },
        "Condition_to_update_ECC_record_when_failed_2": {
          "actions": {
            "Failed_Update_ECC_Record:_AmbraAddGlobalSiteEquipmentAddScannerAPI": {
              "runAfter": {},
              "metadata": {
                "operationMetadataId": "c89e4f4e-b3ca-4479-97fc-63da3bc1745b"
              },
              "type": "OpenApiConnection",
              "inputs": {
                "host": {
                  "connectionName": "shared_commondataserviceforapps",
                  "operationId": "UpdateRecord",
                  "apiId": "/providers/Microsoft.PowerApps/apis/shared_commondataserviceforapps"
                },
                "parameters": {
                  "entityName": "mib_eccqueues",
                  "recordId": "@outputs('Add_a_ECC_Record_for_Message_Type:_AmbraAddGlobalSiteEquipmentAddScannerAPI')?['body/mib_eccqueueid']",
                  "item/mib_status": "@concat(body('Add_-_SiteEquipment')?['status'], '-', body('Add_-_SiteEquipment')?['error_type'])",
                  "item/mib_body": "@body('Add_-_SiteEquipment')",
                  "item/mib_headers": "@outputs('Add_-_SiteEquipment')['headers']",
                  "item/mib_isretry": false,
                  "item/mib_method": "POST",
                  "item/mib_processeddatetime": "@utcNow()",
                  "item/mib_relatedrecord_new_SiteEquipment_new_siteequipment@odata.bind": "/new_siteequipments/@{triggerBody()['text_5']}",
                  "item/mib_state": 913380006
                },
                "authentication": {
                  "type": "Raw",
                  "value": "@json(decodeBase64(triggerOutputs().headers['X-MS-APIM-Tokens']))['$ConnectionKey']"
                }
              }
            }
          },
          "runAfter": {
            "Add_-_SiteEquipment": [
              "Failed",
              "TimedOut"
            ]
          },
          "else": {
            "actions": {
              "Failed_Update_ECC_Record:_AmbraAddGlobalSiteEquipmentAddScannerAPI_2": {
                "runAfter": {},
                "metadata": {
                  "operationMetadataId": "c89e4f4e-b3ca-4479-97fc-63da3bc1745b"
                },
                "type": "OpenApiConnection",
                "inputs": {
                  "host": {
                    "connectionName": "shared_commondataserviceforapps",
                    "operationId": "UpdateRecord",
                    "apiId": "/providers/Microsoft.PowerApps/apis/shared_commondataserviceforapps"
                  },
                  "parameters": {
                    "entityName": "mib_eccqueues",
                    "recordId": "@outputs('Add_a_ECC_Record_for_Message_Type:_AmbraAddGlobalSiteEquipmentAddScannerAPI')?['body/mib_eccqueueid']",
                    "item/mib_status": "@concat(body('Add_-_SiteEquipment')?['status'], '-', body('Add_-_SiteEquipment')?['error_type'])",
                    "item/mib_body": "@body('Add_-_SiteEquipment')",
                    "item/mib_ECCQueue@odata.bind": "/mib_eccqueues/@{triggerBody()['text_10']}",
                    "item/mib_headers": "@outputs('Add_-_SiteEquipment')['headers']",
                    "item/mib_isretry": false,
                    "item/mib_method": "POST",
                    "item/mib_processeddatetime": "@utcNow()",
                    "item/mib_relatedrecord_new_SiteEquipment_new_siteequipment@odata.bind": "/new_siteequipments/@{triggerBody()['text_5']}",
                    "item/mib_state": 913380006
                  },
                  "authentication": {
                    "type": "Raw",
                    "value": "@json(decodeBase64(triggerOutputs().headers['X-MS-APIM-Tokens']))['$ConnectionKey']"
                  }
                }
              }
            }
          },
          "expression": {
            "equals": [
              "@empty(triggerBody()['text_10'])",
              "@true"
            ]
          },
          "metadata": {
            "operationMetadataId": "cab383c7-64ab-4ad6-a91f-b6c69f3c3ce1"
          },
          "type": "If"
        },
        "Condition_to_update_ECC_record_when_success_3": {
          "actions": {
            "Update_ECC_Record:_AmbraAddGlobalSiteEquipmentAddScannerAPI": {
              "runAfter": {},
              "metadata": {
                "operationMetadataId": "3954fd18-be00-4b4e-863c-0f8bf1b81580"
              },
              "type": "OpenApiConnection",
              "inputs": {
                "host": {
                  "connectionName": "shared_commondataserviceforapps",
                  "operationId": "UpdateRecord",
                  "apiId": "/providers/Microsoft.PowerApps/apis/shared_commondataserviceforapps"
                },
                "parameters": {
                  "entityName": "mib_eccqueues",
                  "recordId": "@outputs('Add_a_ECC_Record_for_Message_Type:_AmbraAddGlobalSiteEquipmentAddScannerAPI')?['body/mib_eccqueueid']",
                  "item/mib_status": "Site equipment is successfully updated",
                  "item/mib_body": "@body('Add_-_SiteEquipment')",
                  "item/mib_headers": "@outputs('Add_-_SiteEquipment')['headers']",
                  "item/mib_method": "POST",
                  "item/mib_processeddatetime": "@utcNow()",
                  "item/mib_relatedrecord_new_SiteEquipment_new_siteequipment@odata.bind": "/new_siteequipments/@{triggerBody()['text_5']}",
                  "item/mib_state": 913380002
                },
                "authentication": {
                  "type": "Raw",
                  "value": "@json(decodeBase64(triggerOutputs().headers['X-MS-APIM-Tokens']))['$ConnectionKey']"
                }
              }
            }
          },
          "runAfter": {
            "Condition_to_update_ECC_record_when_failed_2": [
              "Skipped"
            ]
          },
          "else": {
            "actions": {
              "Update_ECC_Record:_AmbraAddGlobalSiteEquipmentAddScannerAPI_2": {
                "runAfter": {},
                "metadata": {
                  "operationMetadataId": "3954fd18-be00-4b4e-863c-0f8bf1b81580"
                },
                "type": "OpenApiConnection",
                "inputs": {
                  "host": {
                    "connectionName": "shared_commondataserviceforapps",
                    "operationId": "UpdateRecord",
                    "apiId": "/providers/Microsoft.PowerApps/apis/shared_commondataserviceforapps"
                  },
                  "parameters": {
                    "entityName": "mib_eccqueues",
                    "recordId": "@outputs('Add_a_ECC_Record_for_Message_Type:_AmbraAddGlobalSiteEquipmentAddScannerAPI')?['body/mib_eccqueueid']",
                    "item/mib_status": "Site equipment is successfully updated",
                    "item/mib_body": "@body('Add_-_SiteEquipment')",
                    "item/mib_ECCQueue@odata.bind": "/mib_eccqueues/@{triggerBody()['text_10']}",
                    "item/mib_headers": "@outputs('Add_-_SiteEquipment')['headers']",
                    "item/mib_method": "POST",
                    "item/mib_processeddatetime": "@utcNow()",
                    "item/mib_relatedrecord_new_SiteEquipment_new_siteequipment@odata.bind": "/new_siteequipments/@{triggerBody()['text_5']}",
                    "item/mib_state": 913380002
                  },
                  "authentication": {
                    "type": "Raw",
                    "value": "@json(decodeBase64(triggerOutputs().headers['X-MS-APIM-Tokens']))['$ConnectionKey']"
                  }
                }
              }
            }
          },
          "expression": {
            "equals": [
              "@empty(triggerBody()['text_10'])",
              "@true"
            ]
          },
          "metadata": {
            "operationMetadataId": "958ba781-7b02-4a37-a415-efca2379d7d6"
          },
          "type": "If"
        }
      }
    }
  },
  "schemaVersion": "1.0.0.0"
}