{
  "properties": {
    "connectionReferences": {
      "shared_commondataserviceforapps": {
        "runtimeSource": "embedded",
        "connection": {
          "connectionReferenceLogicalName": "mib_MicrosoftDataverseMIBAdmin"
        },
        "api": {
          "name": "shared_commondataserviceforapps"
        }
      },
      "shared_commondataserviceforapps_1": {
        "runtimeSource": "embedded",
        "connection": {
          "connectionReferenceLogicalName": "mib_MicrosoftDataverseMIBAdmin"
        },
        "api": {
          "name": "shared_commondataserviceforapps"
        }
      }
    },
    "definition": {
      "$schema": "https://schema.management.azure.com/providers/Microsoft.Logic/schemas/2016-06-01/workflowdefinition.json#",
      "contentVersion": "1.0.0.0",
      "parameters": {
        "$connections": {
          "defaultValue": {},
          "type": "Object"
        },
        "$authentication": {
          "defaultValue": {},
          "type": "SecureObject"
        }
      },
      "triggers": {
        "manual": {
          "metadata": {
            "operationMetadataId": "f32bc630-327e-4140-9d96-41c759ae1e20"
          },
          "type": "Request",
          "kind": "Button",
          "inputs": {
            "schema": {
              "type": "object",
              "properties": {
                "text": {
                  "title": "Service_Url",
                  "type": "string",
                  "x-ms-dynamically-added": true,
                  "description": "Service_Url",
                  "x-ms-content-hint": "TEXT"
                },
                "text_1": {
                  "title": "UserName",
                  "type": "string",
                  "x-ms-dynamically-added": true,
                  "description": "UserName",
                  "x-ms-content-hint": "TEXT"
                },
                "text_2": {
                  "title": "Password",
                  "type": "string",
                  "x-ms-dynamically-added": true,
                  "description": "Password",
                  "x-ms-content-hint": "TEXT"
                },
                "text_3": {
                  "title": "Study UUID",
                  "type": "string",
                  "x-ms-dynamically-added": true,
                  "description": "Study UUID",
                  "x-ms-content-hint": "TEXT"
                },
                "text_4": {
                  "title": "Site ID Custom field UUID",
                  "type": "string",
                  "x-ms-dynamically-added": true,
                  "description": "Site ID Custom field UUID",
                  "x-ms-content-hint": "TEXT"
                },
                "text_5": {
                  "title": "Name",
                  "type": "string",
                  "x-ms-dynamically-added": true,
                  "description": "Name",
                  "x-ms-content-hint": "TEXT"
                },
                "text_6": {
                  "title": "Study Site GUID",
                  "type": "string",
                  "x-ms-dynamically-added": true,
                  "description": "Study Site GUID",
                  "x-ms-content-hint": "TEXT"
                },
                "text_7": {
                  "title": "Global Site UUID",
                  "type": "string",
                  "x-ms-dynamically-added": true,
                  "description": "Global Site UUID",
                  "x-ms-content-hint": "TEXT"
                },
                "text_8": {
                  "title": "Site ID",
                  "type": "string",
                  "x-ms-dynamically-added": true,
                  "description": "Site ID",
                  "x-ms-content-hint": "TEXT"
                },
                "boolean": {
                  "title": "Is Retry",
                  "type": "boolean",
                  "x-ms-dynamically-added": true,
                  "description": "Is Retry",
                  "x-ms-content-hint": "BOOLEAN"
                },
                "text_9": {
                  "title": "ECC queue record GUID",
                  "type": "string",
                  "x-ms-dynamically-added": true,
                  "description": "ECC queue record GUID",
                  "x-ms-content-hint": "TEXT"
                },
                "text_10": {
                  "title": "Study MIB ID",
                  "type": "string",
                  "x-ms-dynamically-added": true,
                  "description": "Study MIB ID",
                  "x-ms-content-hint": "TEXT"
                }
              },
              "required": [
                "text",
                "text_1",
                "text_2",
                "text_3",
                "text_4",
                "text_5",
                "text_6",
                "text_7",
                "boolean",
                "text_9",
                "text_10"
              ]
            }
          }
        }
      },
      "actions": {
        "Add_a_ECC_Record_for_Message_Type:_AmbraAddStudySiteSessionAPI": {
          "runAfter": {
            "Initialize_variable_2": [
              "Succeeded"
            ]
          },
          "metadata": {
            "operationMetadataId": "2aae4f74-4f02-470d-bb8e-27ea4f8bf220"
          },
          "type": "OpenApiConnection",
          "inputs": {
            "host": {
              "connectionName": "shared_commondataserviceforapps",
              "operationId": "CreateRecord",
              "apiId": "/providers/Microsoft.PowerApps/apis/shared_commondataserviceforapps"
            },
            "parameters": {
              "entityName": "mib_eccqueues",
              "item/mib_createddatetime": "@utcNow()",
              "item/mib_direction": 913380001,
              "item/mib_integrationmessagetype": 27,
              "item/mib_name": "Add Study Site - @{triggerBody()['text_5']}",
              "item/mib_requestfor": 913380001,
              "item/mib_state": 913380004
            },
            "authentication": {
              "type": "Raw",
              "value": "@json(decodeBase64(triggerOutputs().headers['X-MS-APIM-Tokens']))['$ConnectionKey']"
            }
          }
        },
        "HTTP_-_sessionlogin": {
          "runAfter": {
            "Add_a_ECC_Record_for_Message_Type:_AmbraAddStudySiteSessionAPI": [
              "Succeeded"
            ]
          },
          "metadata": {
            "operationMetadataId": "250a014b-9d8d-4040-87ff-52685416eea4"
          },
          "type": "Http",
          "inputs": {
            "method": "POST",
            "uri": "@{triggerBody()['text']}/api/v3/session/login",
            "headers": {
              "Content-Type": "application/x-www-form-urlencoded"
            },
            "body": "login=@{triggerBody()['text_1']}&password=@{triggerBody()['text_2']}"
          }
        },
        "Parse_JSON": {
          "runAfter": {
            "Condition_to_update_ECC_record_when_success": [
              "Succeeded"
            ]
          },
          "metadata": {
            "operationMetadataId": "eb5f1e4f-a677-485d-aed5-6f3e9dbedce6"
          },
          "type": "ParseJson",
          "inputs": {
            "content": "@body('HTTP_-_sessionlogin')",
            "schema": {
              "type": "object",
              "properties": {
                "sid": {
                  "type": "string"
                }
              }
            }
          }
        },
        "Add_a_ECC_Record_for_Message_Type:_AmbraAddStudySiteAddGroupAPI": {
          "runAfter": {
            "Parse_JSON": [
              "Succeeded"
            ]
          },
          "metadata": {
            "operationMetadataId": "73e3b5a4-05fb-40b4-b5ec-0dbecaf215b0"
          },
          "type": "OpenApiConnection",
          "inputs": {
            "host": {
              "connectionName": "shared_commondataserviceforapps",
              "operationId": "CreateRecord",
              "apiId": "/providers/Microsoft.PowerApps/apis/shared_commondataserviceforapps"
            },
            "parameters": {
              "entityName": "mib_eccqueues",
              "item/mib_createddatetime": "@utcNow()",
              "item/mib_direction": 913380001,
              "item/mib_integrationmessagetype": 28,
              "item/mib_name": "Add Study Site - @{triggerBody()['text_5']}",
              "item/mib_requestfor": 913380004,
              "item/mib_state": 913380004
            },
            "authentication": {
              "type": "Raw",
              "value": "@json(decodeBase64(triggerOutputs().headers['X-MS-APIM-Tokens']))['$ConnectionKey']"
            }
          }
        },
        "HTTP_-_Add_Group": {
          "runAfter": {
            "Append_to_string_variable": [
              "Succeeded"
            ]
          },
          "metadata": {
            "operationMetadataId": "259faaa0-caac-41b8-a231-bb8a153aba62"
          },
          "type": "Http",
          "inputs": {
            "method": "POST",
            "uri": "@{triggerBody()['text']}/api/v3/group/add",
            "headers": {
              "Content-Type": "application/x-www-form-urlencoded"
            },
            "body": "sid=@{body('Parse_JSON')?['sid']}&account_id=@{triggerBody()['text_3']}&site_id=@{triggerBody()['text_7']}&name=@{triggerBody()['text_5']}"
          }
        },
        "Condition_to_check_the_Status": {
          "actions": {
            "Update_Site_with_error_Status": {
              "runAfter": {},
              "metadata": {
                "operationMetadataId": "2618152d-7f80-444d-b0e0-8dbd80a273e7"
              },
              "type": "OpenApiConnection",
              "inputs": {
                "host": {
                  "connectionName": "shared_commondataserviceforapps",
                  "operationId": "UpdateRecord",
                  "apiId": "/providers/Microsoft.PowerApps/apis/shared_commondataserviceforapps"
                },
                "parameters": {
                  "entityName": "cr6ee_studysites",
                  "recordId": "@triggerBody()['text_6']",
                  "item/mib_status": "@{body('HTTP_-_Add_Group')?['status']} - @{body('HTTP_-_Add_Group')?['error_type']}",
                  "item/mib_flowstate": 913380001
                },
                "authentication": {
                  "type": "Raw",
                  "value": "@json(decodeBase64(triggerOutputs().headers['X-MS-APIM-Tokens']))['$ConnectionKey']"
                }
              }
            },
            "Return_to_caller": {
              "runAfter": {
                "Condition": [
                  "Succeeded"
                ]
              },
              "metadata": {
                "operationMetadataId": "a6b0b28d-4d7b-487a-b464-aa6c651bfe62"
              },
              "type": "Response",
              "kind": "PowerApp",
              "inputs": {
                "statusCode": 200,
                "body": {
                  "status": "500"
                },
                "schema": {
                  "type": "object",
                  "properties": {
                    "status": {
                      "title": "Status",
                      "x-ms-dynamically-added": true,
                      "type": "string"
                    }
                  }
                }
              }
            },
            "Terminate": {
              "runAfter": {
                "Return_to_caller": [
                  "Succeeded"
                ]
              },
              "metadata": {
                "operationMetadataId": "0c1a17fb-099e-4431-ac03-c04bbf934957"
              },
              "type": "Terminate",
              "inputs": {
                "runStatus": "Failed"
              }
            },
            "Condition": {
              "actions": {},
              "runAfter": {
                "Update_Site_with_error_Status": [
                  "Succeeded"
                ]
              },
              "else": {
                "actions": {
                  "Update_ECC_Queue_Retry_Record_-_Integration_Failed": {
                    "runAfter": {},
                    "metadata": {
                      "operationMetadataId": "fe339893-03fc-4fb0-bf89-f1a2889f69e9"
                    },
                    "type": "OpenApiConnection",
                    "inputs": {
                      "host": {
                        "connectionName": "shared_commondataserviceforapps_1",
                        "operationId": "UpdateRecord",
                        "apiId": "/providers/Microsoft.PowerApps/apis/shared_commondataserviceforapps"
                      },
                      "parameters": {
                        "entityName": "mib_eccqueues",
                        "recordId": "@outputs('Update_Site_with_error_Status')?['body/mib_eccqueuerecordguid']",
                        "item/mib_status": "Study site(Group) creation failed",
                        "item/mib_flowstate": 913380001,
                        "item/mib_isretry": "@triggerBody()['boolean']",
                        "item/mib_processeddatetime": "@utcNow()",
                        "item/mib_relatedrecord_cr6ee_StudySite_cr6ee_studysite@odata.bind": "/cr6ee_studysites/@{triggerBody()['text_6']}",
                        "item/mib_state": 913380006
                      },
                      "authentication": {
                        "type": "Raw",
                        "value": "@json(decodeBase64(triggerOutputs().headers['X-MS-APIM-Tokens']))['$ConnectionKey']"
                      }
                    }
                  }
                }
              },
              "expression": {
                "equals": [
                  "@empty(outputs('Update_Site_with_error_Status')?['body/mib_eccqueuerecordguid'])",
                  "@true"
                ]
              },
              "metadata": {
                "operationMetadataId": "26faa0e1-86a8-4055-8e8b-03d72c6c575a"
              },
              "type": "If"
            }
          },
          "runAfter": {
            "Condition_to_update_ECC_record_when_success_1": [
              "Succeeded"
            ]
          },
          "else": {
            "actions": {
              "Update_a_row": {
                "runAfter": {},
                "metadata": {
                  "operationMetadataId": "72676c93-41a5-4e55-b8cf-59bdb8037af2"
                },
                "type": "OpenApiConnection",
                "inputs": {
                  "host": {
                    "connectionName": "shared_commondataserviceforapps",
                    "operationId": "UpdateRecord",
                    "apiId": "/providers/Microsoft.PowerApps/apis/shared_commondataserviceforapps"
                  },
                  "parameters": {
                    "entityName": "cr6ee_studysites",
                    "recordId": "@triggerBody()['text_6']",
                    "item/mib_status": "In Sync",
                    "item/mib_flowstate": 913380001,
                    "item/mib_namespace": "@body('HTTP_-_Add_Group')?['namespace_id']",
                    "item/mib_uuid": "@body('HTTP_-_Add_Group')?['uuid']"
                  },
                  "authentication": {
                    "type": "Raw",
                    "value": "@json(decodeBase64(triggerOutputs().headers['X-MS-APIM-Tokens']))['$ConnectionKey']"
                  }
                }
              },
              "Condition_2": {
                "actions": {},
                "runAfter": {
                  "Update_a_row": [
                    "Succeeded"
                  ]
                },
                "else": {
                  "actions": {
                    "Update_ECC_Queue_Retry_Record_-_Integration_Successful": {
                      "runAfter": {},
                      "metadata": {
                        "operationMetadataId": "fe339893-03fc-4fb0-bf89-f1a2889f69e9"
                      },
                      "type": "OpenApiConnection",
                      "inputs": {
                        "host": {
                          "connectionName": "shared_commondataserviceforapps_1",
                          "operationId": "UpdateRecord",
                          "apiId": "/providers/Microsoft.PowerApps/apis/shared_commondataserviceforapps"
                        },
                        "parameters": {
                          "entityName": "mib_eccqueues",
                          "recordId": "@outputs('Update_a_row')?['body/mib_eccqueuerecordguid']",
                          "item/mib_status": "Study site(Group) is successfully created",
                          "item/mib_flowstate": 913380001,
                          "item/mib_isretry": "@triggerBody()['boolean']",
                          "item/mib_processeddatetime": "@utcNow()",
                          "item/mib_relatedrecord_cr6ee_StudySite_cr6ee_studysite@odata.bind": "/cr6ee_studysites/@{triggerBody()['text_6']}",
                          "item/mib_state": 913380002
                        },
                        "authentication": {
                          "type": "Raw",
                          "value": "@json(decodeBase64(triggerOutputs().headers['X-MS-APIM-Tokens']))['$ConnectionKey']"
                        }
                      }
                    }
                  }
                },
                "expression": {
                  "equals": [
                    "@empty(outputs('Update_a_row')?['body/mib_eccqueuerecordguid'])",
                    "@true"
                  ]
                },
                "metadata": {
                  "operationMetadataId": "4ef4c33a-ae43-446e-9c4c-9d2644d0d510"
                },
                "type": "If"
              }
            }
          },
          "expression": {
            "equals": [
              "@toLower(body('HTTP_-_Add_Group')?['status'])",
              "error"
            ]
          },
          "metadata": {
            "operationMetadataId": "9f5360d7-6691-49df-859e-f63e6cc2690e"
          },
          "type": "If"
        },
        "Respond_to_a_PowerApp_or_flow": {
          "runAfter": {
            "Update_ECC_record_Integration_Successful": [
              "Succeeded"
            ]
          },
          "metadata": {
            "operationMetadataId": "f5fa1246-5519-4cfe-b70b-293e79f6943a"
          },
          "type": "Response",
          "kind": "PowerApp",
          "inputs": {
            "statusCode": 200,
            "body": {
              "status": "200"
            },
            "schema": {
              "type": "object",
              "properties": {
                "status": {
                  "title": "Status",
                  "x-ms-dynamically-added": true,
                  "type": "string"
                }
              }
            }
          }
        },
        "Initialize_variable": {
          "runAfter": {},
          "metadata": {
            "operationMetadataId": "4af0b302-da36-4f26-8d53-535a8310aea9"
          },
          "type": "InitializeVariable",
          "inputs": {
            "variables": [
              {
                "name": "Query",
                "type": "string"
              }
            ]
          }
        },
        "Set_variable": {
          "runAfter": {
            "Set_variable_2": [
              "Succeeded"
            ]
          },
          "metadata": {
            "operationMetadataId": "3290902b-2d97-4c86-82dc-998f4dd8f7ab"
          },
          "type": "SetVariable",
          "inputs": {
            "name": "Query",
            "value": "sid=@{body('Parse_JSON')?['sid']}&name=@{triggerBody()['text_5']}&account_id=@{triggerBody()['text_3']}&site_id=@{triggerBody()['text_7']}"
          }
        },
        "Initialize_variable_2": {
          "runAfter": {
            "Initialize_variable": [
              "Succeeded"
            ]
          },
          "metadata": {
            "operationMetadataId": "c3b1c09a-674a-4ac9-9f59-46eb2a66435c"
          },
          "type": "InitializeVariable",
          "inputs": {
            "variables": [
              {
                "name": "SITEIDEXIST",
                "type": "string"
              }
            ]
          }
        },
        "Set_variable_2": {
          "runAfter": {
            "Add_a_ECC_Record_for_Message_Type:_AmbraAddStudySiteAddGroupAPI": [
              "Succeeded"
            ]
          },
          "metadata": {
            "operationMetadataId": "552d3fc7-0817-4cd6-b919-39262d501203"
          },
          "type": "SetVariable",
          "inputs": {
            "name": "SITEIDEXIST",
            "value": "&customfield-@{triggerBody()['text_4']}=@{triggerBody()?['text_8']}"
          }
        },
        "Append_to_string_variable": {
          "runAfter": {
            "Set_variable": [
              "Succeeded"
            ]
          },
          "metadata": {
            "operationMetadataId": "d1b6d079-9f70-4865-82d3-d806147ca12b"
          },
          "type": "AppendToStringVariable",
          "inputs": {
            "name": "Query",
            "value": "@if(equals(empty(triggerBody()?['text_8']),true),'',variables('SITEIDEXIST'))"
          }
        },
        "Update_ECC_record_Integration_Successful": {
          "runAfter": {
            "HTTP_-_Custom_Field_-_Study_TIMS_-_Set_Default": [
              "Succeeded"
            ]
          },
          "metadata": {
            "operationMetadataId": "eb97c049-926a-4935-8a50-31d25c6938cc"
          },
          "type": "OpenApiConnection",
          "inputs": {
            "host": {
              "connectionName": "shared_commondataserviceforapps_1",
              "operationId": "UpdateRecord",
              "apiId": "/providers/Microsoft.PowerApps/apis/shared_commondataserviceforapps"
            },
            "parameters": {
              "entityName": "mib_eccqueues",
              "recordId": "@outputs('Add_a_ECC_Record_for_Message_Type:_AmbraAddStudySiteSessionAPI')?['body/mib_eccqueueid']",
              "item/mib_status": "Study Site is succesfully created",
              "item/mib_isretry": false,
              "item/mib_relatedrecord_cr6ee_StudySite_cr6ee_studysite@odata.bind": "/cr6ee_studysites/@{triggerBody()['text_6']}",
              "item/mib_state": 913380002
            },
            "authentication": {
              "type": "Raw",
              "value": "@json(decodeBase64(triggerOutputs().headers['X-MS-APIM-Tokens']))['$ConnectionKey']"
            }
          }
        },
        "HTTP_Session_Login_Failed": {
          "actions": {
            "Failed_Update_ECC_Record_for_Message_Type:_AmbraAddStudySiteSessionAPI": {
              "runAfter": {},
              "metadata": {
                "operationMetadataId": "f2171b79-7f39-4a08-9a34-28ba8af58e95"
              },
              "type": "OpenApiConnection",
              "inputs": {
                "host": {
                  "connectionName": "shared_commondataserviceforapps",
                  "operationId": "UpdateRecord",
                  "apiId": "/providers/Microsoft.PowerApps/apis/shared_commondataserviceforapps"
                },
                "parameters": {
                  "entityName": "mib_eccqueues",
                  "recordId": "@outputs('Add_a_ECC_Record_for_Message_Type:_AmbraAddStudySiteSessionAPI')?['body/mib_eccqueueid']",
                  "item/mib_status": "HTTP Session Login Failed",
                  "item/mib_body": "@body('HTTP_-_sessionlogin')",
                  "item/mib_headers": "@outputs('HTTP_-_sessionlogin')['headers']",
                  "item/mib_integrationmessagetype": 27,
                  "item/mib_isretry": false,
                  "item/mib_method": "POST",
                  "item/mib_processeddatetime": "@utcNow()",
                  "item/mib_relatedrecord_cr6ee_StudySite_cr6ee_studysite@odata.bind": "/cr6ee_studysites/@{triggerBody()['text_6']}",
                  "item/mib_state": 913380006
                },
                "authentication": {
                  "type": "Raw",
                  "value": "@json(decodeBase64(triggerOutputs().headers['X-MS-APIM-Tokens']))['$ConnectionKey']"
                }
              }
            },
            "Return_to_caller_-_HTTP_Session_Login_Failed": {
              "runAfter": {
                "Condition_6": [
                  "Succeeded"
                ]
              },
              "metadata": {
                "operationMetadataId": "c1ec0ce7-00a9-4dde-95a0-38ef38190a98"
              },
              "type": "Response",
              "kind": "PowerApp",
              "inputs": {
                "statusCode": 200,
                "body": {
                  "status": "500"
                },
                "schema": {
                  "type": "object",
                  "properties": {
                    "status": {
                      "title": "Status",
                      "x-ms-dynamically-added": true,
                      "type": "string"
                    }
                  }
                }
              }
            },
            "Terminate_2": {
              "runAfter": {
                "Return_to_caller_-_HTTP_Session_Login_Failed": [
                  "Succeeded"
                ]
              },
              "metadata": {
                "operationMetadataId": "db451b61-b4a4-4ba3-997c-272835cffc0d"
              },
              "type": "Terminate",
              "inputs": {
                "runStatus": "Failed"
              }
            },
            "Update_Group_-_HTTP_Session_Login_Failed": {
              "runAfter": {
                "Failed_Update_ECC_Record_for_Message_Type:_AmbraAddStudySiteSessionAPI": [
                  "Succeeded"
                ]
              },
              "metadata": {
                "operationMetadataId": "2618152d-7f80-444d-b0e0-8dbd80a273e7"
              },
              "type": "OpenApiConnection",
              "inputs": {
                "host": {
                  "connectionName": "shared_commondataserviceforapps",
                  "operationId": "UpdateRecord",
                  "apiId": "/providers/Microsoft.PowerApps/apis/shared_commondataserviceforapps"
                },
                "parameters": {
                  "entityName": "cr6ee_studysites",
                  "recordId": "@triggerBody()['text_6']",
                  "item/mib_status": "HTTP Session Login Failed",
                  "item/mib_flowstate": 913380001
                },
                "authentication": {
                  "type": "Raw",
                  "value": "@json(decodeBase64(triggerOutputs().headers['X-MS-APIM-Tokens']))['$ConnectionKey']"
                }
              }
            },
            "Condition_6": {
              "actions": {},
              "runAfter": {
                "Update_Group_-_HTTP_Session_Login_Failed": [
                  "Succeeded"
                ]
              },
              "else": {
                "actions": {
                  "Update_ECC_Queue_Retry_Record_-_Integration_Failed_2": {
                    "runAfter": {},
                    "metadata": {
                      "operationMetadataId": "7fc248e2-2034-4e91-a4da-1e0ed3d0a565"
                    },
                    "type": "OpenApiConnection",
                    "inputs": {
                      "host": {
                        "connectionName": "shared_commondataserviceforapps_1",
                        "operationId": "UpdateRecord",
                        "apiId": "/providers/Microsoft.PowerApps/apis/shared_commondataserviceforapps"
                      },
                      "parameters": {
                        "entityName": "mib_eccqueues",
                        "recordId": "@outputs('Update_Group_-_HTTP_Session_Login_Failed')?['body/mib_eccqueuerecordguid']",
                        "item/mib_status": "Create study site session login failed",
                        "item/mib_flowstate": 913380001,
                        "item/mib_isretry": true,
                        "item/mib_processeddatetime": "@utcNow()",
                        "item/mib_relatedrecord_cr6ee_StudySite_cr6ee_studysite@odata.bind": "/cr6ee_studysites(@{triggerBody()['text_6']})",
                        "item/mib_state": 913380006
                      },
                      "authentication": {
                        "type": "Raw",
                        "value": "@json(decodeBase64(triggerOutputs().headers['X-MS-APIM-Tokens']))['$ConnectionKey']"
                      }
                    }
                  },
                  "Failed_Update_ECC_Record_for_Message_Type:_AmbraAddStudySiteSessionAPI_2": {
                    "runAfter": {
                      "Update_ECC_Queue_Retry_Record_-_Integration_Failed_2": [
                        "Succeeded"
                      ]
                    },
                    "metadata": {
                      "operationMetadataId": "f2171b79-7f39-4a08-9a34-28ba8af58e95"
                    },
                    "type": "OpenApiConnection",
                    "inputs": {
                      "host": {
                        "connectionName": "shared_commondataserviceforapps",
                        "operationId": "UpdateRecord",
                        "apiId": "/providers/Microsoft.PowerApps/apis/shared_commondataserviceforapps"
                      },
                      "parameters": {
                        "entityName": "mib_eccqueues",
                        "recordId": "@outputs('Add_a_ECC_Record_for_Message_Type:_AmbraAddStudySiteSessionAPI')?['body/mib_eccqueueid']",
                        "item/mib_status": "HTTP Session Login Failed",
                        "item/mib_body": "@body('HTTP_-_sessionlogin')",
                        "item/mib_ECCQueue@odata.bind": "/mib_eccqueues/@{outputs('Update_Group_-_HTTP_Session_Login_Failed')?['body/mib_eccqueuerecordguid']}",
                        "item/mib_headers": "@outputs('HTTP_-_sessionlogin')['headers']",
                        "item/mib_integrationmessagetype": 27,
                        "item/mib_isretry": false,
                        "item/mib_method": "POST",
                        "item/mib_processeddatetime": "@utcNow()",
                        "item/mib_relatedrecord_cr6ee_StudySite_cr6ee_studysite@odata.bind": "/cr6ee_studysites/@{triggerBody()['text_6']}",
                        "item/mib_state": 913380006
                      },
                      "authentication": {
                        "type": "Raw",
                        "value": "@json(decodeBase64(triggerOutputs().headers['X-MS-APIM-Tokens']))['$ConnectionKey']"
                      }
                    }
                  }
                }
              },
              "expression": {
                "equals": [
                  "@empty(outputs('Update_Group_-_HTTP_Session_Login_Failed')?['body/mib_eccqueuerecordguid'])",
                  "@true"
                ]
              },
              "metadata": {
                "operationMetadataId": "7706667c-daff-470c-9fcf-6994911e1b4d"
              },
              "type": "If"
            }
          },
          "runAfter": {
            "HTTP_-_sessionlogin": [
              "Failed",
              "TimedOut"
            ]
          },
          "metadata": {
            "operationMetadataId": "565d6b14-0171-44ca-bad5-826508c9f121"
          },
          "type": "Scope"
        },
        "Condition_to_update_ECC_record_when_success": {
          "actions": {
            "Update_ECC_Record_for_Message_Type:_AmbraAddStudySiteSessionAPI": {
              "runAfter": {},
              "metadata": {
                "operationMetadataId": "15aa961d-a889-4bde-aba2-38ad299365d4"
              },
              "type": "OpenApiConnection",
              "inputs": {
                "host": {
                  "connectionName": "shared_commondataserviceforapps",
                  "operationId": "UpdateRecord",
                  "apiId": "/providers/Microsoft.PowerApps/apis/shared_commondataserviceforapps"
                },
                "parameters": {
                  "entityName": "mib_eccqueues",
                  "recordId": "@outputs('Add_a_ECC_Record_for_Message_Type:_AmbraAddStudySiteSessionAPI')?['body/mib_eccqueueid']",
                  "item/mib_body": "@body('HTTP_-_sessionlogin')",
                  "item/mib_headers": "@outputs('HTTP_-_sessionlogin')['headers']",
                  "item/mib_method": "POST",
                  "item/mib_processeddatetime": "@utcNow()",
                  "item/mib_state": 913380002
                },
                "authentication": {
                  "type": "Raw",
                  "value": "@json(decodeBase64(triggerOutputs().headers['X-MS-APIM-Tokens']))['$ConnectionKey']"
                }
              }
            }
          },
          "runAfter": {
            "HTTP_Session_Login_Failed": [
              "Skipped"
            ]
          },
          "else": {
            "actions": {
              "Update_ECC_Record_for_Message_Type:_AmbraAddStudySiteSessionAPI_2": {
                "runAfter": {},
                "metadata": {
                  "operationMetadataId": "15aa961d-a889-4bde-aba2-38ad299365d4"
                },
                "type": "OpenApiConnection",
                "inputs": {
                  "host": {
                    "connectionName": "shared_commondataserviceforapps",
                    "operationId": "UpdateRecord",
                    "apiId": "/providers/Microsoft.PowerApps/apis/shared_commondataserviceforapps"
                  },
                  "parameters": {
                    "entityName": "mib_eccqueues",
                    "recordId": "@outputs('Add_a_ECC_Record_for_Message_Type:_AmbraAddStudySiteSessionAPI')?['body/mib_eccqueueid']",
                    "item/mib_body": "@body('HTTP_-_sessionlogin')",
                    "item/mib_ECCQueue@odata.bind": "/mib_eccqueues/@{triggerBody()['text_9']}",
                    "item/mib_headers": "@outputs('HTTP_-_sessionlogin')['headers']",
                    "item/mib_method": "POST",
                    "item/mib_processeddatetime": "@utcNow()",
                    "item/mib_state": 913380002
                  },
                  "authentication": {
                    "type": "Raw",
                    "value": "@json(decodeBase64(triggerOutputs().headers['X-MS-APIM-Tokens']))['$ConnectionKey']"
                  }
                }
              }
            }
          },
          "expression": {
            "equals": [
              "@empty(triggerBody()['text_9'])",
              "@true"
            ]
          },
          "metadata": {
            "operationMetadataId": "934df66b-b5c2-4c19-86af-5e3397fe0d49"
          },
          "type": "If"
        },
        "Condition_to_update_ECC_record_when_failed": {
          "actions": {
            "Failed_Update_ECC_Record_for_Message_Type_:_AmbraAddStudySiteAddGroupAPI5": {
              "runAfter": {},
              "metadata": {
                "operationMetadataId": "8e6a875d-8a76-4e8a-8b3b-7c424c09fab5"
              },
              "type": "OpenApiConnection",
              "inputs": {
                "host": {
                  "connectionName": "shared_commondataserviceforapps",
                  "operationId": "UpdateRecord",
                  "apiId": "/providers/Microsoft.PowerApps/apis/shared_commondataserviceforapps"
                },
                "parameters": {
                  "entityName": "mib_eccqueues",
                  "recordId": "@outputs('Add_a_ECC_Record_for_Message_Type:_AmbraAddStudySiteAddGroupAPI')?['body/mib_eccqueueid']",
                  "item/mib_status": "@{body('HTTP_-_Add_Group')?['status']} - @{body('HTTP_-_Add_Group')?['error_type']}",
                  "item/mib_body": "@body('HTTP_-_Add_Group')",
                  "item/mib_headers": "@outputs('HTTP_-_Add_Group')['headers']",
                  "item/mib_isretry": false,
                  "item/mib_method": "POST",
                  "item/mib_processeddatetime": "@utcNow()",
                  "item/mib_relatedrecord_cr6ee_StudySite_cr6ee_studysite@odata.bind": "/cr6ee_studysites/@{triggerBody()['text_6']}",
                  "item/mib_state": 913380006
                },
                "authentication": {
                  "type": "Raw",
                  "value": "@json(decodeBase64(triggerOutputs().headers['X-MS-APIM-Tokens']))['$ConnectionKey']"
                }
              }
            }
          },
          "runAfter": {
            "HTTP_-_Add_Group": [
              "Failed",
              "TimedOut"
            ]
          },
          "else": {
            "actions": {
              "Failed_Update_ECC_Record_for_Message_Type_:_AmbraAddStudySiteAddGroupAPI5_2": {
                "runAfter": {},
                "metadata": {
                  "operationMetadataId": "8e6a875d-8a76-4e8a-8b3b-7c424c09fab5"
                },
                "type": "OpenApiConnection",
                "inputs": {
                  "host": {
                    "connectionName": "shared_commondataserviceforapps",
                    "operationId": "UpdateRecord",
                    "apiId": "/providers/Microsoft.PowerApps/apis/shared_commondataserviceforapps"
                  },
                  "parameters": {
                    "entityName": "mib_eccqueues",
                    "recordId": "@outputs('Add_a_ECC_Record_for_Message_Type:_AmbraAddStudySiteAddGroupAPI')?['body/mib_eccqueueid']",
                    "item/mib_status": "@{body('HTTP_-_Add_Group')?['status']} - @{body('HTTP_-_Add_Group')?['error_type']}",
                    "item/mib_body": "@body('HTTP_-_Add_Group')",
                    "item/mib_ECCQueue@odata.bind": "/mib_eccqueues/@{triggerBody()['text_9']}",
                    "item/mib_headers": "@outputs('HTTP_-_Add_Group')['headers']",
                    "item/mib_isretry": false,
                    "item/mib_method": "POST",
                    "item/mib_processeddatetime": "@utcNow()",
                    "item/mib_relatedrecord_cr6ee_StudySite_cr6ee_studysite@odata.bind": "/cr6ee_studysites/@{triggerBody()['text_6']}",
                    "item/mib_state": 913380006
                  },
                  "authentication": {
                    "type": "Raw",
                    "value": "@json(decodeBase64(triggerOutputs().headers['X-MS-APIM-Tokens']))['$ConnectionKey']"
                  }
                }
              }
            }
          },
          "expression": {
            "equals": [
              "@empty(triggerBody()['text_9'])",
              "@true"
            ]
          },
          "metadata": {
            "operationMetadataId": "68ca4b22-e923-4222-afae-866b0a641b6d"
          },
          "type": "If"
        },
        "Condition_to_update_ECC_record_when_success_1": {
          "actions": {
            "Update_ECC_Record_for_Message_Type_:_AmbraAddStudySiteAddGroupAPI": {
              "runAfter": {},
              "metadata": {
                "operationMetadataId": "d353da78-ccf4-4006-a86e-12961ccbff04"
              },
              "type": "OpenApiConnection",
              "inputs": {
                "host": {
                  "connectionName": "shared_commondataserviceforapps",
                  "operationId": "UpdateRecord",
                  "apiId": "/providers/Microsoft.PowerApps/apis/shared_commondataserviceforapps"
                },
                "parameters": {
                  "entityName": "mib_eccqueues",
                  "recordId": "@outputs('Add_a_ECC_Record_for_Message_Type:_AmbraAddStudySiteAddGroupAPI')?['body/mib_eccqueueid']",
                  "item/mib_body": "@body('HTTP_-_Add_Group')",
                  "item/mib_headers": "@outputs('HTTP_-_Add_Group')['headers']",
                  "item/mib_method": "POST",
                  "item/mib_processeddatetime": "@utcNow()",
                  "item/mib_state": 913380002
                },
                "authentication": {
                  "type": "Raw",
                  "value": "@json(decodeBase64(triggerOutputs().headers['X-MS-APIM-Tokens']))['$ConnectionKey']"
                }
              }
            }
          },
          "runAfter": {
            "Condition_to_update_ECC_record_when_failed": [
              "Skipped"
            ]
          },
          "else": {
            "actions": {
              "Update_ECC_Record_for_Message_Type_:_AmbraAddStudySiteAddGroupAPI_2": {
                "runAfter": {},
                "metadata": {
                  "operationMetadataId": "d353da78-ccf4-4006-a86e-12961ccbff04"
                },
                "type": "OpenApiConnection",
                "inputs": {
                  "host": {
                    "connectionName": "shared_commondataserviceforapps",
                    "operationId": "UpdateRecord",
                    "apiId": "/providers/Microsoft.PowerApps/apis/shared_commondataserviceforapps"
                  },
                  "parameters": {
                    "entityName": "mib_eccqueues",
                    "recordId": "@outputs('Add_a_ECC_Record_for_Message_Type:_AmbraAddStudySiteAddGroupAPI')?['body/mib_eccqueueid']",
                    "item/mib_body": "@body('HTTP_-_Add_Group')",
                    "item/mib_ECCQueue@odata.bind": "/mib_eccqueues/@{triggerBody()['text_9']}",
                    "item/mib_headers": "@outputs('HTTP_-_Add_Group')['headers']",
                    "item/mib_method": "POST",
                    "item/mib_processeddatetime": "@utcNow()",
                    "item/mib_state": 913380002
                  },
                  "authentication": {
                    "type": "Raw",
                    "value": "@json(decodeBase64(triggerOutputs().headers['X-MS-APIM-Tokens']))['$ConnectionKey']"
                  }
                }
              }
            }
          },
          "expression": {
            "equals": [
              "@empty(triggerBody()['text_9'])",
              "@true"
            ]
          },
          "metadata": {
            "operationMetadataId": "a25810fe-eb95-4571-a2c1-8272ce82417f"
          },
          "type": "If"
        },
        "HTTP_-_Custom_Field_-_Study_TIMS_-_Set_Default": {
          "runAfter": {
            "Get_Parent_Study": [
              "Succeeded"
            ]
          },
          "metadata": {
            "operationMetadataId": "32241f13-b634-48f9-845f-388b8663c5d8"
          },
          "type": "Http",
          "inputs": {
            "method": "POST",
            "uri": "@{triggerBody()['text']}/api/v3/namespace/study/defaults",
            "headers": {
              "Content-Type": "application/x-www-form-urlencoded"
            },
            "body": "sid=@{body('Parse_JSON')?['sid']}&uuid=@{body('HTTP_-_Add_Group')?['namespace_id']}&defaults={\"customfield-@{outputs('Get_Parent_Study')?['body/mib_timsuuid']}\":\"@{outputs('Get_Parent_Study')?['body/new_name']}\"}"
          }
        },
        "Get_Parent_Study": {
          "runAfter": {
            "Condition_to_check_the_Status": [
              "Succeeded"
            ]
          },
          "metadata": {
            "operationMetadataId": "29eeeae1-f6b4-4f7f-9a33-de4ec1952631"
          },
          "type": "OpenApiConnection",
          "inputs": {
            "host": {
              "connectionName": "shared_commondataserviceforapps",
              "operationId": "GetItem",
              "apiId": "/providers/Microsoft.PowerApps/apis/shared_commondataserviceforapps"
            },
            "parameters": {
              "entityName": "new_studies",
              "recordId": "@triggerBody()['text_10']"
            },
            "authentication": {
              "type": "Raw",
              "value": "@json(decodeBase64(triggerOutputs().headers['X-MS-APIM-Tokens']))['$ConnectionKey']"
            }
          }
        }
      },
      "outputs": {}
    }
  },
  "schemaVersion": "1.0.0.0"
}