{
  "properties": {
    "connectionReferences": {
      "shared_commondataserviceforapps": {
        "runtimeSource": "embedded",
        "connection": {
          "connectionReferenceLogicalName": "mib_MicrosoftDataverseMIBAdmin"
        },
        "api": {
          "name": "shared_commondataserviceforapps"
        }
      }
    },
    "definition": {
      "$schema": "https://schema.management.azure.com/providers/Microsoft.Logic/schemas/2016-06-01/workflowdefinition.json#",
      "contentVersion": "1.0.0.0",
      "parameters": {
        "$connections": {
          "defaultValue": {},
          "type": "Object"
        },
        "$authentication": {
          "defaultValue": {},
          "type": "SecureObject"
        }
      },
      "triggers": {
        "When_a_row_is_added,_modified_or_deleted": {
          "metadata": {
            "operationMetadataId": "167b40fe-4252-425c-8300-cf4ae4d8956c"
          },
          "type": "OpenApiConnectionWebhook",
          "inputs": {
            "host": {
              "connectionName": "shared_commondataserviceforapps",
              "operationId": "SubscribeWebhookTrigger",
              "apiId": "/providers/Microsoft.PowerApps/apis/shared_commondataserviceforapps"
            },
            "parameters": {
              "subscriptionRequest/message": 3,
              "subscriptionRequest/entityname": "cr6ee_studysite",
              "subscriptionRequest/scope": 4,
              "subscriptionRequest/filteringattributes": "cr6ee_address1,cr6ee_address2,mib_addressline3,cr6ee_city,cr6ee_state,cr6ee_country,new_zipcode,mib_region"
            },
            "authentication": "@parameters('$authentication')"
          }
        }
      },
      "actions": {
        "Condition_to_check_country_value_is_null": {
          "actions": {
            "Add_a_new_row_in_address": {
              "runAfter": {},
              "metadata": {
                "operationMetadataId": "dd088fb7-3924-41eb-a931-dc9d437c05a1"
              },
              "type": "OpenApiConnection",
              "inputs": {
                "host": {
                  "connectionName": "shared_commondataserviceforapps",
                  "operationId": "CreateRecord",
                  "apiId": "/providers/Microsoft.PowerApps/apis/shared_commondataserviceforapps"
                },
                "parameters": {
                  "entityName": "mib_addresses",
                  "item/mib_name": "@triggerOutputs()?['body/cr6ee_address1']",
                  "item/mib_address2": "@triggerOutputs()?['body/cr6ee_address2']",
                  "item/mib_addressline3": "@triggerOutputs()?['body/mib_addressline3']",
                  "item/mib_city": "@triggerOutputs()?['body/cr6ee_city']",
                  "item/mib_isprimary": false,
                  "item/mib_region@odata.bind": "@variables('Region')",
                  "item/mib_site@odata.bind": "/new_sites(@{triggerOutputs()?['body/_new_site_value']})",
                  "item/mib_state": "@triggerOutputs()?['body/cr6ee_state']",
                  "item/mib_postalcode": "@triggerOutputs()?['body/new_zipcode']"
                },
                "authentication": "@parameters('$authentication')"
              }
            },
            "Update_Address__field_in_study_site_with_Address_lookup_value": {
              "runAfter": {
                "Add_a_new_row_in_address": [
                  "Succeeded"
                ]
              },
              "metadata": {
                "operationMetadataId": "ce9791a3-f196-4d76-8ad5-9fc2e36093cb"
              },
              "type": "OpenApiConnection",
              "inputs": {
                "host": {
                  "connectionName": "shared_commondataserviceforapps",
                  "operationId": "UpdateRecord",
                  "apiId": "/providers/Microsoft.PowerApps/apis/shared_commondataserviceforapps"
                },
                "parameters": {
                  "entityName": "cr6ee_studysites",
                  "recordId": "@triggerOutputs()?['body/cr6ee_studysiteid']",
                  "item/mib_Address@odata.bind": "/mib_addresses(@{outputs('Add_a_new_row_in_address')?['body/mib_addressid']})"
                },
                "authentication": "@parameters('$authentication')"
              }
            }
          },
          "runAfter": {
            "Condition_to_region_is_null": [
              "Succeeded"
            ]
          },
          "else": {
            "actions": {
              "Add_a_new_row_in_address_2": {
                "runAfter": {},
                "metadata": {
                  "operationMetadataId": "8fe83a28-2bca-45e7-bd72-31841b6b0fda"
                },
                "type": "OpenApiConnection",
                "inputs": {
                  "host": {
                    "connectionName": "shared_commondataserviceforapps",
                    "operationId": "CreateRecord",
                    "apiId": "/providers/Microsoft.PowerApps/apis/shared_commondataserviceforapps"
                  },
                  "parameters": {
                    "entityName": "mib_addresses",
                    "item/mib_name": "@triggerOutputs()?['body/cr6ee_address1']",
                    "item/mib_address2": "@triggerOutputs()?['body/cr6ee_address2']",
                    "item/mib_addressline3": "@triggerOutputs()?['body/mib_addressline3']",
                    "item/mib_city": "@triggerOutputs()?['body/cr6ee_city']",
                    "item/mib_country@odata.bind": "/new_countries(@{triggerOutputs()?['body/_cr6ee_country_value']})",
                    "item/mib_isprimary": false,
                    "item/mib_region@odata.bind": "@variables('Region')",
                    "item/mib_site@odata.bind": "/new_sites(@{triggerOutputs()?['body/_new_site_value']})",
                    "item/mib_state": "@triggerOutputs()?['body/cr6ee_state']",
                    "item/mib_postalcode": "@triggerOutputs()?['body/new_zipcode']"
                  },
                  "authentication": "@parameters('$authentication')"
                }
              },
              "Update_Address__field_in_study_site_with_Address_lookup_value_2": {
                "runAfter": {
                  "Add_a_new_row_in_address_2": [
                    "Succeeded"
                  ]
                },
                "metadata": {
                  "operationMetadataId": "5186d361-917e-43b9-8785-0f676c5b0382"
                },
                "type": "OpenApiConnection",
                "inputs": {
                  "host": {
                    "connectionName": "shared_commondataserviceforapps",
                    "operationId": "UpdateRecord",
                    "apiId": "/providers/Microsoft.PowerApps/apis/shared_commondataserviceforapps"
                  },
                  "parameters": {
                    "entityName": "cr6ee_studysites",
                    "recordId": "@triggerOutputs()?['body/cr6ee_studysiteid']",
                    "item/mib_Address@odata.bind": "/mib_addresses(@{outputs('Add_a_new_row_in_address_2')?['body/mib_addressid']})"
                  },
                  "authentication": "@parameters('$authentication')"
                }
              }
            }
          },
          "expression": {
            "equals": [
              "@triggerOutputs()?['body/_cr6ee_country_value']",
              "@null"
            ]
          },
          "metadata": {
            "operationMetadataId": "266ffad4-ad1c-41f1-a3ca-e076f20d0a52"
          },
          "type": "If"
        },
        "Initialize_variable_-_Blank_Value": {
          "runAfter": {},
          "metadata": {
            "operationMetadataId": "7fdef036-0b0d-4032-bef4-dba7e07d6439"
          },
          "type": "InitializeVariable",
          "inputs": {
            "variables": [
              {
                "name": "Blank Value",
                "type": "string"
              }
            ]
          }
        },
        "Initialize_variable_-_Region": {
          "runAfter": {
            "Initialize_variable_-_Blank_Value": [
              "Succeeded"
            ]
          },
          "metadata": {
            "operationMetadataId": "7fdef036-0b0d-4032-bef4-dba7e07d6439"
          },
          "type": "InitializeVariable",
          "inputs": {
            "variables": [
              {
                "name": "Region",
                "type": "string"
              }
            ]
          }
        },
        "Condition_to_region_is_null": {
          "actions": {
            "Set_variable_Region": {
              "runAfter": {},
              "metadata": {
                "operationMetadataId": "670b4c83-b9a1-4ec1-a6d6-02a65c38c2c6"
              },
              "type": "SetVariable",
              "inputs": {
                "name": "Region",
                "value": "@variables('Blank Value')"
              }
            }
          },
          "runAfter": {
            "Initialize_variable_-_Region": [
              "Succeeded"
            ]
          },
          "else": {
            "actions": {
              "Set_variable_Region_1": {
                "runAfter": {},
                "metadata": {
                  "operationMetadataId": "670b4c83-b9a1-4ec1-a6d6-02a65c38c2c6"
                },
                "type": "SetVariable",
                "inputs": {
                  "name": "Region",
                  "value": "/new_regions/@{triggerOutputs()?['body/_mib_region_value']}"
                }
              }
            }
          },
          "expression": {
            "equals": [
              "@triggerOutputs()?['body/_mib_region_value']",
              "@null"
            ]
          },
          "metadata": {
            "operationMetadataId": "202849a9-896f-4601-bb81-93926f84c226"
          },
          "type": "If"
        }
      },
      "outputs": {}
    }
  },
  "schemaVersion": "1.0.0.0"
}