{
  "properties": {
    "connectionReferences": {
      "shared_commondataserviceforapps": {
        "runtimeSource": "embedded",
        "connection": {
          "connectionReferenceLogicalName": "mib_MicrosoftDataverseMIBAdmin"
        },
        "api": {
          "name": "shared_commondataserviceforapps"
        }
      }
    },
    "definition": {
      "$schema": "https://schema.management.azure.com/providers/Microsoft.Logic/schemas/2016-06-01/workflowdefinition.json#",
      "contentVersion": "1.0.0.0",
      "parameters": {
        "$connections": {
          "defaultValue": {},
          "type": "Object"
        },
        "$authentication": {
          "defaultValue": {},
          "type": "SecureObject"
        }
      },
      "triggers": {
        "When_a_row_is_added,_modified_or_deleted": {
          "metadata": {
            "operationMetadataId": "5acb5148-6bf1-4a30-9ce8-ff6de36bfe93"
          },
          "type": "OpenApiConnectionWebhook",
          "inputs": {
            "host": {
              "connectionName": "shared_commondataserviceforapps",
              "operationId": "SubscribeWebhookTrigger",
              "apiId": "/providers/Microsoft.PowerApps/apis/shared_commondataserviceforapps"
            },
            "parameters": {
              "subscriptionRequest/message": 4,
              "subscriptionRequest/entityname": "cr420_studysitecontact",
              "subscriptionRequest/scope": 4,
              "subscriptionRequest/filteringattributes": "cr420_address1,cr420_city,cr420_state,cr420_address2,cr420_region,cr420_country"
            },
            "authentication": "@parameters('$authentication')"
          }
        }
      },
      "actions": {
        "Get_List_of_Study_Site": {
          "runAfter": {
            "Condition_to_check_Region_value": [
              "Succeeded"
            ]
          },
          "metadata": {
            "operationMetadataId": "45c72c2f-42bb-4285-83bd-88ac694b756b"
          },
          "type": "OpenApiConnection",
          "inputs": {
            "host": {
              "connectionName": "shared_commondataserviceforapps",
              "operationId": "ListRecords",
              "apiId": "/providers/Microsoft.PowerApps/apis/shared_commondataserviceforapps"
            },
            "parameters": {
              "entityName": "cr6ee_studysites",
              "$select": "cr6ee_sitename,mib_softdelete,cr6ee_studysiteid,_new_site_value",
              "$filter": "cr6ee_sitename eq '@{variables('_new_studysite_value')}' and mib_softdelete eq false"
            },
            "authentication": "@parameters('$authentication')"
          }
        },
        "Compose": {
          "runAfter": {
            "Get_List_of_Study_Site": [
              "Succeeded"
            ]
          },
          "metadata": {
            "operationMetadataId": "3207d286-8f71-4454-b9ad-35f970906125"
          },
          "type": "Compose",
          "inputs": "@length(outputs('Get_List_of_Study_Site')?['body/value'])"
        },
        "Condition": {
          "actions": {
            "Update_a_row_StudySiteContacts_lookup_values": {
              "runAfter": {
                "Add_a_new_row_in_Address": [
                  "Succeeded"
                ]
              },
              "metadata": {
                "operationMetadataId": "d73e9b9e-3b7c-4406-83d0-87cdf50ce2bd"
              },
              "type": "OpenApiConnection",
              "inputs": {
                "host": {
                  "connectionName": "shared_commondataserviceforapps",
                  "operationId": "UpdateRecord",
                  "apiId": "/providers/Microsoft.PowerApps/apis/shared_commondataserviceforapps"
                },
                "parameters": {
                  "entityName": "cr420_studysitecontacts",
                  "recordId": "@triggerOutputs()?['body/cr420_studysitecontactid']"
                },
                "authentication": "@parameters('$authentication')"
              }
            },
            "Add_a_new_row_in_Address": {
              "runAfter": {},
              "metadata": {
                "operationMetadataId": "95b2dd1e-46b0-49d3-a07f-b2c7d29476f4"
              },
              "type": "OpenApiConnection",
              "inputs": {
                "host": {
                  "connectionName": "shared_commondataserviceforapps",
                  "operationId": "CreateRecord",
                  "apiId": "/providers/Microsoft.PowerApps/apis/shared_commondataserviceforapps"
                },
                "parameters": {
                  "entityName": "mib_addresses",
                  "item/mib_name": "@triggerOutputs()?['body/cr420_address1']",
                  "item/mib_address2": "@triggerOutputs()?['body/cr420_address2']",
                  "item/mib_addressline3": "@triggerOutputs()?['body/mib_addressline3']",
                  "item/mib_city": "@triggerOutputs()?['body/cr420_city']",
                  "item/mib_conntactid@odata.bind": "/contacts(@{triggerOutputs()?['body/_cr420_contact_value']})",
                  "item/mib_country@odata.bind": "@outputs('IsCountryNull')",
                  "item/mib_isprimary": "@triggerOutputs()?['body/new_isprimarycontact']",
                  "item/mib_region@odata.bind": "@outputs('IsRegionNull')",
                  "item/mib_state": "@triggerOutputs()?['body/cr420_state']",
                  "item/mib_postalcode": "@triggerOutputs()?['body/cr420_postalcode']"
                },
                "authentication": "@parameters('$authentication')"
              }
            }
          },
          "runAfter": {
            "Set_variable": [
              "Succeeded"
            ]
          },
          "else": {
            "actions": {
              "Update_a_row": {
                "runAfter": {},
                "metadata": {
                  "operationMetadataId": "afb4140d-56c2-4b54-9e1e-102fe6236528"
                },
                "type": "OpenApiConnection",
                "inputs": {
                  "host": {
                    "connectionName": "shared_commondataserviceforapps",
                    "operationId": "UpdateRecord",
                    "apiId": "/providers/Microsoft.PowerApps/apis/shared_commondataserviceforapps"
                  },
                  "parameters": {
                    "entityName": "mib_addresses",
                    "recordId": "@outputs('Get_a_row_of_Study_Site_Contacts')?['body/_mib_address_value']",
                    "item/mib_name": "@triggerOutputs()?['body/cr420_address1']",
                    "item/mib_address2": "@triggerOutputs()?['body/cr420_address2']",
                    "item/mib_addressline3": "@triggerOutputs()?['body/mib_addressline3']",
                    "item/mib_city": "@triggerOutputs()?['body/cr420_city']",
                    "item/mib_country@odata.bind": "@outputs('IsCountryNull')",
                    "item/mib_isprimary": "@triggerOutputs()?['body/new_isprimarycontact']",
                    "item/mib_region@odata.bind": "@outputs('IsRegionNull')",
                    "item/mib_state": "@outputs('Get_a_row_of_Study_Site_Contacts')?['body/cr420_state']",
                    "item/mib_postalcode": "@triggerOutputs()?['body/cr420_postalcode']"
                  },
                  "authentication": "@parameters('$authentication')"
                }
              }
            }
          },
          "expression": {
            "greater": [
              "@outputs('Compose')",
              1
            ]
          },
          "metadata": {
            "operationMetadataId": "872b169c-2525-4e7c-b74c-1423041b1bda"
          },
          "type": "If"
        },
        "StudySite_Value": {
          "runAfter": {
            "Get_List_of_Address": [
              "Succeeded"
            ]
          },
          "metadata": {
            "operationMetadataId": "c67f6d16-c177-411c-a892-bd19963460af"
          },
          "type": "InitializeVariable",
          "inputs": {
            "variables": [
              {
                "name": "_new_studysite_value",
                "type": "string",
                "value": "@{outputs('Get_a_row_of_Study_Site_Contacts')?['body/_new_studysite_value@OData.Community.Display.V1.FormattedValue']}"
              }
            ]
          }
        },
        "Get_a_row_of_Study_Site_Contacts": {
          "runAfter": {},
          "metadata": {
            "operationMetadataId": "f6ec4ef6-a4b3-44f7-8a7f-c15c20fb7125"
          },
          "type": "OpenApiConnection",
          "inputs": {
            "host": {
              "connectionName": "shared_commondataserviceforapps",
              "operationId": "GetItem",
              "apiId": "/providers/Microsoft.PowerApps/apis/shared_commondataserviceforapps"
            },
            "parameters": {
              "entityName": "cr420_studysitecontacts",
              "recordId": "@triggerOutputs()?['body/cr420_studysitecontactid']"
            },
            "authentication": "@parameters('$authentication')"
          }
        },
        "Site_Contact": {
          "runAfter": {
            "StudySite_Value": [
              "Succeeded"
            ]
          },
          "metadata": {
            "operationMetadataId": "da4c745e-30aa-4710-a5ec-27144dfb45e6"
          },
          "type": "InitializeVariable",
          "inputs": {
            "variables": [
              {
                "name": "SiteContact",
                "type": "string",
                "value": "@{outputs('Get_a_row_of_Study_Site_Contacts')?['body/_cr420_contact_value@OData.Community.Display.V1.FormattedValue']}"
              }
            ]
          }
        },
        "Initialize_variable_-Address": {
          "runAfter": {
            "Site_Contact": [
              "Succeeded"
            ]
          },
          "metadata": {
            "operationMetadataId": "9d19ed3b-7fe3-4112-9342-ee0af31d5ffb"
          },
          "type": "InitializeVariable",
          "inputs": {
            "variables": [
              {
                "name": "CheckAddress",
                "type": "string"
              }
            ]
          }
        },
        "Set_variable": {
          "runAfter": {
            "Compose": [
              "Succeeded"
            ]
          },
          "metadata": {
            "operationMetadataId": "d5f2e7c6-1cb6-4746-9dcb-44fe40490fa0"
          },
          "type": "SetVariable",
          "inputs": {
            "name": "CheckAddress",
            "value": "@outputs('Get_a_row_of_Study_Site_Contacts')?['body/_mib_address_value']"
          }
        },
        "Get_List_of_Address": {
          "runAfter": {
            "Get_a_row_of_Study_Site_Contacts": [
              "Succeeded"
            ]
          },
          "metadata": {
            "operationMetadataId": "33a6626b-f431-4c6f-9c09-3555a5dcc30a"
          },
          "type": "OpenApiConnection",
          "inputs": {
            "host": {
              "connectionName": "shared_commondataserviceforapps",
              "operationId": "ListRecords",
              "apiId": "/providers/Microsoft.PowerApps/apis/shared_commondataserviceforapps"
            },
            "parameters": {
              "entityName": "mib_addresses",
              "$filter": "mib_name eq '@{outputs('Get_a_row_of_Study_Site_Contacts')?['body/cr420_address1']}'"
            },
            "authentication": "@parameters('$authentication')"
          }
        },
        "Initialize_variable_Country": {
          "runAfter": {
            "Initialize_variable_-Address": [
              "Succeeded"
            ]
          },
          "metadata": {
            "operationMetadataId": "c8164414-3295-4a12-ba03-4dc3a0956106"
          },
          "type": "InitializeVariable",
          "inputs": {
            "variables": [
              {
                "name": "Country",
                "type": "string"
              }
            ]
          }
        },
        "Initialize_variable_Region": {
          "runAfter": {
            "Initialize_variable_Country": [
              "Succeeded"
            ]
          },
          "metadata": {
            "operationMetadataId": "7b5b0ef9-b853-400a-aea2-6aa47368db7a"
          },
          "type": "InitializeVariable",
          "inputs": {
            "variables": [
              {
                "name": "Region",
                "type": "string"
              }
            ]
          }
        },
        "Set_variable_2": {
          "runAfter": {
            "Initialize_variable_Region": [
              "Succeeded"
            ]
          },
          "metadata": {
            "operationMetadataId": "6f477544-db74-478e-a9ec-a8c8dd39aebe"
          },
          "type": "SetVariable",
          "inputs": {
            "name": "Country",
            "value": "@triggerOutputs()?['body/_cr420_country_value']"
          }
        },
        "Condition_to_check_Country_value": {
          "actions": {
            "Set_variable_4": {
              "runAfter": {},
              "metadata": {
                "operationMetadataId": "de996e42-16f5-4f67-9ae9-24d007dd6a2d"
              },
              "type": "SetVariable",
              "inputs": {
                "name": "Country",
                "value": "@triggerOutputs()?['body/_cr420_country_value']"
              }
            },
            "IsCountryNull": {
              "runAfter": {
                "Set_variable_4": [
                  "Succeeded"
                ]
              },
              "metadata": {
                "operationMetadataId": "9f6fab41-1462-41c1-bf89-019cb399063b"
              },
              "type": "Compose",
              "inputs": "@concat('/new_countries(', variables('Country'), ')')"
            }
          },
          "runAfter": {
            "Set_variable_2": [
              "Succeeded"
            ]
          },
          "else": {
            "actions": {
              "Set_variable_5": {
                "runAfter": {},
                "metadata": {
                  "operationMetadataId": "0ed84a38-956e-4b23-b259-0e258dbcc4fe"
                },
                "type": "SetVariable",
                "inputs": {
                  "name": "Country",
                  "value": "@{null}"
                }
              }
            }
          },
          "expression": {
            "not": {
              "equals": [
                "@length(variables('Country'))",
                0
              ]
            }
          },
          "metadata": {
            "operationMetadataId": "d8c186c2-9a0a-4e7e-8f0b-e933d34cbc29"
          },
          "type": "If"
        },
        "Set_variable_3": {
          "runAfter": {
            "Condition_to_check_Country_value": [
              "Succeeded"
            ]
          },
          "metadata": {
            "operationMetadataId": "7b3dc5c0-9400-4318-a1ee-e08b5c19eb69"
          },
          "type": "SetVariable",
          "inputs": {
            "name": "Region",
            "value": "@triggerOutputs()?['body/_cr420_region_value']"
          }
        },
        "Condition_to_check_Region_value": {
          "actions": {
            "Set_variable_6": {
              "runAfter": {},
              "metadata": {
                "operationMetadataId": "7b3dc5c0-9400-4318-a1ee-e08b5c19eb69"
              },
              "type": "SetVariable",
              "inputs": {
                "name": "Region",
                "value": "@triggerOutputs()?['body/_cr420_region_value']"
              }
            },
            "IsRegionNull": {
              "runAfter": {
                "Set_variable_6": [
                  "Succeeded"
                ]
              },
              "metadata": {
                "operationMetadataId": "6fdcc749-55de-4663-acea-c538e71d229f"
              },
              "type": "Compose",
              "inputs": "@concat('/new_regions(', variables('Region'), ')')"
            }
          },
          "runAfter": {
            "Set_variable_3": [
              "Succeeded"
            ]
          },
          "else": {
            "actions": {
              "Set_variable_7": {
                "runAfter": {},
                "metadata": {
                  "operationMetadataId": "7b3dc5c0-9400-4318-a1ee-e08b5c19eb69"
                },
                "type": "SetVariable",
                "inputs": {
                  "name": "Region",
                  "value": "@{null}"
                }
              }
            }
          },
          "expression": {
            "not": {
              "equals": [
                "@length(variables('Region'))",
                0
              ]
            }
          },
          "metadata": {
            "operationMetadataId": "0a35e3b0-df74-47d8-8d87-0a167043304d"
          },
          "type": "If"
        }
      }
    }
  },
  "schemaVersion": "1.0.0.0"
}