{
  "properties": {
    "connectionReferences": {
      "shared_commondataserviceforapps": {
        "runtimeSource": "embedded",
        "connection": {
          "connectionReferenceLogicalName": "mib_MicrosoftDataverseMIBAdmin"
        },
        "api": {
          "name": "shared_commondataserviceforapps"
        }
      }
    },
    "definition": {
      "$schema": "https://schema.management.azure.com/providers/Microsoft.Logic/schemas/2016-06-01/workflowdefinition.json#",
      "contentVersion": "1.0.0.0",
      "parameters": {
        "$connections": {
          "defaultValue": {},
          "type": "Object"
        },
        "$authentication": {
          "defaultValue": {},
          "type": "SecureObject"
        }
      },
      "triggers": {
        "manual": {
          "metadata": {
            "operationMetadataId": "dbd44ff6-763d-4e87-8a3f-3968607be744"
          },
          "type": "Request",
          "kind": "Button",
          "inputs": {
            "schema": {
              "type": "object",
              "properties": {
                "text_1": {
                  "title": "Service_Url",
                  "type": "string",
                  "x-ms-dynamically-added": true,
                  "description": "Service_Url",
                  "x-ms-content-hint": "TEXT"
                },
                "text_2": {
                  "title": "UserName",
                  "type": "string",
                  "x-ms-dynamically-added": true,
                  "description": "UserName",
                  "x-ms-content-hint": "TEXT"
                },
                "text_3": {
                  "title": "Password",
                  "type": "string",
                  "x-ms-dynamically-added": true,
                  "description": "Password",
                  "x-ms-content-hint": "TEXT"
                },
                "text_4": {
                  "title": "SiteAccountUUID",
                  "type": "string",
                  "x-ms-dynamically-added": true,
                  "description": "SiteAccountUUID",
                  "x-ms-content-hint": "TEXT"
                },
                "text_5": {
                  "title": "SiteName",
                  "type": "string",
                  "x-ms-dynamically-added": true,
                  "description": "SiteName",
                  "x-ms-content-hint": "TEXT"
                },
                "text_6": {
                  "title": "Site GUID",
                  "type": "string",
                  "x-ms-dynamically-added": true,
                  "description": "Site GUID",
                  "x-ms-content-hint": "TEXT"
                },
                "boolean": {
                  "title": "Is Retry",
                  "type": "boolean",
                  "x-ms-dynamically-added": true,
                  "description": "Is Retry",
                  "x-ms-content-hint": "BOOLEAN"
                },
                "text": {
                  "title": "ECC Queue Record GUID",
                  "type": "string",
                  "x-ms-dynamically-added": true,
                  "description": "ECC Queue Record GUID",
                  "x-ms-content-hint": "TEXT"
                }
              },
              "required": [
                "text_1",
                "text_2",
                "text_3",
                "text_4",
                "text_5",
                "text_6",
                "boolean",
                "text"
              ]
            }
          }
        }
      },
      "actions": {
        "Add_a_ECC_Record_for_Message_Type:_AmbraAddGlobalSiteSessionAPI": {
          "runAfter": {},
          "metadata": {
            "operationMetadataId": "25340119-3edb-4053-92f4-a2b87ef88c53"
          },
          "type": "OpenApiConnection",
          "inputs": {
            "host": {
              "connectionName": "shared_commondataserviceforapps",
              "operationId": "CreateRecord",
              "apiId": "/providers/Microsoft.PowerApps/apis/shared_commondataserviceforapps"
            },
            "parameters": {
              "entityName": "mib_eccqueues",
              "item/mib_createddatetime": "@utcNow()",
              "item/mib_direction": 913380001,
              "item/mib_integrationmessagetype": 1,
              "item/mib_name": "Add Site - @{triggerBody()['text_5']}",
              "item/mib_requestfor": 913380001,
              "item/mib_state": 913380004
            },
            "authentication": {
              "type": "Raw",
              "value": "@json(decodeBase64(triggerOutputs().headers['X-MS-APIM-Tokens']))['$ConnectionKey']"
            }
          }
        },
        "HTTP_-_sessionlogin": {
          "runAfter": {
            "Add_a_ECC_Record_for_Message_Type:_AmbraAddGlobalSiteSessionAPI": [
              "Succeeded"
            ]
          },
          "metadata": {
            "operationMetadataId": "26f092fa-3e06-463d-83e2-bbbd103d5532"
          },
          "type": "Http",
          "inputs": {
            "method": "POST",
            "uri": "@{triggerBody()['text_1']}/api/v3/session/login",
            "headers": {
              "Content-Type": "application/x-www-form-urlencoded"
            },
            "body": "login=@{triggerBody()['text_2']}&password=@{triggerBody()['text_3']}"
          }
        },
        "Parse_JSON": {
          "runAfter": {
            "Condition_to_update_ECC_record_when_success": [
              "Succeeded"
            ]
          },
          "metadata": {
            "operationMetadataId": "35312f09-21d2-4b70-9e3a-076fda10ea34"
          },
          "type": "ParseJson",
          "inputs": {
            "content": "@body('HTTP_-_sessionlogin')",
            "schema": {
              "type": "object",
              "properties": {
                "sid": {
                  "type": "string"
                }
              }
            }
          }
        },
        "Add_a_ECC_Record_for_Message_Type:_AmbraAddGlobalSiteAddSiteAPI": {
          "runAfter": {
            "Parse_JSON": [
              "Succeeded"
            ]
          },
          "metadata": {
            "operationMetadataId": "ca79f21c-7c3a-4be9-9476-8237c50264ba"
          },
          "type": "OpenApiConnection",
          "inputs": {
            "host": {
              "connectionName": "shared_commondataserviceforapps",
              "operationId": "CreateRecord",
              "apiId": "/providers/Microsoft.PowerApps/apis/shared_commondataserviceforapps"
            },
            "parameters": {
              "entityName": "mib_eccqueues",
              "item/mib_createddatetime": "@utcNow()",
              "item/mib_direction": 913380001,
              "item/mib_integrationmessagetype": 2,
              "item/mib_name": "Add Site - @{triggerBody()['text_5']}",
              "item/mib_requestfor": 913380004,
              "item/mib_state": 913380004
            },
            "authentication": {
              "type": "Raw",
              "value": "@json(decodeBase64(triggerOutputs().headers['X-MS-APIM-Tokens']))['$ConnectionKey']"
            }
          }
        },
        "HTTP_-_Add_Site": {
          "runAfter": {
            "Add_a_ECC_Record_for_Message_Type:_AmbraAddGlobalSiteAddSiteAPI": [
              "Succeeded"
            ]
          },
          "metadata": {
            "operationMetadataId": "794a60a3-6684-44b9-a8d8-a343b6404d03"
          },
          "type": "Http",
          "inputs": {
            "method": "POST",
            "uri": "@{triggerBody()['text_1']}/api/v3/site/add",
            "headers": {
              "Content-Type": "application/x-www-form-urlencoded"
            },
            "body": "sid=@{body('Parse_JSON')?['sid']}&account_id=@{triggerBody()['text_4']}&name=@{triggerBody()['text_5']}"
          }
        },
        "Condition_to_check_the_Status": {
          "actions": {
            "Update_Site_with_error_Status": {
              "runAfter": {},
              "metadata": {
                "operationMetadataId": "41e09a1e-8fd5-42ad-be4c-6afab00090f1"
              },
              "type": "OpenApiConnection",
              "inputs": {
                "host": {
                  "connectionName": "shared_commondataserviceforapps",
                  "operationId": "UpdateRecord",
                  "apiId": "/providers/Microsoft.PowerApps/apis/shared_commondataserviceforapps"
                },
                "parameters": {
                  "entityName": "new_sites",
                  "recordId": "@triggerBody()['text_6']",
                  "item/mib_status": "@{body('HTTP_-_Add_Site')?['status']} - @{body('HTTP_-_Add_Site')?['error_type']}",
                  "item/mib_flowstate": 913380001,
                  "item/mib_operation": 913380000
                },
                "authentication": {
                  "type": "Raw",
                  "value": "@json(decodeBase64(triggerOutputs().headers['X-MS-APIM-Tokens']))['$ConnectionKey']"
                }
              }
            },
            "Return_to_caller": {
              "runAfter": {
                "Condition": [
                  "Succeeded"
                ]
              },
              "metadata": {
                "operationMetadataId": "3ad8c800-5526-464a-aaaa-30cebc5def2b"
              },
              "type": "Response",
              "kind": "PowerApp",
              "inputs": {
                "statusCode": 200,
                "body": {
                  "status": "500"
                },
                "schema": {
                  "type": "object",
                  "properties": {
                    "status": {
                      "title": "Status",
                      "x-ms-dynamically-added": true,
                      "type": "string"
                    }
                  }
                }
              }
            },
            "Terminate": {
              "runAfter": {
                "Return_to_caller": [
                  "Succeeded"
                ]
              },
              "metadata": {
                "operationMetadataId": "7ee02eed-2333-4716-bae9-5feee6ec9803"
              },
              "type": "Terminate",
              "inputs": {
                "runStatus": "Failed"
              }
            },
            "Condition": {
              "actions": {},
              "runAfter": {
                "Update_Site_with_error_Status": [
                  "Succeeded"
                ]
              },
              "else": {
                "actions": {
                  "Update_ECC_Queue_Retry_Record_-_Integration_Failed": {
                    "runAfter": {},
                    "metadata": {
                      "operationMetadataId": "340d03b2-1ca1-42eb-87c3-e20d885b01fc"
                    },
                    "type": "OpenApiConnection",
                    "inputs": {
                      "host": {
                        "connectionName": "shared_commondataserviceforapps",
                        "operationId": "UpdateRecord",
                        "apiId": "/providers/Microsoft.PowerApps/apis/shared_commondataserviceforapps"
                      },
                      "parameters": {
                        "entityName": "mib_eccqueues",
                        "recordId": "@outputs('Update_Site_with_error_Status')?['body/mib_eccqueuerecordguid']",
                        "item/mib_status": "Site creation failed",
                        "item/mib_flowstate": 913380001,
                        "item/mib_isretry": "@triggerBody()['boolean']",
                        "item/mib_relatedrecord_new_site@odata.bind": "/new_sites/@{triggerBody()['text_6']}",
                        "item/mib_state": 913380006
                      },
                      "authentication": {
                        "type": "Raw",
                        "value": "@json(decodeBase64(triggerOutputs().headers['X-MS-APIM-Tokens']))['$ConnectionKey']"
                      }
                    }
                  }
                }
              },
              "expression": {
                "equals": [
                  "@empty(outputs('Update_Site_with_error_Status')?['body/mib_eccqueuerecordguid'])",
                  "@true"
                ]
              },
              "metadata": {
                "operationMetadataId": "38b8e172-5cdf-4878-abaf-fff3aa85ca50"
              },
              "type": "If"
            }
          },
          "runAfter": {
            "Condition_to_update_ECC_record_when_success_1": [
              "Succeeded"
            ]
          },
          "else": {
            "actions": {
              "Update_a_site_row": {
                "runAfter": {},
                "metadata": {
                  "operationMetadataId": "340d03b2-1ca1-42eb-87c3-e20d885b01fc"
                },
                "type": "OpenApiConnection",
                "inputs": {
                  "host": {
                    "connectionName": "shared_commondataserviceforapps",
                    "operationId": "UpdateRecord",
                    "apiId": "/providers/Microsoft.PowerApps/apis/shared_commondataserviceforapps"
                  },
                  "parameters": {
                    "entityName": "new_sites",
                    "recordId": "@triggerBody()['text_6']",
                    "item/mib_status": "In Sync",
                    "item/mib_flowstate": 913380001,
                    "item/mib_operation": 913380000,
                    "item/mib_uuid": "@body('HTTP_-_Add_Site')?['uuid']"
                  },
                  "authentication": {
                    "type": "Raw",
                    "value": "@json(decodeBase64(triggerOutputs().headers['X-MS-APIM-Tokens']))['$ConnectionKey']"
                  }
                }
              },
              "Condition_2": {
                "actions": {},
                "runAfter": {
                  "Update_a_site_row": [
                    "Succeeded"
                  ]
                },
                "else": {
                  "actions": {
                    "Update_ECC_Queue_Retry_Record_-_Integration_Successful": {
                      "runAfter": {},
                      "metadata": {
                        "operationMetadataId": "340d03b2-1ca1-42eb-87c3-e20d885b01fc"
                      },
                      "type": "OpenApiConnection",
                      "inputs": {
                        "host": {
                          "connectionName": "shared_commondataserviceforapps",
                          "operationId": "UpdateRecord",
                          "apiId": "/providers/Microsoft.PowerApps/apis/shared_commondataserviceforapps"
                        },
                        "parameters": {
                          "entityName": "mib_eccqueues",
                          "recordId": "@outputs('Update_a_site_row')?['body/mib_eccqueuerecordguid']",
                          "item/mib_status": "Site is successfully created",
                          "item/mib_flowstate": 913380001,
                          "item/mib_isretry": "@triggerBody()['boolean']",
                          "item/mib_relatedrecord_new_site@odata.bind": "/new_sites/@{triggerBody()['text_6']}",
                          "item/mib_state": 913380002
                        },
                        "authentication": {
                          "type": "Raw",
                          "value": "@json(decodeBase64(triggerOutputs().headers['X-MS-APIM-Tokens']))['$ConnectionKey']"
                        }
                      }
                    }
                  }
                },
                "expression": {
                  "equals": [
                    "@empty(outputs('Update_a_site_row')?['body/mib_eccqueuerecordguid'])",
                    "@true"
                  ]
                },
                "metadata": {
                  "operationMetadataId": "3627eb07-16b1-451d-ba81-59ff32738660"
                },
                "type": "If"
              }
            }
          },
          "expression": {
            "equals": [
              "@toLower(body('HTTP_-_Add_Site')?['status'])",
              "error"
            ]
          },
          "metadata": {
            "operationMetadataId": "a0ec8c57-821e-47cf-8a24-c82769930dae"
          },
          "type": "If"
        },
        "Respond_to_a_PowerApp_or_flow": {
          "runAfter": {
            "Condition_to_check_the_Status": [
              "Succeeded"
            ]
          },
          "metadata": {
            "operationMetadataId": "1aeb7065-838f-4a97-a818-fcfd995377ab"
          },
          "type": "Response",
          "kind": "PowerApp",
          "inputs": {
            "statusCode": 200,
            "body": {
              "status": "200"
            },
            "schema": {
              "type": "object",
              "properties": {
                "status": {
                  "title": "Status",
                  "x-ms-dynamically-added": true,
                  "type": "string"
                }
              }
            }
          }
        },
        "HTTP_Session_Login_Failed": {
          "actions": {
            "Failed_Update_ECC_Record_for_Message_Type:_AmbraAddGlobalSiteSessionAPI": {
              "runAfter": {},
              "metadata": {
                "operationMetadataId": "7162ea17-efff-41cf-a92e-26280908766d"
              },
              "type": "OpenApiConnection",
              "inputs": {
                "host": {
                  "connectionName": "shared_commondataserviceforapps",
                  "operationId": "UpdateRecord",
                  "apiId": "/providers/Microsoft.PowerApps/apis/shared_commondataserviceforapps"
                },
                "parameters": {
                  "entityName": "mib_eccqueues",
                  "recordId": "@outputs('Add_a_ECC_Record_for_Message_Type:_AmbraAddGlobalSiteSessionAPI')?['body/mib_eccqueueid']",
                  "item/mib_status": "HTTP Session Login Failed",
                  "item/mib_body": "@body('HTTP_-_sessionlogin')",
                  "item/mib_headers": "@outputs('HTTP_-_sessionlogin')['headers']",
                  "item/mib_isretry": false,
                  "item/mib_method": "POST",
                  "item/mib_processeddatetime": "@utcNow()",
                  "item/mib_relatedrecord_new_site@odata.bind": "/new_sites/@{triggerBody()['text_6']}",
                  "item/mib_state": 913380006
                },
                "authentication": {
                  "type": "Raw",
                  "value": "@json(decodeBase64(triggerOutputs().headers['X-MS-APIM-Tokens']))['$ConnectionKey']"
                }
              }
            },
            "Return_to_caller_-_HTTP_Session_Login_Failed": {
              "runAfter": {
                "Condition_3": [
                  "Succeeded"
                ]
              },
              "metadata": {
                "operationMetadataId": "9762e386-a8e6-4123-9107-367f4257d259"
              },
              "type": "Response",
              "kind": "PowerApp",
              "inputs": {
                "statusCode": 200,
                "body": {
                  "status": "500"
                },
                "schema": {
                  "type": "object",
                  "properties": {
                    "status": {
                      "title": "Status",
                      "x-ms-dynamically-added": true,
                      "type": "string"
                    }
                  }
                }
              }
            },
            "Terminate_-_HTTP_Login_Session_Failed": {
              "runAfter": {
                "Return_to_caller_-_HTTP_Session_Login_Failed": [
                  "Succeeded"
                ]
              },
              "metadata": {
                "operationMetadataId": "aff7cca3-16e7-4a83-aa06-a562333779df"
              },
              "type": "Terminate",
              "inputs": {
                "runStatus": "Failed"
              }
            },
            "Update_Site_-_HTTP_Session_Login_Failed": {
              "runAfter": {
                "Failed_Update_ECC_Record_for_Message_Type:_AmbraAddGlobalSiteSessionAPI": [
                  "Succeeded"
                ]
              },
              "metadata": {
                "operationMetadataId": "41e09a1e-8fd5-42ad-be4c-6afab00090f1"
              },
              "type": "OpenApiConnection",
              "inputs": {
                "host": {
                  "connectionName": "shared_commondataserviceforapps",
                  "operationId": "UpdateRecord",
                  "apiId": "/providers/Microsoft.PowerApps/apis/shared_commondataserviceforapps"
                },
                "parameters": {
                  "entityName": "new_sites",
                  "recordId": "@triggerBody()['text_6']",
                  "item/mib_status": "HTTP Session Login Failed",
                  "item/mib_flowstate": 913380001,
                  "item/mib_operation": 913380000
                },
                "authentication": {
                  "type": "Raw",
                  "value": "@json(decodeBase64(triggerOutputs().headers['X-MS-APIM-Tokens']))['$ConnectionKey']"
                }
              }
            },
            "Condition_3": {
              "actions": {},
              "runAfter": {
                "Update_Site_-_HTTP_Session_Login_Failed": [
                  "Succeeded"
                ]
              },
              "else": {
                "actions": {
                  "Update_ECC_Queue_Retry_Record_-_Integration_Failed_2": {
                    "runAfter": {},
                    "metadata": {
                      "operationMetadataId": "340d03b2-1ca1-42eb-87c3-e20d885b01fc"
                    },
                    "type": "OpenApiConnection",
                    "inputs": {
                      "host": {
                        "connectionName": "shared_commondataserviceforapps",
                        "operationId": "UpdateRecord",
                        "apiId": "/providers/Microsoft.PowerApps/apis/shared_commondataserviceforapps"
                      },
                      "parameters": {
                        "entityName": "mib_eccqueues",
                        "recordId": "@outputs('Update_Site_-_HTTP_Session_Login_Failed')?['body/mib_eccqueuerecordguid']",
                        "item/mib_status": "Site creation failed",
                        "item/mib_flowstate": 913380001,
                        "item/mib_isretry": "@triggerBody()['boolean']",
                        "item/mib_relatedrecord_new_site@odata.bind": "/new_sites/@{triggerBody()['text_6']}",
                        "item/mib_state": 913380006
                      },
                      "authentication": {
                        "type": "Raw",
                        "value": "@json(decodeBase64(triggerOutputs().headers['X-MS-APIM-Tokens']))['$ConnectionKey']"
                      }
                    }
                  },
                  "Failed_Update_ECC_Record_for_Message_Type:_AmbraAddGlobalSiteSessionAPI_2": {
                    "runAfter": {
                      "Update_ECC_Queue_Retry_Record_-_Integration_Failed_2": [
                        "Succeeded"
                      ]
                    },
                    "metadata": {
                      "operationMetadataId": "7162ea17-efff-41cf-a92e-26280908766d"
                    },
                    "type": "OpenApiConnection",
                    "inputs": {
                      "host": {
                        "connectionName": "shared_commondataserviceforapps",
                        "operationId": "UpdateRecord",
                        "apiId": "/providers/Microsoft.PowerApps/apis/shared_commondataserviceforapps"
                      },
                      "parameters": {
                        "entityName": "mib_eccqueues",
                        "recordId": "@outputs('Add_a_ECC_Record_for_Message_Type:_AmbraAddGlobalSiteSessionAPI')?['body/mib_eccqueueid']",
                        "item/mib_status": "HTTP Session Login Failed",
                        "item/mib_body": "@body('HTTP_-_sessionlogin')",
                        "item/mib_ECCQueue@odata.bind": "/mib_eccqueues/@{outputs('Update_Site_-_HTTP_Session_Login_Failed')?['body/mib_eccqueuerecordguid']}",
                        "item/mib_headers": "@outputs('HTTP_-_sessionlogin')['headers']",
                        "item/mib_isretry": false,
                        "item/mib_method": "POST",
                        "item/mib_processeddatetime": "@utcNow()",
                        "item/mib_relatedrecord_new_site@odata.bind": "/new_sites/@{triggerBody()['text_6']}",
                        "item/mib_state": 913380006
                      },
                      "authentication": {
                        "type": "Raw",
                        "value": "@json(decodeBase64(triggerOutputs().headers['X-MS-APIM-Tokens']))['$ConnectionKey']"
                      }
                    }
                  }
                }
              },
              "expression": {
                "equals": [
                  "@empty(outputs('Update_Site_-_HTTP_Session_Login_Failed')?['body/mib_eccqueuerecordguid'])",
                  "@true"
                ]
              },
              "metadata": {
                "operationMetadataId": "38b8e172-5cdf-4878-abaf-fff3aa85ca50"
              },
              "type": "If"
            }
          },
          "runAfter": {
            "HTTP_-_sessionlogin": [
              "Failed",
              "TimedOut"
            ]
          },
          "metadata": {
            "operationMetadataId": "ed8d8052-78b4-4d0e-babe-dd6b6a81a3d6"
          },
          "type": "Scope"
        },
        "Condition_to_update_ECC_record_when_success": {
          "actions": {
            "Update_ECC_Record_for_Message_Type:_AmbraAddGlobalSiteSessionAPI": {
              "runAfter": {},
              "metadata": {
                "operationMetadataId": "b1d1771a-8dfe-4232-be74-414a65040d17"
              },
              "type": "OpenApiConnection",
              "inputs": {
                "host": {
                  "connectionName": "shared_commondataserviceforapps",
                  "operationId": "UpdateRecord",
                  "apiId": "/providers/Microsoft.PowerApps/apis/shared_commondataserviceforapps"
                },
                "parameters": {
                  "entityName": "mib_eccqueues",
                  "recordId": "@outputs('Add_a_ECC_Record_for_Message_Type:_AmbraAddGlobalSiteSessionAPI')?['body/mib_eccqueueid']",
                  "item/mib_body": "@body('HTTP_-_sessionlogin')",
                  "item/mib_headers": "@outputs('HTTP_-_sessionlogin')['headers']",
                  "item/mib_method": "POST",
                  "item/mib_processeddatetime": "@utcNow()",
                  "item/mib_relatedrecord_new_site@odata.bind": "/new_sites/@{triggerBody()['text_6']}",
                  "item/mib_state": 913380002
                },
                "authentication": {
                  "type": "Raw",
                  "value": "@json(decodeBase64(triggerOutputs().headers['X-MS-APIM-Tokens']))['$ConnectionKey']"
                }
              }
            }
          },
          "runAfter": {
            "HTTP_Session_Login_Failed": [
              "Skipped"
            ]
          },
          "else": {
            "actions": {
              "Update_ECC_Record_for_Message_Type:_AmbraAddGlobalSiteSessionAPI_2": {
                "runAfter": {},
                "metadata": {
                  "operationMetadataId": "b1d1771a-8dfe-4232-be74-414a65040d17"
                },
                "type": "OpenApiConnection",
                "inputs": {
                  "host": {
                    "connectionName": "shared_commondataserviceforapps",
                    "operationId": "UpdateRecord",
                    "apiId": "/providers/Microsoft.PowerApps/apis/shared_commondataserviceforapps"
                  },
                  "parameters": {
                    "entityName": "mib_eccqueues",
                    "recordId": "@outputs('Add_a_ECC_Record_for_Message_Type:_AmbraAddGlobalSiteSessionAPI')?['body/mib_eccqueueid']",
                    "item/mib_body": "@body('HTTP_-_sessionlogin')",
                    "item/mib_ECCQueue@odata.bind": "/mib_eccqueues/@{triggerBody()['text']}",
                    "item/mib_headers": "@outputs('HTTP_-_sessionlogin')['headers']",
                    "item/mib_method": "POST",
                    "item/mib_processeddatetime": "@utcNow()",
                    "item/mib_relatedrecord_new_site@odata.bind": "/new_sites/@{triggerBody()['text_6']}",
                    "item/mib_state": 913380002
                  },
                  "authentication": {
                    "type": "Raw",
                    "value": "@json(decodeBase64(triggerOutputs().headers['X-MS-APIM-Tokens']))['$ConnectionKey']"
                  }
                }
              }
            }
          },
          "expression": {
            "equals": [
              "@empty(triggerBody()['text'])",
              "@true"
            ]
          },
          "metadata": {
            "operationMetadataId": "be8bd3e2-54b6-41dc-9f0a-37878a76ba0b"
          },
          "type": "If"
        },
        "Condition_to_update_ECC_record_when_failed": {
          "actions": {
            "Failed_Update_ECC_Record_for_Message_Type_:_AmbraAddGlobalSiteAddSiteAPI": {
              "runAfter": {},
              "metadata": {
                "operationMetadataId": "b9c65151-ed48-4089-9ef3-c89bc1f14b26"
              },
              "type": "OpenApiConnection",
              "inputs": {
                "host": {
                  "connectionName": "shared_commondataserviceforapps",
                  "operationId": "UpdateRecord",
                  "apiId": "/providers/Microsoft.PowerApps/apis/shared_commondataserviceforapps"
                },
                "parameters": {
                  "entityName": "mib_eccqueues",
                  "recordId": "@outputs('Add_a_ECC_Record_for_Message_Type:_AmbraAddGlobalSiteAddSiteAPI')?['body/mib_eccqueueid']",
                  "item/mib_status": "@{body('HTTP_-_Add_Site')?['status']} - @{body('HTTP_-_Add_Site')?['error_type']}",
                  "item/mib_body": "@body('HTTP_-_Add_Site')",
                  "item/mib_headers": "@outputs('HTTP_-_Add_Site')['headers']",
                  "item/mib_isretry": false,
                  "item/mib_method": "POST",
                  "item/mib_processeddatetime": "@utcNow()",
                  "item/mib_relatedrecord_new_site@odata.bind": "/new_sites/@{triggerBody()['text_6']}",
                  "item/mib_state": 913380006
                },
                "authentication": {
                  "type": "Raw",
                  "value": "@json(decodeBase64(triggerOutputs().headers['X-MS-APIM-Tokens']))['$ConnectionKey']"
                }
              }
            }
          },
          "runAfter": {
            "HTTP_-_Add_Site": [
              "Failed",
              "TimedOut"
            ]
          },
          "else": {
            "actions": {
              "Failed_Update_ECC_Record_for_Message_Type_:_AmbraAddGlobalSiteAddSiteAPI_2": {
                "runAfter": {},
                "metadata": {
                  "operationMetadataId": "b9c65151-ed48-4089-9ef3-c89bc1f14b26"
                },
                "type": "OpenApiConnection",
                "inputs": {
                  "host": {
                    "connectionName": "shared_commondataserviceforapps",
                    "operationId": "UpdateRecord",
                    "apiId": "/providers/Microsoft.PowerApps/apis/shared_commondataserviceforapps"
                  },
                  "parameters": {
                    "entityName": "mib_eccqueues",
                    "recordId": "@outputs('Add_a_ECC_Record_for_Message_Type:_AmbraAddGlobalSiteAddSiteAPI')?['body/mib_eccqueueid']",
                    "item/mib_status": "@{body('HTTP_-_Add_Site')?['status']} - @{body('HTTP_-_Add_Site')?['error_type']}",
                    "item/mib_body": "@body('HTTP_-_Add_Site')",
                    "item/mib_ECCQueue@odata.bind": "/mib_eccqueues/@{triggerBody()['text']}",
                    "item/mib_headers": "@outputs('HTTP_-_Add_Site')['headers']",
                    "item/mib_isretry": false,
                    "item/mib_method": "POST",
                    "item/mib_processeddatetime": "@utcNow()",
                    "item/mib_relatedrecord_new_site@odata.bind": "/new_sites/@{triggerBody()['text_6']}",
                    "item/mib_state": 913380006
                  },
                  "authentication": {
                    "type": "Raw",
                    "value": "@json(decodeBase64(triggerOutputs().headers['X-MS-APIM-Tokens']))['$ConnectionKey']"
                  }
                }
              }
            }
          },
          "expression": {
            "equals": [
              "@empty(triggerBody()['text'])",
              "@true"
            ]
          },
          "metadata": {
            "operationMetadataId": "e3806dc0-e271-4582-8968-f695cdd86a2a"
          },
          "type": "If"
        },
        "Condition_to_update_ECC_record_when_success_1": {
          "actions": {
            "Update_ECC_Record_for_Message_Type_:_AmbraAddGlobalSiteAddSiteAPI": {
              "runAfter": {},
              "metadata": {
                "operationMetadataId": "a5a97c16-fe9a-49fe-8e22-623175065c0c"
              },
              "type": "OpenApiConnection",
              "inputs": {
                "host": {
                  "connectionName": "shared_commondataserviceforapps",
                  "operationId": "UpdateRecord",
                  "apiId": "/providers/Microsoft.PowerApps/apis/shared_commondataserviceforapps"
                },
                "parameters": {
                  "entityName": "mib_eccqueues",
                  "recordId": "@outputs('Add_a_ECC_Record_for_Message_Type:_AmbraAddGlobalSiteAddSiteAPI')?['body/mib_eccqueueid']",
                  "item/mib_status": "Site is successfully created in Ambra",
                  "item/mib_body": "@body('HTTP_-_Add_Site')",
                  "item/mib_headers": "@outputs('HTTP_-_Add_Site')['headers']",
                  "item/mib_isretry": "@triggerBody()['boolean']",
                  "item/mib_method": "POST",
                  "item/mib_processeddatetime": "@utcNow()",
                  "item/mib_relatedrecord_new_site@odata.bind": "/new_sites/@{triggerBody()['text_6']}",
                  "item/mib_state": 913380002
                },
                "authentication": {
                  "type": "Raw",
                  "value": "@json(decodeBase64(triggerOutputs().headers['X-MS-APIM-Tokens']))['$ConnectionKey']"
                }
              }
            }
          },
          "runAfter": {
            "Condition_to_update_ECC_record_when_failed": [
              "Skipped"
            ]
          },
          "else": {
            "actions": {
              "Update_ECC_Record_for_Message_Type_:_AmbraAddGlobalSiteAddSiteAPI_2": {
                "runAfter": {},
                "metadata": {
                  "operationMetadataId": "a5a97c16-fe9a-49fe-8e22-623175065c0c"
                },
                "type": "OpenApiConnection",
                "inputs": {
                  "host": {
                    "connectionName": "shared_commondataserviceforapps",
                    "operationId": "UpdateRecord",
                    "apiId": "/providers/Microsoft.PowerApps/apis/shared_commondataserviceforapps"
                  },
                  "parameters": {
                    "entityName": "mib_eccqueues",
                    "recordId": "@outputs('Add_a_ECC_Record_for_Message_Type:_AmbraAddGlobalSiteAddSiteAPI')?['body/mib_eccqueueid']",
                    "item/mib_status": "Site is successfully created in Ambra",
                    "item/mib_body": "@body('HTTP_-_Add_Site')",
                    "item/mib_ECCQueue@odata.bind": "/mib_eccqueues/@{triggerBody()['text']}",
                    "item/mib_headers": "@outputs('HTTP_-_Add_Site')['headers']",
                    "item/mib_isretry": "@triggerBody()['boolean']",
                    "item/mib_method": "POST",
                    "item/mib_processeddatetime": "@utcNow()",
                    "item/mib_relatedrecord_new_site@odata.bind": "/new_sites/@{triggerBody()['text_6']}",
                    "item/mib_state": 913380002
                  },
                  "authentication": {
                    "type": "Raw",
                    "value": "@json(decodeBase64(triggerOutputs().headers['X-MS-APIM-Tokens']))['$ConnectionKey']"
                  }
                }
              }
            }
          },
          "expression": {
            "equals": [
              "@empty(triggerBody()['text'])",
              "@true"
            ]
          },
          "metadata": {
            "operationMetadataId": "7af0140e-d7f1-4278-ad12-6cbbbd05547c"
          },
          "type": "If"
        }
      },
      "outputs": {}
    }
  },
  "schemaVersion": "1.0.0.0"
}