{
  "properties": {
    "connectionReferences": {
      "shared_commondataserviceforapps": {
        "runtimeSource": "embedded",
        "connection": {
          "connectionReferenceLogicalName": "mib_MicrosoftDataverseMIBAdmin"
        },
        "api": {
          "name": "shared_commondataserviceforapps"
        }
      },
      "shared_commondataserviceforapps_1": {
        "runtimeSource": "embedded",
        "connection": {
          "connectionReferenceLogicalName": "mib_MicrosoftDataverseMIBAdmin"
        },
        "api": {
          "name": "shared_commondataserviceforapps"
        }
      }
    },
    "definition": {
      "$schema": "https://schema.management.azure.com/providers/Microsoft.Logic/schemas/2016-06-01/workflowdefinition.json#",
      "contentVersion": "1.0.0.0",
      "parameters": {
        "$connections": {
          "defaultValue": {},
          "type": "Object"
        },
        "$authentication": {
          "defaultValue": {},
          "type": "SecureObject"
        }
      },
      "triggers": {
        "manual": {
          "metadata": {
            "operationMetadataId": "35489e96-f638-4df9-a198-d4317adcb255"
          },
          "type": "Request",
          "kind": "Button",
          "inputs": {
            "schema": {
              "type": "object",
              "properties": {
                "text": {
                  "title": "Service_Url",
                  "type": "string",
                  "x-ms-dynamically-added": true,
                  "description": "Service_Url",
                  "x-ms-content-hint": "TEXT"
                },
                "text_1": {
                  "title": "UserName",
                  "type": "string",
                  "x-ms-dynamically-added": true,
                  "description": "UserName",
                  "x-ms-content-hint": "TEXT"
                },
                "text_2": {
                  "title": "Password",
                  "type": "string",
                  "x-ms-dynamically-added": true,
                  "description": "Password",
                  "x-ms-content-hint": "TEXT"
                },
                "text_3": {
                  "title": "SiteAccountUUID",
                  "type": "string",
                  "x-ms-dynamically-added": true,
                  "description": "SiteAccountUUID",
                  "x-ms-content-hint": "TEXT"
                },
                "text_4": {
                  "title": "ParentUUID",
                  "type": "string",
                  "x-ms-dynamically-added": true,
                  "description": "ParentUUID",
                  "x-ms-content-hint": "TEXT"
                },
                "text_5": {
                  "title": "ContactName",
                  "type": "string",
                  "x-ms-dynamically-added": true,
                  "description": "ContactName",
                  "x-ms-content-hint": "TEXT"
                },
                "text_6": {
                  "title": "Contact GUID",
                  "type": "string",
                  "x-ms-dynamically-added": true,
                  "description": "Contact GUID",
                  "x-ms-content-hint": "TEXT"
                },
                "text_7": {
                  "title": "Contact Email Address",
                  "type": "string",
                  "x-ms-dynamically-added": true,
                  "description": "Contact Email Address",
                  "x-ms-content-hint": "TEXT"
                },
                "text_8": {
                  "title": "UUID",
                  "type": "string",
                  "x-ms-dynamically-added": true,
                  "description": "UUID",
                  "x-ms-content-hint": "TEXT"
                },
                "text_9": {
                  "title": "Ambra UserID",
                  "type": "string",
                  "x-ms-dynamically-added": true,
                  "description": "Ambra UserID",
                  "x-ms-content-hint": "TEXT"
                },
                "text_10": {
                  "title": "ECC Queue Record GUID",
                  "type": "string",
                  "x-ms-dynamically-added": true,
                  "description": "ECC Queue Record GUID",
                  "x-ms-content-hint": "TEXT"
                }
              },
              "required": [
                "text",
                "text_1",
                "text_2",
                "text_3",
                "text_4",
                "text_5",
                "text_6",
                "text_7",
                "text_8",
                "text_9",
                "text_10"
              ]
            }
          }
        }
      },
      "actions": {
        "Add_a_ECC_Record_for_Message_Type:_AmbraDeleteGlobalSiteContact-SessionAPI": {
          "runAfter": {
            "Initialize_variable": [
              "Succeeded"
            ]
          },
          "metadata": {
            "operationMetadataId": "03a2ffee-df50-4043-a157-ec9fd994eeb9"
          },
          "type": "OpenApiConnection",
          "inputs": {
            "host": {
              "connectionName": "shared_commondataserviceforapps",
              "operationId": "CreateRecord",
              "apiId": "/providers/Microsoft.PowerApps/apis/shared_commondataserviceforapps"
            },
            "parameters": {
              "entityName": "mib_eccqueues",
              "item/mib_createddatetime": "@utcNow()",
              "item/mib_direction": 913380001,
              "item/mib_integrationmessagetype": 17,
              "item/mib_name": "Delete Site Contact - @{triggerBody()['text_6']}",
              "item/mib_relatedrecord_Contact_contact@odata.bind": "/contacts/@{triggerBody()['text_6']}",
              "item/mib_requestfor": 913380001,
              "item/mib_state": 913380004
            },
            "authentication": {
              "type": "Raw",
              "value": "@json(decodeBase64(triggerOutputs().headers['X-MS-APIM-Tokens']))['$ConnectionKey']"
            }
          }
        },
        "HTTP_-_sessionlogin": {
          "runAfter": {
            "Add_a_ECC_Record_for_Message_Type:_AmbraDeleteGlobalSiteContact-SessionAPI": [
              "Succeeded"
            ]
          },
          "metadata": {
            "operationMetadataId": "722fb135-f102-462d-8a84-e804ea0898fe"
          },
          "type": "Http",
          "inputs": {
            "method": "POST",
            "uri": "@{triggerBody()['text']}/api/v3/session/login",
            "headers": {
              "Content-Type": "application/x-www-form-urlencoded"
            },
            "body": "login=@{triggerBody()['text_1']}&password=@{triggerBody()['text_2']}"
          }
        },
        "Parse_JSON": {
          "runAfter": {
            "Condition_to_update_ECC_record_when_success": [
              "Succeeded"
            ]
          },
          "metadata": {
            "operationMetadataId": "c385b12d-d61e-44b3-928b-d8c25ff4e0ab"
          },
          "type": "ParseJson",
          "inputs": {
            "content": "@body('HTTP_-_sessionlogin')",
            "schema": {
              "type": "object",
              "properties": {
                "sid": {
                  "type": "string"
                }
              }
            }
          }
        },
        "Add_a_ECC_Record_for_Message_Type:_AmbraDeleteGlobSiteAddSiteContactAPI": {
          "runAfter": {
            "Parse_JSON": [
              "Succeeded"
            ]
          },
          "metadata": {
            "operationMetadataId": "a0bbdafd-09e8-4198-a2ba-f78e8b31232c"
          },
          "type": "OpenApiConnection",
          "inputs": {
            "host": {
              "connectionName": "shared_commondataserviceforapps",
              "operationId": "CreateRecord",
              "apiId": "/providers/Microsoft.PowerApps/apis/shared_commondataserviceforapps"
            },
            "parameters": {
              "entityName": "mib_eccqueues",
              "item/mib_createddatetime": "@utcNow()",
              "item/mib_direction": 913380001,
              "item/mib_integrationmessagetype": 18,
              "item/mib_name": "Delete Site Contact -  @{triggerBody()['text_6']}",
              "item/mib_relatedrecord_Contact_contact@odata.bind": "/contacts/@{triggerBody()['text_6']}",
              "item/mib_requestfor": 913380004,
              "item/mib_state": 913380004
            },
            "authentication": {
              "type": "Raw",
              "value": "@json(decodeBase64(triggerOutputs().headers['X-MS-APIM-Tokens']))['$ConnectionKey']"
            }
          }
        },
        "HTTP_-_Delete_Site_Contact": {
          "runAfter": {
            "Add_a_ECC_Record_for_Message_Type:_AmbraDeleteGlobSiteAddSiteContactAPI": [
              "Succeeded"
            ]
          },
          "metadata": {
            "operationMetadataId": "0c9a52ba-6fa9-4e49-9f1c-3277fe69e109"
          },
          "type": "Http",
          "inputs": {
            "method": "POST",
            "uri": "@{triggerBody()['text']}/api/v3/site/user/delete",
            "headers": {
              "Content-Type": "application/x-www-form-urlencoded"
            },
            "body": "sid=@{body('Parse_JSON')?['sid']}&uuid=@{triggerBody()['text_4']}&user_id=@{triggerBody()['text_9']}"
          }
        },
        "Condition_to_check_the_Status": {
          "actions": {
            "Update_Site_Contact_with_error_Status": {
              "runAfter": {},
              "metadata": {
                "operationMetadataId": "7dc5c987-b575-42be-8e55-23d9e46751b8"
              },
              "type": "OpenApiConnection",
              "inputs": {
                "host": {
                  "connectionName": "shared_commondataserviceforapps",
                  "operationId": "UpdateRecord",
                  "apiId": "/providers/Microsoft.PowerApps/apis/shared_commondataserviceforapps"
                },
                "parameters": {
                  "entityName": "contacts",
                  "recordId": "@triggerBody()['text_6']",
                  "item/mib_status": "@{body('HTTP_-_Delete_Site_Contact')?['status']} - @{body('HTTP_-_Delete_Site_Contact')?['error_type']}",
                  "item/mib_flowstate": 913380001
                },
                "authentication": {
                  "type": "Raw",
                  "value": "@json(decodeBase64(triggerOutputs().headers['X-MS-APIM-Tokens']))['$ConnectionKey']"
                }
              }
            },
            "Condition": {
              "actions": {},
              "runAfter": {
                "Update_Site_Contact_with_error_Status": [
                  "Succeeded"
                ]
              },
              "else": {
                "actions": {
                  "Update_ECC_Queue_Retry_Record_-_Integration_Failed_2": {
                    "runAfter": {},
                    "metadata": {
                      "operationMetadataId": "db410c16-b92e-42b9-b65c-5163c0419b6a"
                    },
                    "type": "OpenApiConnection",
                    "inputs": {
                      "host": {
                        "connectionName": "shared_commondataserviceforapps",
                        "operationId": "UpdateRecord",
                        "apiId": "/providers/Microsoft.PowerApps/apis/shared_commondataserviceforapps"
                      },
                      "parameters": {
                        "entityName": "mib_eccqueues",
                        "recordId": "@outputs('Update_Site_Contact_with_error_Status')?['body/mib_eccqueuerecordguid']",
                        "item/mib_status": "Site Contact Deletion Failed",
                        "item/mib_flowstate": 913380001,
                        "item/mib_isretry": true,
                        "item/mib_processeddatetime": "@utcNow()",
                        "item/mib_relatedrecord_Contact_contact@odata.bind": "/contacts/@{triggerBody()['text_6']}",
                        "item/mib_state": 913380006
                      },
                      "authentication": {
                        "type": "Raw",
                        "value": "@json(decodeBase64(triggerOutputs().headers['X-MS-APIM-Tokens']))['$ConnectionKey']"
                      }
                    }
                  }
                }
              },
              "expression": {
                "equals": [
                  "@empty(outputs('Update_Site_Contact_with_error_Status')?['body/mib_eccqueuerecordguid'])",
                  "@true"
                ]
              },
              "metadata": {
                "operationMetadataId": "d35dd375-ecc5-49ec-bd77-451af9c5fdb0"
              },
              "type": "If"
            }
          },
          "runAfter": {
            "Condition_to_update_ECC_record_when_success_3": [
              "Succeeded"
            ]
          },
          "else": {
            "actions": {
              "Update_a_row": {
                "runAfter": {},
                "metadata": {
                  "operationMetadataId": "e6a335b0-e5ca-4eb6-afc2-9a26f893ed66"
                },
                "type": "OpenApiConnection",
                "inputs": {
                  "host": {
                    "connectionName": "shared_commondataserviceforapps",
                    "operationId": "UpdateRecord",
                    "apiId": "/providers/Microsoft.PowerApps/apis/shared_commondataserviceforapps"
                  },
                  "parameters": {
                    "entityName": "contacts",
                    "recordId": "@triggerBody()['text_6']",
                    "item/mib_status": "@variables('Blank Value')",
                    "item/mib_ambrauserid": "@variables('Blank Value')",
                    "item/mib_flowstate": 913380001,
                    "item/mib_uuid": "@variables('Blank Value')"
                  },
                  "authentication": {
                    "type": "Raw",
                    "value": "@json(decodeBase64(triggerOutputs().headers['X-MS-APIM-Tokens']))['$ConnectionKey']"
                  }
                }
              },
              "Condition_2": {
                "actions": {},
                "runAfter": {
                  "Update_a_row": [
                    "Succeeded"
                  ]
                },
                "else": {
                  "actions": {
                    "Update_ECC_Queue_Retry_Record_-_Integration_Successful": {
                      "runAfter": {},
                      "metadata": {
                        "operationMetadataId": "db410c16-b92e-42b9-b65c-5163c0419b6a"
                      },
                      "type": "OpenApiConnection",
                      "inputs": {
                        "host": {
                          "connectionName": "shared_commondataserviceforapps",
                          "operationId": "UpdateRecord",
                          "apiId": "/providers/Microsoft.PowerApps/apis/shared_commondataserviceforapps"
                        },
                        "parameters": {
                          "entityName": "mib_eccqueues",
                          "recordId": "@outputs('Update_a_row')?['body/mib_eccqueuerecordguid']",
                          "item/mib_status": "Site Contact Deleted Successfully",
                          "item/mib_flowstate": 913380001,
                          "item/mib_isretry": true,
                          "item/mib_processeddatetime": "@utcNow()",
                          "item/mib_relatedrecord_Contact_contact@odata.bind": "/contacts/@{triggerBody()['text_6']}",
                          "item/mib_state": 913380002
                        },
                        "authentication": {
                          "type": "Raw",
                          "value": "@json(decodeBase64(triggerOutputs().headers['X-MS-APIM-Tokens']))['$ConnectionKey']"
                        }
                      }
                    }
                  }
                },
                "expression": {
                  "equals": [
                    "@empty(outputs('Update_a_row')?['body/mib_eccqueuerecordguid'])",
                    "@true"
                  ]
                },
                "metadata": {
                  "operationMetadataId": "e8db9b58-c532-41d4-8d7a-ed43983ea7a8"
                },
                "type": "If"
              }
            }
          },
          "expression": {
            "equals": [
              "@toLower(body('HTTP_-_Delete_Site_Contact')?['status'])",
              "error"
            ]
          },
          "metadata": {
            "operationMetadataId": "f8c479ce-0edc-495a-85c4-eec232100f19"
          },
          "type": "If"
        },
        "Respond_to_a_PowerApp_or_flow": {
          "runAfter": {
            "Condition_to_check_the_Status": [
              "Succeeded"
            ]
          },
          "metadata": {
            "operationMetadataId": "e9e5eb8d-e9c9-4354-a1ed-7c0a3f7df218"
          },
          "type": "Response",
          "kind": "PowerApp",
          "inputs": {
            "statusCode": 200,
            "body": {
              "status": "200"
            },
            "schema": {
              "type": "object",
              "properties": {
                "status": {
                  "title": "Status",
                  "x-ms-dynamically-added": true,
                  "type": "string"
                }
              }
            }
          }
        },
        "Initialize_variable": {
          "runAfter": {},
          "metadata": {
            "operationMetadataId": "9650223f-1dde-43a8-8c78-6d406abbf67d"
          },
          "type": "InitializeVariable",
          "inputs": {
            "variables": [
              {
                "name": "Blank Value",
                "type": "string"
              }
            ]
          }
        },
        "HTTP_Session_Login_Failed_-_Delete": {
          "actions": {
            "Update_Study_Site_Contact_-_HTTP_Session_Login_Failed_-_Delete": {
              "runAfter": {
                "Failed_Update_ECC_Record_for_Message_Type:_AmbraDeleteGlobalSiteContact-Session": [
                  "Succeeded"
                ]
              },
              "metadata": {
                "operationMetadataId": "e45b18d6-29aa-4bdd-a90f-f4f6ac80eeac"
              },
              "type": "OpenApiConnection",
              "inputs": {
                "host": {
                  "connectionName": "shared_commondataserviceforapps_1",
                  "operationId": "UpdateRecord",
                  "apiId": "/providers/Microsoft.PowerApps/apis/shared_commondataserviceforapps"
                },
                "parameters": {
                  "entityName": "contacts",
                  "recordId": "@triggerBody()['text_6']",
                  "item/mib_flowstate": 913380001
                },
                "authentication": {
                  "type": "Raw",
                  "value": "@json(decodeBase64(triggerOutputs().headers['X-MS-APIM-Tokens']))['$ConnectionKey']"
                }
              }
            },
            "Return_to_caller_-_HTTP_Session_Login_Failed_-_Delete": {
              "runAfter": {
                "Condition_6": [
                  "Succeeded"
                ]
              },
              "metadata": {
                "operationMetadataId": "dcd5b6d5-167b-4f10-bb10-fec96ed5e260"
              },
              "type": "Response",
              "kind": "PowerApp",
              "inputs": {
                "statusCode": 200,
                "body": {
                  "status": "500"
                },
                "schema": {
                  "type": "object",
                  "properties": {
                    "status": {
                      "title": "Status",
                      "x-ms-dynamically-added": true,
                      "type": "string"
                    }
                  }
                }
              }
            },
            "Terminate_-_Session_Login_Failed_-_Delete": {
              "runAfter": {
                "Return_to_caller_-_HTTP_Session_Login_Failed_-_Delete": [
                  "Succeeded"
                ]
              },
              "metadata": {
                "operationMetadataId": "ef020cbf-752d-4b78-aef2-220fea31f1f7"
              },
              "type": "Terminate",
              "inputs": {
                "runStatus": "Failed"
              }
            },
            "Condition_6": {
              "actions": {},
              "runAfter": {
                "Update_Study_Site_Contact_-_HTTP_Session_Login_Failed_-_Delete": [
                  "Succeeded"
                ]
              },
              "else": {
                "actions": {
                  "Update_ECC_Queue_Retry_Record_-_Integration_Failed_3": {
                    "runAfter": {},
                    "metadata": {
                      "operationMetadataId": "1e1faef7-c2bc-47b6-b9a6-d9607e46269a"
                    },
                    "type": "OpenApiConnection",
                    "inputs": {
                      "host": {
                        "connectionName": "shared_commondataserviceforapps_1",
                        "operationId": "UpdateRecord",
                        "apiId": "/providers/Microsoft.PowerApps/apis/shared_commondataserviceforapps"
                      },
                      "parameters": {
                        "entityName": "mib_eccqueues",
                        "recordId": "@outputs('Update_Study_Site_Contact_-_HTTP_Session_Login_Failed_-_Delete')?['body/mib_eccqueuerecordguid']",
                        "item/mib_status": "Delete site contact session login failed",
                        "item/mib_flowstate": 913380001,
                        "item/mib_isretry": true,
                        "item/mib_relatedrecord_Contact_contact@odata.bind": "/contacts/@{triggerBody()['text_6']}",
                        "item/mib_state": 913380006
                      },
                      "authentication": {
                        "type": "Raw",
                        "value": "@json(decodeBase64(triggerOutputs().headers['X-MS-APIM-Tokens']))['$ConnectionKey']"
                      }
                    }
                  },
                  "Failed_Update_ECC_Record_for_Message_Type:_AmbraDeleteGlobalSiteContact-Sess": {
                    "runAfter": {
                      "Update_ECC_Queue_Retry_Record_-_Integration_Failed_3": [
                        "Succeeded"
                      ]
                    },
                    "metadata": {
                      "operationMetadataId": "80d73304-6b29-4271-9ce0-8206c5a610cf"
                    },
                    "type": "OpenApiConnection",
                    "inputs": {
                      "host": {
                        "connectionName": "shared_commondataserviceforapps",
                        "operationId": "UpdateRecord",
                        "apiId": "/providers/Microsoft.PowerApps/apis/shared_commondataserviceforapps"
                      },
                      "parameters": {
                        "entityName": "mib_eccqueues",
                        "recordId": "@outputs('Add_a_ECC_Record_for_Message_Type:_AmbraDeleteGlobalSiteContact-SessionAPI')?['body/mib_eccqueueid']",
                        "item/mib_body": "@body('HTTP_-_sessionlogin')",
                        "item/mib_ECCQueue@odata.bind": "/mib_eccqueues/@{outputs('Update_Study_Site_Contact_-_HTTP_Session_Login_Failed_-_Delete')?['body/mib_eccqueuerecordguid']}",
                        "item/mib_headers": "@outputs('HTTP_-_sessionlogin')['headers']",
                        "item/mib_method": "POST",
                        "item/mib_processeddatetime": "@utcNow()",
                        "item/mib_relatedrecord_Contact_contact@odata.bind": "/contacts/@{triggerBody()['text_6']}",
                        "item/mib_state": 913380006
                      },
                      "authentication": {
                        "type": "Raw",
                        "value": "@json(decodeBase64(triggerOutputs().headers['X-MS-APIM-Tokens']))['$ConnectionKey']"
                      }
                    }
                  }
                }
              },
              "expression": {
                "equals": [
                  "@empty(outputs('Update_Study_Site_Contact_-_HTTP_Session_Login_Failed_-_Delete')?['body/mib_eccqueuerecordguid'])",
                  "@true"
                ]
              },
              "metadata": {
                "operationMetadataId": "965b9a6a-9149-46b8-9677-9b33cd1c1b8d"
              },
              "type": "If"
            },
            "Failed_Update_ECC_Record_for_Message_Type:_AmbraDeleteGlobalSiteContact-Session": {
              "runAfter": {},
              "metadata": {
                "operationMetadataId": "80d73304-6b29-4271-9ce0-8206c5a610cf"
              },
              "type": "OpenApiConnection",
              "inputs": {
                "host": {
                  "connectionName": "shared_commondataserviceforapps",
                  "operationId": "UpdateRecord",
                  "apiId": "/providers/Microsoft.PowerApps/apis/shared_commondataserviceforapps"
                },
                "parameters": {
                  "entityName": "mib_eccqueues",
                  "recordId": "@outputs('Add_a_ECC_Record_for_Message_Type:_AmbraDeleteGlobalSiteContact-SessionAPI')?['body/mib_eccqueueid']",
                  "item/mib_body": "@body('HTTP_-_sessionlogin')",
                  "item/mib_headers": "@outputs('HTTP_-_sessionlogin')['headers']",
                  "item/mib_method": "POST",
                  "item/mib_processeddatetime": "@utcNow()",
                  "item/mib_relatedrecord_Contact_contact@odata.bind": "/contacts/@{triggerBody()['text_6']}",
                  "item/mib_state": 913380006
                },
                "authentication": {
                  "type": "Raw",
                  "value": "@json(decodeBase64(triggerOutputs().headers['X-MS-APIM-Tokens']))['$ConnectionKey']"
                }
              }
            }
          },
          "runAfter": {
            "HTTP_-_sessionlogin": [
              "Failed",
              "TimedOut"
            ]
          },
          "metadata": {
            "operationMetadataId": "a97f34e8-597e-4198-889a-f7781a5f2a91"
          },
          "type": "Scope"
        },
        "Condition_to_update_ECC_record_when_success": {
          "actions": {
            "Update_ECC_Record_for_Message_Type:_AmbraDeleteGlobSiteContact-SessionAPI": {
              "runAfter": {},
              "metadata": {
                "operationMetadataId": "8cb9cecd-eb11-4428-b3b1-38aa49dbe333"
              },
              "type": "OpenApiConnection",
              "inputs": {
                "host": {
                  "connectionName": "shared_commondataserviceforapps",
                  "operationId": "UpdateRecord",
                  "apiId": "/providers/Microsoft.PowerApps/apis/shared_commondataserviceforapps"
                },
                "parameters": {
                  "entityName": "mib_eccqueues",
                  "recordId": "@outputs('Add_a_ECC_Record_for_Message_Type:_AmbraDeleteGlobalSiteContact-SessionAPI')?['body/mib_eccqueueid']",
                  "item/mib_body": "@body('HTTP_-_sessionlogin')",
                  "item/mib_headers": "@outputs('HTTP_-_sessionlogin')['headers']",
                  "item/mib_method": "POST",
                  "item/mib_processeddatetime": "@utcNow()",
                  "item/mib_relatedrecord_Contact_contact@odata.bind": "/contacts/@{triggerBody()['text_6']}",
                  "item/mib_state": 913380002
                },
                "authentication": {
                  "type": "Raw",
                  "value": "@json(decodeBase64(triggerOutputs().headers['X-MS-APIM-Tokens']))['$ConnectionKey']"
                }
              }
            }
          },
          "runAfter": {
            "HTTP_Session_Login_Failed_-_Delete": [
              "Skipped"
            ]
          },
          "else": {
            "actions": {
              "Update_ECC_Record_for_Message_Type:_AmbraDeleteGlobSiteContact-SessionAPI_2": {
                "runAfter": {},
                "metadata": {
                  "operationMetadataId": "8cb9cecd-eb11-4428-b3b1-38aa49dbe333"
                },
                "type": "OpenApiConnection",
                "inputs": {
                  "host": {
                    "connectionName": "shared_commondataserviceforapps",
                    "operationId": "UpdateRecord",
                    "apiId": "/providers/Microsoft.PowerApps/apis/shared_commondataserviceforapps"
                  },
                  "parameters": {
                    "entityName": "mib_eccqueues",
                    "recordId": "@outputs('Add_a_ECC_Record_for_Message_Type:_AmbraDeleteGlobalSiteContact-SessionAPI')?['body/mib_eccqueueid']",
                    "item/mib_body": "@body('HTTP_-_sessionlogin')",
                    "item/mib_ECCQueue@odata.bind": "/mib_eccqueues/@{triggerBody()['text_10']}",
                    "item/mib_headers": "@outputs('HTTP_-_sessionlogin')['headers']",
                    "item/mib_method": "POST",
                    "item/mib_processeddatetime": "@utcNow()",
                    "item/mib_relatedrecord_Contact_contact@odata.bind": "/contacts/@{triggerBody()['text_6']}",
                    "item/mib_state": 913380002
                  },
                  "authentication": {
                    "type": "Raw",
                    "value": "@json(decodeBase64(triggerOutputs().headers['X-MS-APIM-Tokens']))['$ConnectionKey']"
                  }
                }
              }
            }
          },
          "expression": {
            "equals": [
              "@empty(triggerBody()['text_10'])",
              "@true"
            ]
          },
          "metadata": {
            "operationMetadataId": "4bd2b732-5fb7-4e94-8092-3b53f3f1c2c8"
          },
          "type": "If"
        },
        "Condition_to_update_ECC_record_when_failed": {
          "actions": {
            "Failed_Update_ECC_Record_for_Message_Type_:_AmbraDeleteGlobSiteContact": {
              "runAfter": {},
              "metadata": {
                "operationMetadataId": "1bd31040-32b5-45f7-8731-d6e7185a757d"
              },
              "type": "OpenApiConnection",
              "inputs": {
                "host": {
                  "connectionName": "shared_commondataserviceforapps",
                  "operationId": "UpdateRecord",
                  "apiId": "/providers/Microsoft.PowerApps/apis/shared_commondataserviceforapps"
                },
                "parameters": {
                  "entityName": "mib_eccqueues",
                  "recordId": "@outputs('Add_a_ECC_Record_for_Message_Type:_AmbraDeleteGlobSiteAddSiteContactAPI')?['body/mib_eccqueueid']",
                  "item/mib_body": "@body('HTTP_-_Delete_Site_Contact')",
                  "item/mib_headers": "@outputs('HTTP_-_Delete_Site_Contact')['headers']",
                  "item/mib_method": "POST",
                  "item/mib_processeddatetime": "@utcNow()",
                  "item/mib_relatedrecord_Contact_contact@odata.bind": "/contacts/@{triggerBody()['text_6']}",
                  "item/mib_state": 913380006
                },
                "authentication": {
                  "type": "Raw",
                  "value": "@json(decodeBase64(triggerOutputs().headers['X-MS-APIM-Tokens']))['$ConnectionKey']"
                }
              }
            }
          },
          "runAfter": {
            "HTTP_-_Delete_Site_Contact": [
              "Failed",
              "TimedOut"
            ]
          },
          "else": {
            "actions": {
              "Failed_Update_ECC_Record_for_Message_Type_:_AmbraDeleteGlobSiteContact_2": {
                "runAfter": {},
                "metadata": {
                  "operationMetadataId": "1bd31040-32b5-45f7-8731-d6e7185a757d"
                },
                "type": "OpenApiConnection",
                "inputs": {
                  "host": {
                    "connectionName": "shared_commondataserviceforapps",
                    "operationId": "UpdateRecord",
                    "apiId": "/providers/Microsoft.PowerApps/apis/shared_commondataserviceforapps"
                  },
                  "parameters": {
                    "entityName": "mib_eccqueues",
                    "recordId": "@outputs('Add_a_ECC_Record_for_Message_Type:_AmbraDeleteGlobSiteAddSiteContactAPI')?['body/mib_eccqueueid']",
                    "item/mib_body": "@body('HTTP_-_Delete_Site_Contact')",
                    "item/mib_ECCQueue@odata.bind": "/mib_eccqueues/@{triggerBody()['text_10']}",
                    "item/mib_headers": "@outputs('HTTP_-_Delete_Site_Contact')['headers']",
                    "item/mib_method": "POST",
                    "item/mib_processeddatetime": "@utcNow()",
                    "item/mib_relatedrecord_Contact_contact@odata.bind": "/contacts/@{triggerBody()['text_6']}",
                    "item/mib_state": 913380006
                  },
                  "authentication": {
                    "type": "Raw",
                    "value": "@json(decodeBase64(triggerOutputs().headers['X-MS-APIM-Tokens']))['$ConnectionKey']"
                  }
                }
              }
            }
          },
          "expression": {
            "equals": [
              "@empty(triggerBody()['text_10'])",
              "@true"
            ]
          },
          "metadata": {
            "operationMetadataId": "4cb11fc4-ccdf-4510-8df5-0c8b1d168e04"
          },
          "type": "If"
        },
        "Condition_to_update_ECC_record_when_success_3": {
          "actions": {
            "Update_ECC_Record_for_Message_Type_:_AmbraDeleteGlobSiteContactAddSiteAPI": {
              "runAfter": {},
              "metadata": {
                "operationMetadataId": "f7c52b58-dba6-4ba5-b908-4ba6f6220a90"
              },
              "type": "OpenApiConnection",
              "inputs": {
                "host": {
                  "connectionName": "shared_commondataserviceforapps",
                  "operationId": "UpdateRecord",
                  "apiId": "/providers/Microsoft.PowerApps/apis/shared_commondataserviceforapps"
                },
                "parameters": {
                  "entityName": "mib_eccqueues",
                  "recordId": "@outputs('Add_a_ECC_Record_for_Message_Type:_AmbraDeleteGlobSiteAddSiteContactAPI')?['body/mib_eccqueueid']",
                  "item/mib_body": "@body('HTTP_-_Delete_Site_Contact')",
                  "item/mib_headers": "@outputs('HTTP_-_Delete_Site_Contact')['headers']",
                  "item/mib_method": "POST",
                  "item/mib_processeddatetime": "@utcNow()",
                  "item/mib_relatedrecord_Contact_contact@odata.bind": "/contacts/@{triggerBody()['text_6']}",
                  "item/mib_state": 913380002
                },
                "authentication": {
                  "type": "Raw",
                  "value": "@json(decodeBase64(triggerOutputs().headers['X-MS-APIM-Tokens']))['$ConnectionKey']"
                }
              }
            }
          },
          "runAfter": {
            "Condition_to_update_ECC_record_when_failed": [
              "Skipped"
            ]
          },
          "else": {
            "actions": {
              "Update_ECC_Record_for_Message_Type_:_AmbraDeleteGlobSiteContactAddSiteAPI_2": {
                "runAfter": {},
                "metadata": {
                  "operationMetadataId": "f7c52b58-dba6-4ba5-b908-4ba6f6220a90"
                },
                "type": "OpenApiConnection",
                "inputs": {
                  "host": {
                    "connectionName": "shared_commondataserviceforapps",
                    "operationId": "UpdateRecord",
                    "apiId": "/providers/Microsoft.PowerApps/apis/shared_commondataserviceforapps"
                  },
                  "parameters": {
                    "entityName": "mib_eccqueues",
                    "recordId": "@outputs('Add_a_ECC_Record_for_Message_Type:_AmbraDeleteGlobSiteAddSiteContactAPI')?['body/mib_eccqueueid']",
                    "item/mib_body": "@body('HTTP_-_Delete_Site_Contact')",
                    "item/mib_ECCQueue@odata.bind": "/mib_eccqueues/@{triggerBody()['text_10']}",
                    "item/mib_headers": "@outputs('HTTP_-_Delete_Site_Contact')['headers']",
                    "item/mib_method": "POST",
                    "item/mib_processeddatetime": "@utcNow()",
                    "item/mib_relatedrecord_Contact_contact@odata.bind": "/contacts/@{triggerBody()['text_6']}",
                    "item/mib_state": 913380002
                  },
                  "authentication": {
                    "type": "Raw",
                    "value": "@json(decodeBase64(triggerOutputs().headers['X-MS-APIM-Tokens']))['$ConnectionKey']"
                  }
                }
              }
            }
          },
          "expression": {
            "equals": [
              "@empty(triggerBody()['text_10'])",
              "@true"
            ]
          },
          "metadata": {
            "operationMetadataId": "a33521d1-a5d7-4b9c-91cb-442d3a94a830"
          },
          "type": "If"
        }
      },
      "outputs": {}
    }
  },
  "schemaVersion": "1.0.0.0"
}