{
  "properties": {
    "connectionReferences": {
      "shared_commondataserviceforapps": {
        "runtimeSource": "embedded",
        "connection": {
          "connectionReferenceLogicalName": "mib_MicrosoftDataverseMIBAdmin"
        },
        "api": {
          "name": "shared_commondataserviceforapps"
        }
      }
    },
    "definition": {
      "$schema": "https://schema.management.azure.com/providers/Microsoft.Logic/schemas/2016-06-01/workflowdefinition.json#",
      "contentVersion": "1.0.0.0",
      "parameters": {
        "$connections": {
          "defaultValue": {},
          "type": "Object"
        },
        "$authentication": {
          "defaultValue": {},
          "type": "SecureObject"
        }
      },
      "triggers": {
        "When_a_row_is_added,_modified_or_deleted": {
          "metadata": {
            "operationMetadataId": "9300fc77-ae8d-4a7b-9cbd-a238113b4326"
          },
          "type": "OpenApiConnectionWebhook",
          "inputs": {
            "host": {
              "connectionName": "shared_commondataserviceforapps",
              "operationId": "SubscribeWebhookTrigger",
              "apiId": "/providers/Microsoft.PowerApps/apis/shared_commondataserviceforapps"
            },
            "parameters": {
              "subscriptionRequest/message": 4,
              "subscriptionRequest/entityname": "mib_eccqueue",
              "subscriptionRequest/scope": 4,
              "subscriptionRequest/runas": 1
            },
            "authentication": "@parameters('$authentication')"
          }
        }
      },
      "actions": {
        "List_rows": {
          "runAfter": {},
          "metadata": {
            "operationMetadataId": "cd2410f0-7ec3-41db-a67b-7d2ef8431607"
          },
          "type": "OpenApiConnection",
          "inputs": {
            "host": {
              "connectionName": "shared_commondataserviceforapps",
              "operationId": "ListRecords",
              "apiId": "/providers/Microsoft.PowerApps/apis/shared_commondataserviceforapps"
            },
            "parameters": {
              "entityName": "mib_flowtaskmanagements",
              "$filter": "mib_messagetype eq '@{triggerOutputs()?['body/_mib_messagetype_value']}'"
            },
            "authentication": "@parameters('$authentication')"
          }
        },
        "Apply_to_each": {
          "foreach": "@outputs('List_rows')?['body/value']",
          "actions": {
            "HTTP": {
              "runAfter": {},
              "metadata": {
                "operationMetadataId": "ed43c44c-1a87-403e-9858-320a19fa0f88"
              },
              "type": "Http",
              "inputs": {
                "method": "POST",
                "uri": "@items('Apply_to_each')?['mib_flowurl']"
              }
            }
          },
          "runAfter": {
            "List_rows": [
              "Succeeded"
            ]
          },
          "metadata": {
            "operationMetadataId": "69779d9d-7eca-489a-bd39-cb90a0af7564"
          },
          "type": "Foreach"
        }
      },
      "outputs": {}
    }
  },
  "schemaVersion": "1.0.0.0"
}