{
  "properties": {
    "connectionReferences": {
      "shared_commondataserviceforapps": {
        "runtimeSource": "embedded",
        "connection": {
          "connectionReferenceLogicalName": "mib_MicrosoftDataverseMIBAdmin"
        },
        "api": {
          "name": "shared_commondataserviceforapps"
        }
      }
    },
    "definition": {
      "$schema": "https://schema.management.azure.com/providers/Microsoft.Logic/schemas/2016-06-01/workflowdefinition.json#",
      "contentVersion": "1.0.0.0",
      "parameters": {
        "$connections": {
          "defaultValue": {},
          "type": "Object"
        },
        "$authentication": {
          "defaultValue": {},
          "type": "SecureObject"
        }
      },
      "triggers": {
        "When_a_row_is_added,_modified_or_deleted": {
          "metadata": {
            "operationMetadataId": "47349ec0-554a-443f-b487-eedb7151015e"
          },
          "type": "OpenApiConnectionWebhook",
          "inputs": {
            "host": {
              "connectionName": "shared_commondataserviceforapps",
              "operationId": "SubscribeWebhookTrigger",
              "apiId": "/providers/Microsoft.PowerApps/apis/shared_commondataserviceforapps"
            },
            "parameters": {
              "subscriptionRequest/message": 3,
              "subscriptionRequest/entityname": "new_studyversion",
              "subscriptionRequest/scope": 4,
              "subscriptionRequest/filterexpression": "mib_status eq 1"
            },
            "authentication": "@parameters('$authentication')"
          }
        }
      },
      "actions": {
        "List_rows_-_Get_Actual_Visit": {
          "runAfter": {},
          "metadata": {
            "operationMetadataId": "213bc680-5652-4299-bca4-bbeace4b41cc"
          },
          "type": "OpenApiConnection",
          "inputs": {
            "host": {
              "connectionName": "shared_commondataserviceforapps",
              "operationId": "ListRecords",
              "apiId": "/providers/Microsoft.PowerApps/apis/shared_commondataserviceforapps"
            },
            "parameters": {
              "entityName": "cr420_subjectvisits",
              "fetchXml": "<fetch version=\"1.0\" output-format=\"xml-platform\" mapping=\"logical\" distinct=\"false\">\n  <entity name=\"cr420_subjectvisit\">\n    <attribute name=\"cr420_visitmissing\" />\n    <attribute name=\"statecode\" />\n    <attribute name=\"cr420_planneddate\" />\n    <attribute name=\"cr420_comments\" />\n    <attribute name=\"cr420_subjectvisitid\" />\n    <order attribute=\"cr420_visitmissing\" descending=\"false\" />\n    <link-entity name=\"new_studyvisit\" from=\"new_studyvisitid\" to=\"new_armvisit\" visible=\"false\" link-type=\"outer\" alias=\"a_1a8b1f94a7b7eb118236002248218473\">\n      <attribute name=\"new_visitwindow\" />\n      <attribute name=\"new_visitname\" />\n    </link-entity>\n    <link-entity name=\"new_studysitesubjects\" from=\"new_studysitesubjectsid\" to=\"new_studysitesubject\" link-type=\"inner\" alias=\"am\">\n      <link-entity name=\"cr6ee_studysite\" from=\"cr6ee_studysiteid\" to=\"new_studysite\" link-type=\"inner\" alias=\"an\">\n        <link-entity name=\"new_study\" from=\"new_studyid\" to=\"new_study\" link-type=\"inner\" alias=\"ao\">\n          <filter type=\"and\">\n            <condition attribute=\"new_studyid\" operator=\"eq\" value=\"@{triggerOutputs()?['body/_mib_study_value']}\" />\n          </filter>\n        </link-entity>\n      </link-entity>\n    </link-entity>\n  </entity>\n</fetch>"
            },
            "authentication": "@parameters('$authentication')"
          }
        },
        "Foreach_Actual_Visit_": {
          "foreach": "@outputs('List_rows_-_Get_Actual_Visit')?['body/value']",
          "actions": {
            "Condition_-_Check_Planned_Date_is_Current_or_Past_": {
              "actions": {
                "Add_a_new__Subject": {
                  "runAfter": {},
                  "metadata": {
                    "operationMetadataId": "02f1b856-b68e-43ca-8933-fb7c8457b949"
                  },
                  "type": "OpenApiConnection",
                  "inputs": {
                    "host": {
                      "connectionName": "shared_commondataserviceforapps",
                      "operationId": "CreateRecord",
                      "apiId": "/providers/Microsoft.PowerApps/apis/shared_commondataserviceforapps"
                    },
                    "parameters": {
                      "entityName": "cr420_subjectvisits",
                      "item/new_StudySiteSubject@odata.bind": "/cr420_subjectses(@{items('Foreach_Actual_Visit_')?['_new_studysitesubject_value']})",
                      "item/mib_arm@odata.bind": "/new_arms(@{items('Foreach_Actual_Visit_')?['_mib_arm_value']})",
                      "item/mib_definedvisit@odata.bind": "/mib_definedvisitses(@{items('Foreach_Actual_Visit_')?['_mib_definedvisit_value']})",
                      "item/mib_expedited": "@items('Foreach_Actual_Visit_')?['mib_expedited']",
                      "item/cr420_planneddate": "@items('Foreach_Actual_Visit_')?['cr420_planneddate']",
                      "item/new_StudySiteSubjectId@odata.bind": "/new_studysitesubjectses(@{items('Foreach_Actual_Visit_')?['_new_studysitesubjectid_value']})",
                      "item/cr420_visitname": "@items('Foreach_Actual_Visit_')?['cr420_visitname']",
                      "item/mib_visitschedule@odata.bind": "/mib_expectedvisitschedules(@{items('Foreach_Actual_Visit_')?['_mib_visitschedule_value']})",
                      "item/cr420_visitwindow": "@items('Foreach_Actual_Visit_')?['cr420_visitwindow']"
                    },
                    "authentication": "@parameters('$authentication')"
                  }
                }
              },
              "runAfter": {},
              "expression": {
                "or": [
                  {
                    "equals": [
                      "@items('Foreach_Actual_Visit_')?['cr420_planneddate']",
                      "@formatDateTime(utcNow(), 'MM/dd/yyyy')"
                    ]
                  },
                  {
                    "less": [
                      "@items('Foreach_Actual_Visit_')?['cr420_planneddate']",
                      "@formatDateTime(utcNow(), 'MM/dd/yyyy')"
                    ]
                  }
                ]
              },
              "metadata": {
                "operationMetadataId": "e09e643f-d1c1-4c81-8326-6a3adab8bba7"
              },
              "type": "If"
            }
          },
          "runAfter": {
            "List_rows_-_Get_Actual_Visit": [
              "Succeeded"
            ]
          },
          "metadata": {
            "operationMetadataId": "bb7d90c1-256f-4e71-bc05-13abc9a22d0d"
          },
          "type": "Foreach"
        }
      },
      "outputs": {}
    }
  },
  "schemaVersion": "1.0.0.0"
}