{
  "properties": {
    "connectionReferences": {
      "shared_commondataserviceforapps": {
        "runtimeSource": "embedded",
        "connection": {
          "connectionReferenceLogicalName": "mib_MicrosoftDataverseMIBAdmin"
        },
        "api": {
          "name": "shared_commondataserviceforapps"
        }
      }
    },
    "definition": {
      "$schema": "https://schema.management.azure.com/providers/Microsoft.Logic/schemas/2016-06-01/workflowdefinition.json#",
      "contentVersion": "1.0.0.0",
      "parameters": {
        "$connections": {
          "defaultValue": {},
          "type": "Object"
        },
        "$authentication": {
          "defaultValue": {},
          "type": "SecureObject"
        }
      },
      "triggers": {
        "manual": {
          "metadata": {
            "operationMetadataId": "cdb61815-dacf-4801-8235-af9e4fa1db82"
          },
          "type": "Request",
          "kind": "Http",
          "inputs": {}
        }
      },
      "actions": {
        "Response": {
          "runAfter": {
            "Set_SessionId_variable": [
              "Succeeded"
            ]
          },
          "metadata": {
            "operationMetadataId": "687c1468-d025-425a-aae7-20fdf6740067"
          },
          "type": "Response",
          "kind": "Http",
          "inputs": {
            "statusCode": 200,
            "body": {
              "Service_Url": "@variables('Service_Url')",
              "SID": "@variables('SessionId')",
              "DateTime": "@utcNow()"
            },
            "schema": {
              "type": "object",
              "properties": {
                "Service_Url": {
                  "type": "string"
                },
                "SID": {
                  "type": "string"
                }
              }
            }
          }
        },
        "Get_Default_System_Configuration": {
          "runAfter": {
            "Initialize_DateTime_variable": [
              "Succeeded"
            ]
          },
          "metadata": {
            "operationMetadataId": "a897eb24-c7d3-442a-93e6-bf824cb9d9d6"
          },
          "type": "OpenApiConnection",
          "inputs": {
            "host": {
              "connectionName": "shared_commondataserviceforapps",
              "operationId": "ListRecords",
              "apiId": "/providers/Microsoft.PowerApps/apis/shared_commondataserviceforapps"
            },
            "parameters": {
              "entityName": "mib_systemconfigurations",
              "$filter": "mib_name eq 'Default'",
              "$top": 1
            },
            "authentication": "@parameters('$authentication')"
          }
        },
        "Foreach_System_Configuration": {
          "foreach": "@outputs('Get_Default_System_Configuration')?['body/value']",
          "actions": {
            "Set_Password_variable": {
              "runAfter": {
                "Set_UserName_variable": [
                  "Succeeded"
                ]
              },
              "metadata": {
                "operationMetadataId": "13374363-3039-4757-817d-1ceef6f20e86"
              },
              "type": "SetVariable",
              "inputs": {
                "name": "Password",
                "value": "@items('Foreach_System_Configuration')?['mib_ambrapassword']"
              }
            },
            "Set_Service_Url_variable": {
              "runAfter": {},
              "metadata": {
                "operationMetadataId": "a15ede0a-5577-4d53-a3f0-7caaa4c75d1a"
              },
              "type": "SetVariable",
              "inputs": {
                "name": "Service_Url",
                "value": "@items('Foreach_System_Configuration')?['mib_ambraserviceurl']"
              }
            },
            "Set_UserName_variable": {
              "runAfter": {
                "Set_Service_Url_variable": [
                  "Succeeded"
                ]
              },
              "metadata": {
                "operationMetadataId": "d47e73d8-48ba-402c-893e-4ba4d5e132b1"
              },
              "type": "SetVariable",
              "inputs": {
                "name": "UserName",
                "value": "@items('Foreach_System_Configuration')?['mib_ambrausername']"
              }
            }
          },
          "runAfter": {
            "Get_Default_System_Configuration": [
              "Succeeded"
            ]
          },
          "metadata": {
            "operationMetadataId": "1d51b58e-942b-43be-b18a-b75813a031bb"
          },
          "type": "Foreach"
        },
        "Initialize_UserName_variable": {
          "runAfter": {
            "Initialize_Service_Url_variable": [
              "Succeeded"
            ]
          },
          "metadata": {
            "operationMetadataId": "f6f1321f-7e4d-42e1-90b3-4b53ff2690a5"
          },
          "type": "InitializeVariable",
          "inputs": {
            "variables": [
              {
                "name": "UserName",
                "type": "string"
              }
            ]
          }
        },
        "Initialize_Password_variable": {
          "runAfter": {
            "Initialize_UserName_variable": [
              "Succeeded"
            ]
          },
          "metadata": {
            "operationMetadataId": "a04fa751-58c4-4edf-8098-135a9f2565ac"
          },
          "type": "InitializeVariable",
          "inputs": {
            "variables": [
              {
                "name": "Password",
                "type": "string"
              }
            ]
          }
        },
        "Initialize_Service_Url_variable": {
          "runAfter": {},
          "metadata": {
            "operationMetadataId": "b389b569-786d-4b84-ba83-d96afeab16f8"
          },
          "type": "InitializeVariable",
          "inputs": {
            "variables": [
              {
                "name": "Service_Url",
                "type": "string"
              }
            ]
          }
        },
        "Initialize_SessionId_variable": {
          "runAfter": {
            "Initialize_Password_variable": [
              "Succeeded"
            ]
          },
          "metadata": {
            "operationMetadataId": "db8fd1cf-5d6c-4bba-9a21-d20acb23ace8"
          },
          "type": "InitializeVariable",
          "inputs": {
            "variables": [
              {
                "name": "SessionId",
                "type": "string"
              }
            ]
          }
        },
        "HTTP_-_Generate_Session": {
          "runAfter": {
            "Foreach_System_Configuration": [
              "Succeeded"
            ]
          },
          "metadata": {
            "operationMetadataId": "0c41b64f-b4f3-4047-a4bb-b433ecacf490"
          },
          "type": "Http",
          "inputs": {
            "method": "POST",
            "uri": "@{variables('Service_Url')}/api/v3/session/login",
            "headers": {
              "Content-Type": "application/x-www-form-urlencoded"
            },
            "body": "login=@{variables('UserName')}&password=@{variables('Password')}"
          }
        },
        "Parse_JSON_-_Generate_Session": {
          "runAfter": {
            "HTTP_-_Generate_Session": [
              "Succeeded"
            ]
          },
          "metadata": {
            "operationMetadataId": "a0fc06d8-7efe-46e4-acdd-8cddb213c622"
          },
          "type": "ParseJson",
          "inputs": {
            "content": "@body('HTTP_-_Generate_Session')",
            "schema": {
              "type": "object",
              "properties": {
                "sid": {
                  "type": "string"
                }
              }
            }
          }
        },
        "Set_SessionId_variable": {
          "runAfter": {
            "Parse_JSON_-_Generate_Session": [
              "Succeeded"
            ]
          },
          "metadata": {
            "operationMetadataId": "87dccbf9-d706-43d0-84bf-a0fec67500bc"
          },
          "type": "SetVariable",
          "inputs": {
            "name": "SessionId",
            "value": "@body('Parse_JSON_-_Generate_Session')?['sid']"
          }
        },
        "Initialize_DateTime_variable": {
          "runAfter": {
            "Initialize_SessionId_variable": [
              "Succeeded"
            ]
          },
          "metadata": {
            "operationMetadataId": "b0262f0f-79e2-413e-9a5d-302f74b14f85"
          },
          "type": "InitializeVariable",
          "inputs": {
            "variables": [
              {
                "name": "DateTime",
                "type": "string"
              }
            ]
          }
        }
      },
      "outputs": {}
    }
  },
  "schemaVersion": "1.0.0.0"
}