{
  "properties": {
    "connectionReferences": {
      "shared_commondataserviceforapps": {
        "runtimeSource": "embedded",
        "connection": {},
        "api": {
          "name": "shared_commondataserviceforapps"
        }
      },
      "shared_commondataserviceforapps_1": {
        "runtimeSource": "embedded",
        "connection": {},
        "api": {
          "name": "shared_commondataserviceforapps"
        }
      }
    },
    "definition": {
      "$schema": "https://schema.management.azure.com/providers/Microsoft.Logic/schemas/2016-06-01/workflowdefinition.json#",
      "contentVersion": "1.0.0.0",
      "parameters": {
        "$connections": {
          "defaultValue": {},
          "type": "Object"
        },
        "$authentication": {
          "defaultValue": {},
          "type": "SecureObject"
        }
      },
      "triggers": {
        "When_a_row_is_added,_modified_or_deleted": {
          "metadata": {
            "operationMetadataId": "f87d91cd-9e35-41af-a187-2ce61d24b76c"
          },
          "type": "OpenApiConnectionWebhook",
          "inputs": {
            "host": {
              "connectionName": "shared_commondataserviceforapps",
              "operationId": "SubscribeWebhookTrigger",
              "apiId": "/providers/Microsoft.PowerApps/apis/shared_commondataserviceforapps"
            },
            "parameters": {
              "subscriptionRequest/message": 1,
              "subscriptionRequest/entityname": "new_studysitesubjects",
              "subscriptionRequest/scope": 4
            },
            "authentication": "@parameters('$authentication')"
          }
        }
      },
      "actions": {
        "List_rows_-_ARM_Visits_for_Expected_Visit_Schedule": {
          "runAfter": {
            "Get_a_row_by_ID_-_ARM_Visit_record_as_First_Visit": [
              "Succeeded"
            ]
          },
          "metadata": {
            "operationMetadataId": "6e9d54f9-da5f-4413-9d33-f8c33ed7920c"
          },
          "type": "OpenApiConnection",
          "inputs": {
            "host": {
              "connectionName": "shared_commondataserviceforapps",
              "operationId": "ListRecords",
              "apiId": "/providers/Microsoft.PowerApps/apis/shared_commondataserviceforapps"
            },
            "parameters": {
              "entityName": "mib_expectedarmvisits",
              "$filter": "_mib_armvisitscheduleid_value eq '@{triggerOutputs()?['body/_mib_activevisitschedule_value']}' and mib_order ge @{outputs('Get_a_row_by_ID_-_ARM_Visit_record_as_First_Visit')?['body/mib_order']}"
            },
            "authentication": "@parameters('$authentication')"
          }
        },
        "Apply_to_each_-_ARM_Visits": {
          "foreach": "@outputs('List_rows_-_ARM_Visits_for_Expected_Visit_Schedule')?['body/value']",
          "actions": {
            "Get_a_row_by_ID_-_Defined_Visit": {
              "runAfter": {},
              "metadata": {
                "operationMetadataId": "83499062-4362-4da0-9cce-e34334e59768"
              },
              "type": "OpenApiConnection",
              "inputs": {
                "host": {
                  "connectionName": "shared_commondataserviceforapps",
                  "operationId": "GetItem",
                  "apiId": "/providers/Microsoft.PowerApps/apis/shared_commondataserviceforapps"
                },
                "parameters": {
                  "entityName": "mib_definedvisitses",
                  "recordId": "@items('Apply_to_each_-_ARM_Visits')?['_mib_visitconfigid_value']"
                },
                "authentication": "@parameters('$authentication')"
              }
            },
            "Condition_-_Planned_Date_empty_or_not": {
              "actions": {
                "Add_a_new_row_-_Actual_Visits_without_planned_date": {
                  "runAfter": {},
                  "metadata": {
                    "operationMetadataId": "59291ac5-7bf8-4483-8a79-5c736cb3e7ab"
                  },
                  "type": "OpenApiConnection",
                  "inputs": {
                    "host": {
                      "connectionName": "shared_commondataserviceforapps",
                      "operationId": "CreateRecord",
                      "apiId": "/providers/Microsoft.PowerApps/apis/shared_commondataserviceforapps"
                    },
                    "parameters": {
                      "entityName": "cr420_subjectvisits",
                      "item/new_StudySiteSubject@odata.bind": "/new_studysitesubjectses(@{triggerOutputs()?['body/new_studysitesubjectsid']})",
                      "item/mib_arm@odata.bind": "/new_arms(@{items('Apply_to_each_-_ARM_Visits')?['_mib_armid_value']})",
                      "item/mib_study": "@triggerOutputs()?['body/mib_study']",
                      "item/mib_study1": "@{triggerOutputs()?['body/mib_study']}-->@{triggerOutputs()?['body/new_subjectnumber']}",
                      "item/mib_definedvisit@odata.bind": "/mib_definedvisitses(@{outputs('Get_a_row_by_ID_-_Defined_Visit')?['body/mib_definedvisitsid']})",
                      "item/mib_expedited": "@outputs('Get_a_row_by_ID_-_Defined_Visit')?['body/mib_expedited']",
                      "item/new_StudySiteSubjectId@odata.bind": "/new_studysitesubjectses(@{triggerOutputs()?['body/new_studysitesubjectsid']})",
                      "item/mib_tatdays": "@outputs('Get_a_row_by_ID_-_Defined_Visit')?['body/mib_tatdays']",
                      "item/cr420_visitname": "@outputs('Get_a_row_by_ID_-_Defined_Visit')?['body/mib_name']",
                      "item/mib_visitschedule@odata.bind": "/mib_expectedvisitschedules(@{triggerOutputs()?['body/_mib_activevisitschedule_value']})",
                      "item/cr420_visitwindow": "@outputs('Get_a_row_by_ID_-_Defined_Visit')?['body/mib_visitwindow']"
                    },
                    "authentication": "@parameters('$authentication')"
                  }
                }
              },
              "runAfter": {
                "Condition": [
                  "Succeeded"
                ]
              },
              "else": {
                "actions": {
                  "Condition_-_Schedule_Type_is_2_or_not": {
                    "actions": {
                      "Add_a_new_row_-_Actual_Visits_with_planned_date_2": {
                        "runAfter": {},
                        "metadata": {
                          "operationMetadataId": "59291ac5-7bf8-4483-8a79-5c736cb3e7ab"
                        },
                        "type": "OpenApiConnection",
                        "inputs": {
                          "host": {
                            "connectionName": "shared_commondataserviceforapps",
                            "operationId": "CreateRecord",
                            "apiId": "/providers/Microsoft.PowerApps/apis/shared_commondataserviceforapps"
                          },
                          "parameters": {
                            "entityName": "cr420_subjectvisits",
                            "item/new_StudySiteSubject@odata.bind": "/new_studysitesubjectses(@{triggerOutputs()?['body/new_studysitesubjectsid']})",
                            "item/mib_arm@odata.bind": "/new_arms(@{items('Apply_to_each_-_ARM_Visits')?['_mib_armid_value']})",
                            "item/mib_study": "@triggerOutputs()?['body/mib_study']",
                            "item/mib_study1": "@{triggerOutputs()?['body/mib_study']}-->@{triggerOutputs()?['body/new_subjectnumber']}",
                            "item/mib_definedvisit@odata.bind": "/mib_definedvisitses(@{outputs('Get_a_row_by_ID_-_Defined_Visit')?['body/mib_definedvisitsid']})",
                            "item/mib_expedited": "@outputs('Get_a_row_by_ID_-_Defined_Visit')?['body/mib_expedited']",
                            "item/new_StudySiteSubjectId@odata.bind": "/new_studysitesubjectses(@{triggerOutputs()?['body/new_studysitesubjectsid']})",
                            "item/mib_tatdays": "@outputs('Get_a_row_by_ID_-_Defined_Visit')?['body/mib_tatdays']",
                            "item/cr420_visitname": "@outputs('Get_a_row_by_ID_-_Defined_Visit')?['body/mib_name']",
                            "item/mib_visitschedule@odata.bind": "/mib_expectedvisitschedules(@{triggerOutputs()?['body/_mib_activevisitschedule_value']})",
                            "item/cr420_visitwindow": "@outputs('Get_a_row_by_ID_-_Defined_Visit')?['body/mib_visitwindow']"
                          },
                          "authentication": "@parameters('$authentication')"
                        }
                      }
                    },
                    "runAfter": {},
                    "else": {
                      "actions": {
                        "Add_a_new_row_-_Actual_Visits_with_planned_date": {
                          "runAfter": {},
                          "metadata": {
                            "operationMetadataId": "59291ac5-7bf8-4483-8a79-5c736cb3e7ab"
                          },
                          "type": "OpenApiConnection",
                          "inputs": {
                            "host": {
                              "connectionName": "shared_commondataserviceforapps",
                              "operationId": "CreateRecord",
                              "apiId": "/providers/Microsoft.PowerApps/apis/shared_commondataserviceforapps"
                            },
                            "parameters": {
                              "entityName": "cr420_subjectvisits",
                              "item/new_StudySiteSubject@odata.bind": "/new_studysitesubjectses(@{triggerOutputs()?['body/new_studysitesubjectsid']})",
                              "item/mib_arm@odata.bind": "/new_arms(@{items('Apply_to_each_-_ARM_Visits')?['_mib_armid_value']})",
                              "item/mib_study": "@triggerOutputs()?['body/mib_study']",
                              "item/mib_study1": "@{triggerOutputs()?['body/mib_study']}-->@{triggerOutputs()?['body/new_subjectnumber']}",
                              "item/mib_definedvisit@odata.bind": "/mib_definedvisitses(@{outputs('Get_a_row_by_ID_-_Defined_Visit')?['body/mib_definedvisitsid']})",
                              "item/mib_expedited": "@outputs('Get_a_row_by_ID_-_Defined_Visit')?['body/mib_expedited']",
                              "item/cr420_planneddate": "@formatDateTime(addDays(variables('PlannedDate'),variables('DaysSince')), 'MM-dd-yyyy')",
                              "item/new_StudySiteSubjectId@odata.bind": "/new_studysitesubjectses(@{triggerOutputs()?['body/new_studysitesubjectsid']})",
                              "item/mib_tatdays": "@outputs('Get_a_row_by_ID_-_Defined_Visit')?['body/mib_tatdays']",
                              "item/cr420_visitname": "@outputs('Get_a_row_by_ID_-_Defined_Visit')?['body/mib_name']",
                              "item/mib_visitschedule@odata.bind": "/mib_expectedvisitschedules(@{triggerOutputs()?['body/_mib_activevisitschedule_value']})",
                              "item/cr420_visitwindow": "@outputs('Get_a_row_by_ID_-_Defined_Visit')?['body/mib_visitwindow']"
                            },
                            "authentication": "@parameters('$authentication')"
                          }
                        }
                      }
                    },
                    "expression": {
                      "equals": [
                        "@outputs('Get_a_row_by_ID_-_Defined_Visit')?['body/mib_scheduledvisit']",
                        2
                      ]
                    },
                    "metadata": {
                      "operationMetadataId": "0dd8979c-134e-454d-85df-84d5aff78aae"
                    },
                    "type": "If"
                  }
                }
              },
              "expression": {
                "or": [
                  {
                    "equals": [
                      "@empty(variables('PlannedDate'))",
                      "@true"
                    ]
                  },
                  {
                    "equals": [
                      "@variables('PlannedDate')",
                      "@null"
                    ]
                  }
                ]
              },
              "metadata": {
                "operationMetadataId": "47c298c7-9538-436b-b173-a6a65f0398fe"
              },
              "type": "If"
            },
            "Set_variable_-_PlannedDate_set_to_null": {
              "runAfter": {
                "Get_a_row_by_ID_-_Defined_Visit": [
                  "Succeeded"
                ]
              },
              "metadata": {
                "operationMetadataId": "f8defe3c-edf1-4981-954e-3f2f0d9b0b40"
              },
              "type": "SetVariable",
              "inputs": {
                "name": "PlannedDate",
                "value": "@{null}"
              }
            },
            "Condition_-_SchedulingDateType_value_in_record": {
              "actions": {},
              "runAfter": {
                "Set_variable_-_PlannedDate_set_to_null": [
                  "Succeeded"
                ]
              },
              "else": {
                "actions": {
                  "Set_variable_-_DefinedVisitScheduledType": {
                    "runAfter": {},
                    "metadata": {
                      "operationMetadataId": "a90bebc5-0515-4663-ac66-af8de47a3861"
                    },
                    "type": "SetVariable",
                    "inputs": {
                      "name": "DefinedVisitScheduledType",
                      "value": "@outputs('Get_a_row_by_ID_-_Defined_Visit')?['body/mib_schedulingvatetype']"
                    }
                  },
                  "Switch_-_DefinedVisitScheduledType": {
                    "runAfter": {
                      "Set_variable_-_DefinedVisitScheduledType": [
                        "Succeeded"
                      ]
                    },
                    "cases": {
                      "Case_-_Baseline_Date": {
                        "case": 1,
                        "actions": {
                          "Set_variable_-_PlannedDate_1": {
                            "runAfter": {},
                            "type": "SetVariable",
                            "inputs": {
                              "name": "PlannedDate",
                              "value": "@{if(empty(triggerOutputs()?['body/new_baselinedate']), null, formatDateTime(addDays(triggerOutputs()?['body/new_baselinedate'],1), 'MM-dd-yyyy'))}"
                            }
                          }
                        }
                      },
                      "Case_-_Treatement": {
                        "case": 3,
                        "actions": {
                          "Set_variable": {
                            "runAfter": {},
                            "type": "SetVariable",
                            "inputs": {
                              "name": "PlannedDate",
                              "value": "@{if(empty(triggerOutputs()?['body/new_dosingdate']), null, formatDateTime(addDays(triggerOutputs()?['body/new_dosingdate'],1), 'MM-dd-yyyy'))}"
                            }
                          }
                        }
                      },
                      "Case_-_Enrollment": {
                        "case": 4,
                        "actions": {
                          "Set_variable_2": {
                            "runAfter": {},
                            "type": "SetVariable",
                            "inputs": {
                              "name": "PlannedDate",
                              "value": "@{if(empty(triggerOutputs()?['body/new_enrollmentdate']), null, formatDateTime(addDays(triggerOutputs()?['body/new_enrollmentdate'],1), 'MM-dd-yyyy'))}"
                            }
                          }
                        }
                      },
                      "Case_-_Randomization": {
                        "case": 6,
                        "actions": {
                          "Set_variable_3": {
                            "runAfter": {},
                            "type": "SetVariable",
                            "inputs": {
                              "name": "PlannedDate",
                              "value": "@{if(empty(triggerOutputs()?['body/new_randomizationdate']), null, formatDateTime(addDays(triggerOutputs()?['body/new_randomizationdate'],1), 'MM-dd-yyyy'))}"
                            }
                          }
                        }
                      },
                      "Case_-_Re_baseline": {
                        "case": 7,
                        "actions": {
                          "Set_variable_4": {
                            "runAfter": {},
                            "type": "SetVariable",
                            "inputs": {
                              "name": "PlannedDate",
                              "value": "@{if(empty(triggerOutputs()?['body/new_baselinedate']), null, formatDateTime(addDays(triggerOutputs()?['body/new_baselinedate'],1), 'MM-dd-yyyy'))}"
                            }
                          }
                        }
                      },
                      "Case_-_Re_screening": {
                        "case": 8,
                        "actions": {
                          "Set_variable_5": {
                            "runAfter": {},
                            "type": "SetVariable",
                            "inputs": {
                              "name": "PlannedDate",
                              "value": "@{if(empty(triggerOutputs()?['body/new_screeningdate']), null, formatDateTime(addDays(triggerOutputs()?['body/new_screeningdate'],1), 'MM-dd-yyyy'))}"
                            }
                          }
                        }
                      },
                      "Case_-_Re_treatment": {
                        "case": 9,
                        "actions": {
                          "Set_variable_6": {
                            "runAfter": {},
                            "type": "SetVariable",
                            "inputs": {
                              "name": "PlannedDate",
                              "value": "@{if(empty(triggerOutputs()?['body/new_dosingdate']), null, formatDateTime(addDays(triggerOutputs()?['body/new_dosingdate'],1), 'MM-dd-yyyy'))}"
                            }
                          }
                        }
                      },
                      "Case_-_Scheduling": {
                        "case": 10,
                        "actions": {
                          "Set_variable_7": {
                            "runAfter": {},
                            "type": "SetVariable",
                            "inputs": {
                              "name": "PlannedDate",
                              "value": "@{if(empty(triggerOutputs()?['body/new_schedulingdate']), null, formatDateTime(addDays(triggerOutputs()?['body/new_schedulingdate'],1), 'MM-dd-yyyy'))}"
                            }
                          }
                        }
                      },
                      "Case_-_Screening": {
                        "case": 11,
                        "actions": {
                          "Set_variable_8": {
                            "runAfter": {},
                            "type": "SetVariable",
                            "inputs": {
                              "name": "PlannedDate",
                              "value": "@{if(empty(triggerOutputs()?['body/new_screeningdate']), null, formatDateTime(addDays(triggerOutputs()?['body/new_screeningdate'],1), 'MM-dd-yyyy'))}"
                            }
                          }
                        }
                      }
                    },
                    "default": {
                      "actions": {}
                    },
                    "expression": "@variables('DefinedVisitScheduledType')",
                    "metadata": {
                      "operationMetadataId": "21b53288-576d-4df7-aae5-1a18c0da10f8"
                    },
                    "type": "Switch"
                  }
                }
              },
              "expression": {
                "or": [
                  {
                    "equals": [
                      "@outputs('Get_a_row_by_ID_-_Defined_Visit')?['body/mib_schedulingvatetype']",
                      "@null"
                    ]
                  },
                  {
                    "equals": [
                      "@outputs('Get_a_row_by_ID_-_Defined_Visit')?['body/mib_schedulingvatetype']",
                      ""
                    ]
                  }
                ]
              },
              "metadata": {
                "operationMetadataId": "89e4be38-4bf6-470a-8586-e698dd7e9a93"
              },
              "type": "If"
            },
            "Condition": {
              "actions": {},
              "runAfter": {
                "Condition_-_SchedulingDateType_value_in_record": [
                  "Succeeded"
                ]
              },
              "else": {
                "actions": {
                  "Set_variable_-_DaysSince": {
                    "runAfter": {},
                    "metadata": {
                      "operationMetadataId": "d9911d1e-b1dd-48ff-bc77-13f072c323f2"
                    },
                    "type": "SetVariable",
                    "inputs": {
                      "name": "DaysSince",
                      "value": "@outputs('Get_a_row_by_ID_-_Defined_Visit')?['body/mib_tolerancedays']"
                    }
                  }
                }
              },
              "expression": {
                "or": [
                  {
                    "equals": [
                      "@outputs('Get_a_row_by_ID_-_Defined_Visit')?['body/mib_tolerancedays']",
                      "@null"
                    ]
                  },
                  {
                    "equals": [
                      "@outputs('Get_a_row_by_ID_-_Defined_Visit')?['body/mib_tolerancedays']",
                      ""
                    ]
                  }
                ]
              },
              "metadata": {
                "operationMetadataId": "5c96ece3-23db-470e-b1e4-0ccacbd830f1"
              },
              "type": "If"
            }
          },
          "runAfter": {
            "List_rows_-_ARM_Visits_for_Expected_Visit_Schedule": [
              "Succeeded"
            ]
          },
          "metadata": {
            "operationMetadataId": "6310443d-9c07-449d-8548-10a8c27ce335"
          },
          "type": "Foreach"
        },
        "Get_a_row_by_ID_-_ARM_Visit_record_as_First_Visit": {
          "runAfter": {
            "Initialize_variable_-_DaysSince": [
              "Succeeded"
            ]
          },
          "metadata": {
            "operationMetadataId": "237ef7ad-789e-4d3c-bfbb-879fc4845b5f"
          },
          "type": "OpenApiConnection",
          "inputs": {
            "host": {
              "connectionName": "shared_commondataserviceforapps",
              "operationId": "GetItem",
              "apiId": "/providers/Microsoft.PowerApps/apis/shared_commondataserviceforapps"
            },
            "parameters": {
              "entityName": "mib_expectedarmvisits",
              "recordId": "@triggerOutputs()?['body/_mib_firstvisit_value']"
            },
            "authentication": "@parameters('$authentication')"
          }
        },
        "Initialize_variable_-_CurrentDate": {
          "runAfter": {
            "Get_a_row_by_ID_-_Study_Sites": [
              "Succeeded"
            ]
          },
          "metadata": {
            "operationMetadataId": "e5d23425-9abb-48b4-b92e-793eb791630c"
          },
          "type": "InitializeVariable",
          "inputs": {
            "variables": [
              {
                "name": "CurrentDate",
                "type": "string",
                "value": "@{formatDateTime(utcNow(),'MM/dd/yyyy')}"
              }
            ]
          }
        },
        "Initialize_variable_-_DefinedVisitScheduledType": {
          "runAfter": {
            "Initialize_variable_-_CurrentDate": [
              "Succeeded"
            ]
          },
          "metadata": {
            "operationMetadataId": "8588753b-adf9-4047-b983-a36fbbc0ed66"
          },
          "type": "InitializeVariable",
          "inputs": {
            "variables": [
              {
                "name": "DefinedVisitScheduledType",
                "type": "integer"
              }
            ]
          }
        },
        "Initialize_variable_-_PlannedDate": {
          "runAfter": {
            "Initialize_variable_-_DefinedVisitScheduledType": [
              "Succeeded"
            ]
          },
          "metadata": {
            "operationMetadataId": "7ce6d3cd-cd8c-4890-827d-d088765c0d4d"
          },
          "type": "InitializeVariable",
          "inputs": {
            "variables": [
              {
                "name": "PlannedDate",
                "type": "string"
              }
            ]
          }
        },
        "Initialize_variable_-_DaysSince": {
          "runAfter": {
            "Initialize_variable_-_PlannedDate": [
              "Succeeded"
            ]
          },
          "metadata": {
            "operationMetadataId": "0520a397-80a5-4b28-b4e1-430cef0a0f38"
          },
          "type": "InitializeVariable",
          "inputs": {
            "variables": [
              {
                "name": "DaysSince",
                "type": "integer"
              }
            ]
          }
        },
        "Get_a_row_by_ID_-_Study_Sites": {
          "runAfter": {},
          "metadata": {
            "operationMetadataId": "4edbd617-c015-4f21-9df8-31086048dc44"
          },
          "type": "OpenApiConnection",
          "inputs": {
            "host": {
              "connectionName": "shared_commondataserviceforapps_1",
              "operationId": "GetItem",
              "apiId": "/providers/Microsoft.PowerApps/apis/shared_commondataserviceforapps"
            },
            "parameters": {
              "entityName": "cr6ee_studysites",
              "recordId": "@triggerOutputs()?['body/_new_studysite_value']"
            },
            "authentication": "@parameters('$authentication')"
          }
        }
      },
      "outputs": {}
    }
  },
  "schemaVersion": "1.0.0.0"
}