{
  "properties": {
    "connectionReferences": {
      "shared_commondataserviceforapps": {
        "runtimeSource": "embedded",
        "connection": {
          "connectionReferenceLogicalName": "mib_MicrosoftDataverseMIBAdmin"
        },
        "api": {
          "name": "shared_commondataserviceforapps"
        }
      }
    },
    "definition": {
      "$schema": "https://schema.management.azure.com/providers/Microsoft.Logic/schemas/2016-06-01/workflowdefinition.json#",
      "contentVersion": "1.0.0.0",
      "parameters": {
        "$connections": {
          "defaultValue": {},
          "type": "Object"
        },
        "$authentication": {
          "defaultValue": {},
          "type": "SecureObject"
        }
      },
      "triggers": {
        "When_a_row_is_added,_modified_or_deleted": {
          "metadata": {
            "operationMetadataId": "f87d91cd-9e35-41af-a187-2ce61d24b76c"
          },
          "type": "OpenApiConnectionWebhook",
          "inputs": {
            "host": {
              "connectionName": "shared_commondataserviceforapps",
              "operationId": "SubscribeWebhookTrigger",
              "apiId": "/providers/Microsoft.PowerApps/apis/shared_commondataserviceforapps"
            },
            "parameters": {
              "subscriptionRequest/message": 3,
              "subscriptionRequest/entityname": "new_studysitesubjects",
              "subscriptionRequest/scope": 4,
              "subscriptionRequest/filteringattributes": "mib_activevisitschedule,mib_firstvisit"
            },
            "authentication": "@parameters('$authentication')"
          }
        }
      },
      "actions": {
        "List_rows_-_ARM_Visits_for_Expected_Visit_Schedule": {
          "runAfter": {
            "Get_a_row_by_ID_-_ARM_Visit_record_as_First_Visit": [
              "Succeeded"
            ]
          },
          "metadata": {
            "operationMetadataId": "6e9d54f9-da5f-4413-9d33-f8c33ed7920c"
          },
          "type": "OpenApiConnection",
          "inputs": {
            "host": {
              "connectionName": "shared_commondataserviceforapps",
              "operationId": "ListRecords",
              "apiId": "/providers/Microsoft.PowerApps/apis/shared_commondataserviceforapps"
            },
            "parameters": {
              "entityName": "mib_expectedarmvisits",
              "$filter": "_mib_armvisitscheduleid_value eq '@{triggerOutputs()?['body/_mib_activevisitschedule_value']}' and mib_order ge @{outputs('Get_a_row_by_ID_-_ARM_Visit_record_as_First_Visit')?['body/mib_order']}"
            },
            "authentication": "@parameters('$authentication')"
          }
        },
        "Apply_to_each_-_ARM_Visits": {
          "foreach": "@outputs('List_rows_-_ARM_Visits_for_Expected_Visit_Schedule')?['body/value']",
          "actions": {
            "Get_a_row_by_ID_-_Defined_Visit": {
              "runAfter": {},
              "metadata": {
                "operationMetadataId": "83499062-4362-4da0-9cce-e34334e59768"
              },
              "type": "OpenApiConnection",
              "inputs": {
                "host": {
                  "connectionName": "shared_commondataserviceforapps",
                  "operationId": "GetItem",
                  "apiId": "/providers/Microsoft.PowerApps/apis/shared_commondataserviceforapps"
                },
                "parameters": {
                  "entityName": "mib_definedvisitses",
                  "recordId": "@items('Apply_to_each_-_ARM_Visits')?['_mib_visitconfigid_value']"
                },
                "authentication": "@parameters('$authentication')"
              }
            },
            "List_rows_-_Actual_Visit_is_present_or_not": {
              "runAfter": {
                "Condition": [
                  "Succeeded"
                ]
              },
              "metadata": {
                "operationMetadataId": "cbea8d37-f216-4fc3-8007-d24648141535"
              },
              "type": "OpenApiConnection",
              "inputs": {
                "host": {
                  "connectionName": "shared_commondataserviceforapps",
                  "operationId": "ListRecords",
                  "apiId": "/providers/Microsoft.PowerApps/apis/shared_commondataserviceforapps"
                },
                "parameters": {
                  "entityName": "cr420_subjectvisits",
                  "fetchXml": "<fetch version=\"1.0\" output-format=\"xml-platform\" mapping=\"logical\" distinct=\"false\">\n  <entity name=\"cr420_subjectvisit\">\n        <filter type=\"and\">\n      <condition attribute=\"new_studysitesubjectid\" operator=\"eq\"  value=\"@{triggerOutputs()?['body/new_studysitesubjectsid']}\" />\n      <condition attribute=\"mib_visitschedule\" operator=\"eq\"  value=\"@{triggerOutputs()?['body/_mib_activevisitschedule_value']}\" />\n      <condition attribute=\"mib_arm\" operator=\"eq\"  value=\"@{triggerOutputs()?['body/_new_studyarm_value']}\" />\n      <condition attribute=\"mib_definedvisit\" operator=\"eq\"  value=\"@{outputs('Get_a_row_by_ID_-_Defined_Visit')?['body/mib_definedvisitsid']}\" />\n    </filter>\n    <link-entity name=\"new_studyvisit\" from=\"new_studyvisitid\" to=\"new_armvisit\" visible=\"false\" link-type=\"outer\" alias=\"a_1a8b1f94a7b7eb118236002248218473\">\n      <attribute name=\"new_visitwindow\" />\n      <attribute name=\"new_visitname\" />\n    </link-entity>\n  </entity>\n</fetch>"
                },
                "authentication": "@parameters('$authentication')"
              }
            },
            "Condition_-_Actual_visit_record_found_or_not": {
              "actions": {
                "Condition_-_Planned_Date_empty_or_not": {
                  "actions": {
                    "Add_a_new_row_-_Actual_Visits_without_planned_date": {
                      "runAfter": {},
                      "metadata": {
                        "operationMetadataId": "59291ac5-7bf8-4483-8a79-5c736cb3e7ab"
                      },
                      "type": "OpenApiConnection",
                      "inputs": {
                        "host": {
                          "connectionName": "shared_commondataserviceforapps",
                          "operationId": "CreateRecord",
                          "apiId": "/providers/Microsoft.PowerApps/apis/shared_commondataserviceforapps"
                        },
                        "parameters": {
                          "entityName": "cr420_subjectvisits",
                          "item/new_StudySiteSubject@odata.bind": "/new_studysitesubjectses(@{triggerOutputs()?['body/new_studysitesubjectsid']})",
                          "item/mib_arm@odata.bind": "/new_arms(@{items('Apply_to_each_-_ARM_Visits')?['_mib_armid_value']})",
                          "item/mib_definedvisit@odata.bind": "/mib_definedvisitses(@{outputs('Get_a_row_by_ID_-_Defined_Visit')?['body/mib_definedvisitsid']})",
                          "item/mib_expedited": "@outputs('Get_a_row_by_ID_-_Defined_Visit')?['body/mib_expedited']",
                          "item/new_StudySiteSubjectId@odata.bind": "/new_studysitesubjectses(@{triggerOutputs()?['body/new_studysitesubjectsid']})",
                          "item/mib_tatdays": "@outputs('Get_a_row_by_ID_-_Defined_Visit')?['body/mib_tatdays']",
                          "item/cr420_visitname": "@outputs('Get_a_row_by_ID_-_Defined_Visit')?['body/mib_name']",
                          "item/mib_visitschedule@odata.bind": "/mib_expectedvisitschedules(@{triggerOutputs()?['body/_mib_activevisitschedule_value']})",
                          "item/cr420_visitwindow": "@outputs('Get_a_row_by_ID_-_Defined_Visit')?['body/mib_visitwindow']"
                        },
                        "authentication": "@parameters('$authentication')"
                      }
                    }
                  },
                  "runAfter": {},
                  "else": {
                    "actions": {
                      "Condition_-_Schedule_Type_is_2_or_not": {
                        "actions": {
                          "Add_a_new_row_-_Actual_Visits_with_planned_date_2": {
                            "runAfter": {},
                            "metadata": {
                              "operationMetadataId": "f06f117a-be4a-447f-ae7e-19ab70b9c3b1"
                            },
                            "type": "OpenApiConnection",
                            "inputs": {
                              "host": {
                                "connectionName": "shared_commondataserviceforapps",
                                "operationId": "CreateRecord",
                                "apiId": "/providers/Microsoft.PowerApps/apis/shared_commondataserviceforapps"
                              },
                              "parameters": {
                                "entityName": "cr420_subjectvisits",
                                "item/new_StudySiteSubject@odata.bind": "/new_studysitesubjectses(@{triggerOutputs()?['body/new_studysitesubjectsid']})",
                                "item/mib_arm@odata.bind": "/new_arms(@{items('Apply_to_each_-_ARM_Visits')?['_mib_armid_value']})",
                                "item/mib_definedvisit@odata.bind": "/mib_definedvisitses(@{outputs('Get_a_row_by_ID_-_Defined_Visit')?['body/mib_definedvisitsid']})",
                                "item/mib_expedited": "@outputs('Get_a_row_by_ID_-_Defined_Visit')?['body/mib_expedited']",
                                "item/new_StudySiteSubjectId@odata.bind": "/new_studysitesubjectses(@{triggerOutputs()?['body/new_studysitesubjectsid']})",
                                "item/mib_tatdays": "@outputs('Get_a_row_by_ID_-_Defined_Visit')?['body/mib_tatdays']",
                                "item/cr420_visitname": "@outputs('Get_a_row_by_ID_-_Defined_Visit')?['body/mib_name']",
                                "item/mib_visitschedule@odata.bind": "/mib_expectedvisitschedules(@{triggerOutputs()?['body/_mib_activevisitschedule_value']})",
                                "item/cr420_visitwindow": "@outputs('Get_a_row_by_ID_-_Defined_Visit')?['body/mib_visitwindow']"
                              },
                              "authentication": "@parameters('$authentication')"
                            }
                          }
                        },
                        "runAfter": {},
                        "else": {
                          "actions": {
                            "Add_a_new_row_-_Actual_Visits_with_planned_date": {
                              "runAfter": {},
                              "metadata": {
                                "operationMetadataId": "f06f117a-be4a-447f-ae7e-19ab70b9c3b1"
                              },
                              "type": "OpenApiConnection",
                              "inputs": {
                                "host": {
                                  "connectionName": "shared_commondataserviceforapps",
                                  "operationId": "CreateRecord",
                                  "apiId": "/providers/Microsoft.PowerApps/apis/shared_commondataserviceforapps"
                                },
                                "parameters": {
                                  "entityName": "cr420_subjectvisits",
                                  "item/new_StudySiteSubject@odata.bind": "/new_studysitesubjectses(@{triggerOutputs()?['body/new_studysitesubjectsid']})",
                                  "item/mib_arm@odata.bind": "/new_arms(@{items('Apply_to_each_-_ARM_Visits')?['_mib_armid_value']})",
                                  "item/mib_definedvisit@odata.bind": "/mib_definedvisitses(@{outputs('Get_a_row_by_ID_-_Defined_Visit')?['body/mib_definedvisitsid']})",
                                  "item/mib_expedited": "@outputs('Get_a_row_by_ID_-_Defined_Visit')?['body/mib_expedited']",
                                  "item/cr420_planneddate": "@formatDateTime(addDays(variables('PlannedDate'),variables('DaysSince')), 'MM-dd-yyyy')",
                                  "item/new_StudySiteSubjectId@odata.bind": "/new_studysitesubjectses(@{triggerOutputs()?['body/new_studysitesubjectsid']})",
                                  "item/mib_tatdays": "@outputs('Get_a_row_by_ID_-_Defined_Visit')?['body/mib_tatdays']",
                                  "item/cr420_visitname": "@outputs('Get_a_row_by_ID_-_Defined_Visit')?['body/mib_name']",
                                  "item/mib_visitschedule@odata.bind": "/mib_expectedvisitschedules(@{triggerOutputs()?['body/_mib_activevisitschedule_value']})",
                                  "item/cr420_visitwindow": "@outputs('Get_a_row_by_ID_-_Defined_Visit')?['body/mib_visitwindow']"
                                },
                                "authentication": "@parameters('$authentication')"
                              }
                            }
                          }
                        },
                        "expression": {
                          "equals": [
                            "@outputs('Get_a_row_by_ID_-_Defined_Visit')?['body/mib_scheduledvisit']",
                            2
                          ]
                        },
                        "metadata": {
                          "operationMetadataId": "d41f2429-3aa7-4515-b433-1637e374f21f"
                        },
                        "type": "If"
                      }
                    }
                  },
                  "expression": {
                    "or": [
                      {
                        "equals": [
                          "@empty(variables('PlannedDate'))",
                          "@true"
                        ]
                      },
                      {
                        "equals": [
                          "@variables('PlannedDate')",
                          "@null"
                        ]
                      }
                    ]
                  },
                  "metadata": {
                    "operationMetadataId": "c94bae69-6160-4c02-afbb-12602d1c3d71"
                  },
                  "type": "If"
                }
              },
              "runAfter": {
                "List_rows_-_Actual_Visit_is_present_or_not": [
                  "Succeeded"
                ]
              },
              "expression": {
                "equals": [
                  "@empty(outputs('List_rows_-_Actual_Visit_is_present_or_not')?['body/value'])",
                  "@true"
                ]
              },
              "metadata": {
                "operationMetadataId": "7d859b30-3c21-44f2-9b0f-f1ea78b85e06"
              },
              "type": "If"
            },
            "Set_variable_-_PlannedDate_set_to_null": {
              "runAfter": {
                "Get_a_row_by_ID_-_Defined_Visit": [
                  "Succeeded"
                ]
              },
              "metadata": {
                "operationMetadataId": "d7793587-65e6-44f5-aba3-69c294c38d83"
              },
              "type": "SetVariable",
              "inputs": {
                "name": "PlannedDate",
                "value": "@{null}"
              }
            },
            "Condition_-_SchedulingDateType_value_in_record": {
              "actions": {},
              "runAfter": {
                "Set_variable_-_PlannedDate_set_to_null": [
                  "Succeeded"
                ]
              },
              "else": {
                "actions": {
                  "Set_variable_-_DefinedVisitScheduledType": {
                    "runAfter": {},
                    "metadata": {
                      "operationMetadataId": "a90bebc5-0515-4663-ac66-af8de47a3861"
                    },
                    "type": "SetVariable",
                    "inputs": {
                      "name": "DefinedVisitScheduledType",
                      "value": "@outputs('Get_a_row_by_ID_-_Defined_Visit')?['body/mib_schedulingvatetype']"
                    }
                  },
                  "Switch_-_DefinedVisitScheduledType": {
                    "runAfter": {
                      "Set_variable_-_DefinedVisitScheduledType": [
                        "Succeeded"
                      ]
                    },
                    "cases": {
                      "Case_-_Baseline_Date": {
                        "case": 1,
                        "actions": {
                          "Set_variable_-_PlannedDate": {
                            "runAfter": {},
                            "type": "SetVariable",
                            "inputs": {
                              "name": "PlannedDate",
                              "value": "@{if(empty(triggerOutputs()?['body/new_baselinedate']), null, formatDateTime(addDays(triggerOutputs()?['body/new_baselinedate'], 1), 'MM-dd-yyyy'))}"
                            }
                          }
                        }
                      },
                      "Case_-_Treatement": {
                        "case": 3,
                        "actions": {
                          "Set_variable_9": {
                            "runAfter": {},
                            "type": "SetVariable",
                            "inputs": {
                              "name": "PlannedDate",
                              "value": "@{if(empty(triggerOutputs()?['body/new_dosingdate']), null, formatDateTime(addDays(triggerOutputs()?['body/new_dosingdate'], 1), 'MM-dd-yyyy'))}"
                            }
                          }
                        }
                      },
                      "Case_-_Enrollment": {
                        "case": 4,
                        "actions": {
                          "Set_variable_10": {
                            "runAfter": {},
                            "type": "SetVariable",
                            "inputs": {
                              "name": "PlannedDate",
                              "value": "@{if(empty(triggerOutputs()?['body/new_enrollmentdate']), null, formatDateTime(addDays(triggerOutputs()?['body/new_enrollmentdate'], 1), 'MM-dd-yyyy'))}"
                            }
                          }
                        }
                      },
                      "Case_-_Randomization": {
                        "case": 6,
                        "actions": {
                          "Set_variable_11": {
                            "runAfter": {},
                            "type": "SetVariable",
                            "inputs": {
                              "name": "PlannedDate",
                              "value": "@{if(empty(triggerOutputs()?['body/new_randomizationdate']), null, formatDateTime(addDays(triggerOutputs()?['body/new_randomizationdate'], 1), 'MM-dd-yyyy'))}"
                            }
                          }
                        }
                      },
                      "Case_-_Re_baseline": {
                        "case": 7,
                        "actions": {
                          "Set_variable_12": {
                            "runAfter": {},
                            "type": "SetVariable",
                            "inputs": {
                              "name": "PlannedDate",
                              "value": "@{if(empty(triggerOutputs()?['body/new_baselinedate']), null, formatDateTime(addDays(triggerOutputs()?['body/new_baselinedate'], 1), 'MM-dd-yyyy'))}"
                            }
                          }
                        }
                      },
                      "Case_-_Re_screening": {
                        "case": 8,
                        "actions": {
                          "Set_variable_13": {
                            "runAfter": {},
                            "type": "SetVariable",
                            "inputs": {
                              "name": "PlannedDate",
                              "value": "@{if(empty(triggerOutputs()?['body/new_screeningdate']), null, formatDateTime(addDays(triggerOutputs()?['body/new_screeningdate'], 1), 'MM-dd-yyyy'))}"
                            }
                          }
                        }
                      },
                      "Case_-_Re_treatment": {
                        "case": 9,
                        "actions": {
                          "Set_variable_14": {
                            "runAfter": {},
                            "type": "SetVariable",
                            "inputs": {
                              "name": "PlannedDate",
                              "value": "@{if(empty(triggerOutputs()?['body/new_dosingdate']), null, formatDateTime(addDays(triggerOutputs()?['body/new_dosingdate'], 1), 'MM-dd-yyyy'))}"
                            }
                          }
                        }
                      },
                      "Case_-_Scheduling": {
                        "case": 10,
                        "actions": {
                          "Set_variable_15": {
                            "runAfter": {},
                            "type": "SetVariable",
                            "inputs": {
                              "name": "PlannedDate",
                              "value": "@{if(empty(triggerOutputs()?['body/new_schedulingdate']), null, formatDateTime(addDays(triggerOutputs()?['body/new_schedulingdate'], 1), 'MM-dd-yyyy'))}"
                            }
                          }
                        }
                      },
                      "Case_-_Screening": {
                        "case": 11,
                        "actions": {
                          "Set_variable_16": {
                            "runAfter": {},
                            "type": "SetVariable",
                            "inputs": {
                              "name": "PlannedDate",
                              "value": "@{if(empty(triggerOutputs()?['body/new_screeningdate']), null, formatDateTime(addDays(triggerOutputs()?['body/new_screeningdate'], 1), 'MM-dd-yyyy'))}"
                            }
                          }
                        }
                      }
                    },
                    "default": {
                      "actions": {}
                    },
                    "expression": "@variables('DefinedVisitScheduledType')",
                    "metadata": {
                      "operationMetadataId": "21b53288-576d-4df7-aae5-1a18c0da10f8"
                    },
                    "type": "Switch"
                  }
                }
              },
              "expression": {
                "or": [
                  {
                    "equals": [
                      "@outputs('Get_a_row_by_ID_-_Defined_Visit')?['body/mib_schedulingvatetype']",
                      "@null"
                    ]
                  },
                  {
                    "equals": [
                      "@outputs('Get_a_row_by_ID_-_Defined_Visit')?['body/mib_schedulingvatetype']",
                      ""
                    ]
                  }
                ]
              },
              "metadata": {
                "operationMetadataId": "bc2ad4e8-61d6-47b2-b7b2-2cd940a1113b"
              },
              "type": "If"
            },
            "Condition": {
              "actions": {},
              "runAfter": {
                "Condition_-_SchedulingDateType_value_in_record": [
                  "Succeeded"
                ]
              },
              "else": {
                "actions": {
                  "Set_variable_-_DaysSince": {
                    "runAfter": {},
                    "metadata": {
                      "operationMetadataId": "d9911d1e-b1dd-48ff-bc77-13f072c323f2"
                    },
                    "type": "SetVariable",
                    "inputs": {
                      "name": "DaysSince",
                      "value": "@outputs('Get_a_row_by_ID_-_Defined_Visit')?['body/mib_tolerancedays']"
                    }
                  }
                }
              },
              "expression": {
                "or": [
                  {
                    "equals": [
                      "@outputs('Get_a_row_by_ID_-_Defined_Visit')?['body/mib_tolerancedays']",
                      "@null"
                    ]
                  },
                  {
                    "equals": [
                      "@outputs('Get_a_row_by_ID_-_Defined_Visit')?['body/mib_tolerancedays']",
                      ""
                    ]
                  }
                ]
              },
              "metadata": {
                "operationMetadataId": "7ae1f85f-dbae-4b41-b13b-443f72996644"
              },
              "type": "If"
            }
          },
          "runAfter": {
            "Condition_-_ARM_Visits_count_greater_than_0": [
              "Succeeded"
            ]
          },
          "metadata": {
            "operationMetadataId": "6310443d-9c07-449d-8548-10a8c27ce335"
          },
          "type": "Foreach"
        },
        "Get_a_row_by_ID_-_ARM_Visit_record_as_First_Visit": {
          "runAfter": {
            "Initialize_variable_-_DaysSince": [
              "Succeeded"
            ]
          },
          "metadata": {
            "operationMetadataId": "237ef7ad-789e-4d3c-bfbb-879fc4845b5f"
          },
          "type": "OpenApiConnection",
          "inputs": {
            "host": {
              "connectionName": "shared_commondataserviceforapps",
              "operationId": "GetItem",
              "apiId": "/providers/Microsoft.PowerApps/apis/shared_commondataserviceforapps"
            },
            "parameters": {
              "entityName": "mib_expectedarmvisits",
              "recordId": "@triggerOutputs()?['body/_mib_firstvisit_value']"
            },
            "authentication": "@parameters('$authentication')"
          }
        },
        "Condition_-_ARM_Visits_count_greater_than_0": {
          "actions": {
            "List_rows_-_Actual_Visits_by_Subject_and_Planned_date_is_not_set": {
              "runAfter": {},
              "metadata": {
                "operationMetadataId": "7faf61c4-6a58-4eb9-ae5f-6f38ba3f36b8"
              },
              "type": "OpenApiConnection",
              "inputs": {
                "host": {
                  "connectionName": "shared_commondataserviceforapps",
                  "operationId": "ListRecords",
                  "apiId": "/providers/Microsoft.PowerApps/apis/shared_commondataserviceforapps"
                },
                "parameters": {
                  "entityName": "cr420_subjectvisits",
                  "$filter": "_new_studysitesubjectid_value eq '@{triggerOutputs()?['body/new_studysitesubjectsid']}' and cr420_planneddate gt '@{variables('CurrentDate')}'"
                },
                "authentication": "@parameters('$authentication')"
              }
            },
            "Apply_to_each": {
              "foreach": "@outputs('List_rows_-_Actual_Visits_by_Subject_and_Planned_date_is_not_set')?['body/value']",
              "actions": {
                "Update_a_row_-_Actual_Visit": {
                  "runAfter": {},
                  "metadata": {
                    "operationMetadataId": "5213da58-0c58-4a9b-9ad6-5e5a798aea89"
                  },
                  "type": "OpenApiConnection",
                  "inputs": {
                    "host": {
                      "connectionName": "shared_commondataserviceforapps",
                      "operationId": "UpdateRecord",
                      "apiId": "/providers/Microsoft.PowerApps/apis/shared_commondataserviceforapps"
                    },
                    "parameters": {
                      "entityName": "cr420_subjectvisits",
                      "recordId": "@items('Apply_to_each')?['cr420_subjectvisitid']",
                      "item/mib_isvisitskipped": true
                    },
                    "authentication": "@parameters('$authentication')"
                  }
                }
              },
              "runAfter": {
                "List_rows_-_Actual_Visits_by_Subject_and_Planned_date_is_not_set": [
                  "Succeeded"
                ]
              },
              "metadata": {
                "operationMetadataId": "2083707a-bbda-4116-afe8-122dee5d7d23"
              },
              "type": "Foreach"
            }
          },
          "runAfter": {
            "List_rows_-_ARM_Visits_for_Expected_Visit_Schedule": [
              "Succeeded"
            ]
          },
          "expression": {
            "greater": [
              "@length(outputs('List_rows_-_ARM_Visits_for_Expected_Visit_Schedule')?['body/value'])",
              0
            ]
          },
          "metadata": {
            "operationMetadataId": "75a3b3b8-e8fa-4fe4-852a-3cdea7d74ac3"
          },
          "type": "If"
        },
        "Initialize_variable_-_CurrentDate": {
          "runAfter": {},
          "metadata": {
            "operationMetadataId": "baeb55b9-0605-48cf-bfd8-e54e39a64664"
          },
          "type": "InitializeVariable",
          "inputs": {
            "variables": [
              {
                "name": "CurrentDate",
                "type": "string",
                "value": "@{formatDateTime(utcNow(),'MM/dd/yyyy')}"
              }
            ]
          }
        },
        "Initialize_variable_-_DefinedVisitScheduledType": {
          "runAfter": {
            "Initialize_variable_-_CurrentDate": [
              "Succeeded"
            ]
          },
          "metadata": {
            "operationMetadataId": "8588753b-adf9-4047-b983-a36fbbc0ed66"
          },
          "type": "InitializeVariable",
          "inputs": {
            "variables": [
              {
                "name": "DefinedVisitScheduledType",
                "type": "integer"
              }
            ]
          }
        },
        "Initialize_variable_-_PlannedDate": {
          "runAfter": {
            "Initialize_variable_-_DefinedVisitScheduledType": [
              "Succeeded"
            ]
          },
          "metadata": {
            "operationMetadataId": "7ce6d3cd-cd8c-4890-827d-d088765c0d4d"
          },
          "type": "InitializeVariable",
          "inputs": {
            "variables": [
              {
                "name": "PlannedDate",
                "type": "string"
              }
            ]
          }
        },
        "Initialize_variable_-_DaysSince": {
          "runAfter": {
            "Initialize_variable_-_PlannedDate": [
              "Succeeded"
            ]
          },
          "metadata": {
            "operationMetadataId": "0520a397-80a5-4b28-b4e1-430cef0a0f38"
          },
          "type": "InitializeVariable",
          "inputs": {
            "variables": [
              {
                "name": "DaysSince",
                "type": "integer"
              }
            ]
          }
        }
      },
      "outputs": {}
    }
  },
  "schemaVersion": "1.0.0.0"
}