{
  "properties": {
    "connectionReferences": {
      "shared_excelonlinebusiness_1": {
        "runtimeSource": "embedded",
        "connection": {
          "connectionReferenceLogicalName": "mib_sharedexcelonlinebusiness_da9e7"
        },
        "api": {
          "name": "shared_excelonlinebusiness"
        }
      },
      "shared_commondataserviceforapps": {
        "runtimeSource": "embedded",
        "connection": {
          "connectionReferenceLogicalName": "mib_MicrosoftDataverseMIBAdmin"
        },
        "api": {
          "name": "shared_commondataserviceforapps"
        }
      }
    },
    "definition": {
      "$schema": "https://schema.management.azure.com/providers/Microsoft.Logic/schemas/2016-06-01/workflowdefinition.json#",
      "contentVersion": "1.0.0.0",
      "parameters": {
        "$connections": {
          "defaultValue": {},
          "type": "Object"
        },
        "$authentication": {
          "defaultValue": {},
          "type": "SecureObject"
        }
      },
      "triggers": {
        "manual": {
          "metadata": {
            "operationMetadataId": "68c36daf-48f9-4f07-ae50-0f06be21ac47"
          },
          "type": "Request",
          "kind": "Button",
          "inputs": {
            "schema": {
              "type": "object",
              "properties": {},
              "required": []
            }
          }
        }
      },
      "actions": {
        "Initialize_Count_variable": {
          "runAfter": {},
          "metadata": {
            "operationMetadataId": "b80c111d-7b8f-4fe2-abf2-11efde8bdbc1"
          },
          "type": "InitializeVariable",
          "inputs": {
            "variables": [
              {
                "name": "Count",
                "type": "integer",
                "value": 0
              }
            ]
          }
        },
        "Initialize_Found_variable": {
          "runAfter": {
            "Initialize_Count_variable": [
              "Succeeded"
            ]
          },
          "metadata": {
            "operationMetadataId": "9159cb24-ed64-4c02-b305-e83d665f0c2e"
          },
          "type": "InitializeVariable",
          "inputs": {
            "variables": [
              {
                "name": "Found",
                "type": "boolean",
                "value": "@false"
              }
            ]
          }
        },
        "List_rows_present_in_a_table_Indication": {
          "runAfter": {
            "Initialize_Found_variable": [
              "Succeeded"
            ]
          },
          "metadata": {
            "operationMetadataId": "59c9cb4a-843e-4cfc-9c95-dae8ff105a86",
            "tableId": "{1A789063-726E-4527-9D7C-0A99475133BB}",
            "013WMGANSQQVCCUSBZZZEYBAJ736P4LVQH": "/SeedData/Seed Data.xlsx"
          },
          "type": "OpenApiConnection",
          "inputs": {
            "host": {
              "connectionName": "shared_excelonlinebusiness_1",
              "operationId": "GetItems",
              "apiId": "/providers/Microsoft.PowerApps/apis/shared_excelonlinebusiness"
            },
            "parameters": {
              "source": "sites/calyxai.sharepoint.com,064775f8-bc98-4629-a7d8-28cb3a2a6772,fe060b99-8e6f-488c-b3ad-2dabdcbe3aef",
              "drive": "b!-HVHBpi8KUan2CjLOipncpkLBv5vjoxIs60tq9y-Ou9ksSalfhzNS61bf2cQ27xW",
              "file": "013WMGANSQQVCCUSBZZZEYBAJ736P4LVQH",
              "table": "{1A789063-726E-4527-9D7C-0A99475133BB}"
            },
            "authentication": {
              "type": "Raw",
              "value": "@json(decodeBase64(triggerOutputs().headers['X-MS-APIM-Tokens']))['$ConnectionKey']"
            }
          }
        },
        "Foreach_Indication": {
          "foreach": "@outputs('List_rows_present_in_a_table_Indication')?['body/value']",
          "actions": {
            "Set_Found_variable_to_false": {
              "runAfter": {},
              "metadata": {
                "operationMetadataId": "73e212a2-058a-4fc6-ade6-80728201fc54"
              },
              "type": "SetVariable",
              "inputs": {
                "name": "Found",
                "value": "@false"
              }
            },
            "List_rows_Indication": {
              "runAfter": {
                "Set_Found_variable_to_false": [
                  "Succeeded"
                ]
              },
              "metadata": {
                "operationMetadataId": "59044be8-1645-48bc-81a9-fa337c5872e9"
              },
              "type": "OpenApiConnection",
              "inputs": {
                "host": {
                  "connectionName": "shared_commondataserviceforapps",
                  "operationId": "ListRecords",
                  "apiId": "/providers/Microsoft.PowerApps/apis/shared_commondataserviceforapps"
                },
                "parameters": {
                  "entityName": "mib_indications",
                  "$filter": "mib_name eq '@{replace(items('Foreach_Indication')?['Name'],'''','''''')}'"
                },
                "authentication": {
                  "type": "Raw",
                  "value": "@json(decodeBase64(triggerOutputs().headers['X-MS-APIM-Tokens']))['$ConnectionKey']"
                }
              }
            },
            "Foreach_Found_Indication": {
              "foreach": "@outputs('List_rows_Indication')?['body/value']",
              "actions": {
                "Set__Found_variable_to_true": {
                  "runAfter": {},
                  "metadata": {
                    "operationMetadataId": "9d430c1f-62cd-436e-9a4f-4faeffb3cd4c"
                  },
                  "type": "SetVariable",
                  "inputs": {
                    "name": "Found",
                    "value": "@true"
                  }
                }
              },
              "runAfter": {
                "List_rows_Indication": [
                  "Succeeded"
                ]
              },
              "metadata": {
                "operationMetadataId": "332d7f30-1cb7-464c-a0e6-cffe112ca383"
              },
              "type": "Foreach"
            },
            "If_Found_equal_to_false_then_add_Indication": {
              "actions": {
                "Add_a_new_Indication": {
                  "runAfter": {},
                  "metadata": {
                    "operationMetadataId": "25796d28-5280-49ff-9a84-13c728a402e8"
                  },
                  "type": "OpenApiConnection",
                  "inputs": {
                    "host": {
                      "connectionName": "shared_commondataserviceforapps",
                      "operationId": "CreateRecord",
                      "apiId": "/providers/Microsoft.PowerApps/apis/shared_commondataserviceforapps"
                    },
                    "parameters": {
                      "entityName": "mib_indications",
                      "item/mib_name": "@items('Foreach_Indication')?['Name']"
                    },
                    "authentication": {
                      "type": "Raw",
                      "value": "@json(decodeBase64(triggerOutputs().headers['X-MS-APIM-Tokens']))['$ConnectionKey']"
                    }
                  }
                },
                "Increment_Count__variable_by_one": {
                  "runAfter": {
                    "Add_a_new_Indication": [
                      "Succeeded"
                    ]
                  },
                  "metadata": {
                    "operationMetadataId": "eef7bc89-c65d-4d89-a42e-d30fea335474"
                  },
                  "type": "IncrementVariable",
                  "inputs": {
                    "name": "Count",
                    "value": 1
                  }
                }
              },
              "runAfter": {
                "Foreach_Found_Indication": [
                  "Succeeded"
                ]
              },
              "expression": {
                "equals": [
                  "@variables('Found')",
                  "@false"
                ]
              },
              "metadata": {
                "operationMetadataId": "92e52fb8-df28-4791-a6aa-bcd13e7ede50"
              },
              "type": "If"
            }
          },
          "runAfter": {
            "List_rows_present_in_a_table_Indication": [
              "Succeeded"
            ]
          },
          "metadata": {
            "operationMetadataId": "f64f1934-948b-467f-90a5-ee7bd07a9d1e"
          },
          "type": "Foreach"
        },
        "Response": {
          "runAfter": {
            "Foreach_Indication": [
              "Succeeded"
            ]
          },
          "metadata": {
            "operationMetadataId": "d4061b0c-440e-4798-b570-aefc73feb6ea"
          },
          "type": "Response",
          "kind": "Http",
          "inputs": {
            "statusCode": 200,
            "body": {
              "DateTime": "@utcnow()",
              "Count": "@variables('Count')"
            }
          }
        }
      }
    }
  },
  "schemaVersion": "1.0.0.0"
}