{
  "properties": {
    "connectionReferences": {
      "shared_excelonlinebusiness": {
        "runtimeSource": "embedded",
        "connection": {
          "connectionReferenceLogicalName": "mib_sharedexcelonlinebusiness_da9e7"
        },
        "api": {
          "name": "shared_excelonlinebusiness"
        }
      },
      "shared_commondataserviceforapps": {
        "runtimeSource": "embedded",
        "connection": {
          "connectionReferenceLogicalName": "mib_MicrosoftDataverseMIBAdmin"
        },
        "api": {
          "name": "shared_commondataserviceforapps"
        }
      }
    },
    "definition": {
      "$schema": "https://schema.management.azure.com/providers/Microsoft.Logic/schemas/2016-06-01/workflowdefinition.json#",
      "contentVersion": "1.0.0.0",
      "parameters": {
        "$connections": {
          "defaultValue": {},
          "type": "Object"
        },
        "$authentication": {
          "defaultValue": {},
          "type": "SecureObject"
        }
      },
      "triggers": {
        "manual": {
          "metadata": {
            "operationMetadataId": "47620b38-b444-4b0f-ae1c-ad78e7c98119"
          },
          "type": "Request",
          "kind": "Button",
          "inputs": {
            "schema": {
              "type": "object",
              "properties": {},
              "required": []
            }
          }
        }
      },
      "actions": {
        "Initialize__Count_variable": {
          "runAfter": {},
          "metadata": {
            "operationMetadataId": "95f8aff7-e827-4458-8877-a6cfcb439c70"
          },
          "type": "InitializeVariable",
          "inputs": {
            "variables": [
              {
                "name": "Count",
                "type": "integer",
                "value": 0
              }
            ]
          }
        },
        "Initialize_Found__variable": {
          "runAfter": {
            "Initialize__Count_variable": [
              "Succeeded"
            ]
          },
          "metadata": {
            "operationMetadataId": "3c15cec8-f7ac-432b-a05e-b00da91b1019"
          },
          "type": "InitializeVariable",
          "inputs": {
            "variables": [
              {
                "name": "Found",
                "type": "boolean",
                "value": "@false"
              }
            ]
          }
        },
        "List_rows_present_in_Academic_Criteria": {
          "runAfter": {
            "Initialize_Found__variable": [
              "Succeeded"
            ]
          },
          "metadata": {
            "operationMetadataId": "e9892df3-2387-47f2-8b70-bcf0371689e6",
            "tableId": "{2D5A2FFF-39B0-45F6-B8B1-066C81A9438A}",
            "013WMGANSQQVCCUSBZZZEYBAJ736P4LVQH": "/SeedData/Seed Data.xlsx"
          },
          "type": "OpenApiConnection",
          "inputs": {
            "host": {
              "connectionName": "shared_excelonlinebusiness",
              "operationId": "GetItems",
              "apiId": "/providers/Microsoft.PowerApps/apis/shared_excelonlinebusiness"
            },
            "parameters": {
              "source": "sites/calyxai.sharepoint.com,064775f8-bc98-4629-a7d8-28cb3a2a6772,fe060b99-8e6f-488c-b3ad-2dabdcbe3aef",
              "drive": "b!-HVHBpi8KUan2CjLOipncpkLBv5vjoxIs60tq9y-Ou9ksSalfhzNS61bf2cQ27xW",
              "file": "013WMGANSQQVCCUSBZZZEYBAJ736P4LVQH",
              "table": "{2D5A2FFF-39B0-45F6-B8B1-066C81A9438A}"
            },
            "authentication": {
              "type": "Raw",
              "value": "@json(decodeBase64(triggerOutputs().headers['X-MS-APIM-Tokens']))['$ConnectionKey']"
            }
          }
        },
        "Foreach_Academic_Criteria": {
          "foreach": "@outputs('List_rows_present_in_Academic_Criteria')?['body/value']",
          "actions": {
            "Set_Found_variable_to_false": {
              "runAfter": {},
              "metadata": {
                "operationMetadataId": "73e212a2-058a-4fc6-ade6-80728201fc54"
              },
              "type": "SetVariable",
              "inputs": {
                "name": "Found",
                "value": "@false"
              }
            },
            "List_rows_Academic_Criteria": {
              "runAfter": {
                "Set_Found_variable_to_false": [
                  "Succeeded"
                ]
              },
              "metadata": {
                "operationMetadataId": "100727c2-0df5-4c1a-81a6-3ff72a9fce98"
              },
              "type": "OpenApiConnection",
              "inputs": {
                "host": {
                  "connectionName": "shared_commondataserviceforapps",
                  "operationId": "ListRecords",
                  "apiId": "/providers/Microsoft.PowerApps/apis/shared_commondataserviceforapps"
                },
                "parameters": {
                  "entityName": "mib_academiccriterias",
                  "$filter": "mib_name eq '@{replace(items('Foreach_Academic_Criteria')?['Name'],'''','''''')}'"
                },
                "authentication": {
                  "type": "Raw",
                  "value": "@json(decodeBase64(triggerOutputs().headers['X-MS-APIM-Tokens']))['$ConnectionKey']"
                }
              }
            },
            "Foreach_Found_Academic_Criteria": {
              "foreach": "@outputs('List_rows_Academic_Criteria')?['body/value']",
              "actions": {
                "Set__Found_variable_to_true": {
                  "runAfter": {},
                  "metadata": {
                    "operationMetadataId": "9d430c1f-62cd-436e-9a4f-4faeffb3cd4c"
                  },
                  "type": "SetVariable",
                  "inputs": {
                    "name": "Found",
                    "value": "@true"
                  }
                }
              },
              "runAfter": {
                "List_rows_Academic_Criteria": [
                  "Succeeded"
                ]
              },
              "metadata": {
                "operationMetadataId": "fbe9efc0-53b6-4696-afdf-ed0b4193b1a4"
              },
              "type": "Foreach"
            },
            "If_Found_equal_to_false_then_add_Academic_Criteria": {
              "actions": {
                "Add_a_new_Academic_Criterias": {
                  "runAfter": {},
                  "metadata": {
                    "operationMetadataId": "4a71df9a-ed3b-4894-8de6-215c878ba2ff"
                  },
                  "type": "OpenApiConnection",
                  "inputs": {
                    "host": {
                      "connectionName": "shared_commondataserviceforapps",
                      "operationId": "CreateRecord",
                      "apiId": "/providers/Microsoft.PowerApps/apis/shared_commondataserviceforapps"
                    },
                    "parameters": {
                      "entityName": "mib_academiccriterias",
                      "item/mib_name": "@items('Foreach_Academic_Criteria')?['Name']"
                    },
                    "authentication": {
                      "type": "Raw",
                      "value": "@json(decodeBase64(triggerOutputs().headers['X-MS-APIM-Tokens']))['$ConnectionKey']"
                    }
                  }
                },
                "Increment_Count__variable_by_one": {
                  "runAfter": {
                    "Add_a_new_Academic_Criterias": [
                      "Succeeded"
                    ]
                  },
                  "metadata": {
                    "operationMetadataId": "eef7bc89-c65d-4d89-a42e-d30fea335474"
                  },
                  "type": "IncrementVariable",
                  "inputs": {
                    "name": "Count",
                    "value": 1
                  }
                }
              },
              "runAfter": {
                "Foreach_Found_Academic_Criteria": [
                  "Succeeded"
                ]
              },
              "expression": {
                "equals": [
                  "@variables('Found')",
                  "@false"
                ]
              },
              "metadata": {
                "operationMetadataId": "92e52fb8-df28-4791-a6aa-bcd13e7ede50"
              },
              "type": "If"
            }
          },
          "runAfter": {
            "List_rows_present_in_Academic_Criteria": [
              "Succeeded"
            ]
          },
          "metadata": {
            "operationMetadataId": "49803d0b-9c01-4796-849e-9f180991e697"
          },
          "type": "Foreach"
        },
        "Response": {
          "runAfter": {
            "Foreach_Academic_Criteria": [
              "Succeeded"
            ]
          },
          "metadata": {
            "operationMetadataId": "d4061b0c-440e-4798-b570-aefc73feb6ea"
          },
          "type": "Response",
          "kind": "Http",
          "inputs": {
            "statusCode": 200,
            "body": {
              "DateTime": "@utcnow()",
              "Count": "@variables('Count')"
            }
          }
        }
      },
      "outputs": {}
    }
  },
  "schemaVersion": "1.0.0.0"
}