{
  "properties": {
    "connectionReferences": {
      "shared_excelonlinebusiness": {
        "runtimeSource": "embedded",
        "connection": {
          "connectionReferenceLogicalName": "mib_sharedexcelonlinebusiness_da9e7"
        },
        "api": {
          "name": "shared_excelonlinebusiness"
        }
      },
      "shared_commondataserviceforapps": {
        "impersonation": {},
        "runtimeSource": "embedded",
        "connection": {
          "connectionReferenceLogicalName": "mib_MicrosoftDataverseMIBAdmin"
        },
        "api": {
          "name": "shared_commondataserviceforapps"
        }
      }
    },
    "definition": {
      "$schema": "https://schema.management.azure.com/providers/Microsoft.Logic/schemas/2016-06-01/workflowdefinition.json#",
      "contentVersion": "1.0.0.0",
      "parameters": {
        "$connections": {
          "defaultValue": {},
          "type": "Object"
        },
        "$authentication": {
          "defaultValue": {},
          "type": "SecureObject"
        }
      },
      "triggers": {
        "manual": {
          "metadata": {
            "operationMetadataId": "597a9044-8b6f-4931-b299-7edd8aa51fe5"
          },
          "type": "Request",
          "kind": "Button",
          "inputs": {
            "schema": {
              "type": "object",
              "properties": {},
              "required": []
            }
          }
        }
      },
      "actions": {
        "Initialize_Count_variable": {
          "runAfter": {},
          "metadata": {
            "operationMetadataId": "7ca12675-852d-4f17-8216-915ea8afc5b1"
          },
          "type": "InitializeVariable",
          "inputs": {
            "variables": [
              {
                "name": "Count",
                "type": "integer",
                "value": 0
              }
            ]
          }
        },
        "List_rows_present_in_Site_Events_table": {
          "runAfter": {
            "Initialize_Found_variable": [
              "Succeeded"
            ]
          },
          "metadata": {
            "017E62MN6KUE7CKDGK5JFKCPJD6OYIHMJQ": "/Seed Data.xlsx",
            "tableId": "{096B54AB-1EA5-4E1C-93B2-967AC281EC3D}",
            "operationMetadataId": "969cfb20-1b7e-4897-a0a4-bcfe1c3f2b35",
            "013WMGANSQQVCCUSBZZZEYBAJ736P4LVQH": "/SeedData/Seed Data.xlsx"
          },
          "type": "OpenApiConnection",
          "inputs": {
            "host": {
              "apiId": "/providers/Microsoft.PowerApps/apis/shared_excelonlinebusiness",
              "connectionName": "shared_excelonlinebusiness",
              "operationId": "GetItems"
            },
            "parameters": {
              "source": "sites/calyxai.sharepoint.com,064775f8-bc98-4629-a7d8-28cb3a2a6772,fe060b99-8e6f-488c-b3ad-2dabdcbe3aef",
              "drive": "b!-HVHBpi8KUan2CjLOipncpkLBv5vjoxIs60tq9y-Ou9ksSalfhzNS61bf2cQ27xW",
              "file": "013WMGANSQQVCCUSBZZZEYBAJ736P4LVQH",
              "table": "{096B54AB-1EA5-4E1C-93B2-967AC281EC3D}"
            },
            "authentication": "@parameters('$authentication')"
          }
        },
        "Foreach_Site_Event": {
          "foreach": "@outputs('List_rows_present_in_Site_Events_table')?['body/value']",
          "actions": {
            "Foreach_Found_Site_Event": {
              "foreach": "@outputs('Find_Site_Event')?['body/value']",
              "actions": {
                "Set_Found_variable_to_true": {
                  "runAfter": {},
                  "metadata": {
                    "operationMetadataId": "7d7e836a-33ae-4bd5-91b0-29b3b515cc80"
                  },
                  "type": "SetVariable",
                  "inputs": {
                    "name": "Found",
                    "value": "@true"
                  }
                }
              },
              "runAfter": {
                "Find_Site_Event": [
                  "Succeeded"
                ]
              },
              "metadata": {
                "operationMetadataId": "2a9a35a4-681f-4d9b-9bf8-cf9f7e1b1728"
              },
              "type": "Foreach"
            },
            "Set_Found_variable_to_false": {
              "runAfter": {},
              "metadata": {
                "operationMetadataId": "8fb33679-4f60-4a78-a700-838d834083a4"
              },
              "type": "SetVariable",
              "inputs": {
                "name": "Found",
                "value": "@false"
              }
            },
            "Find_Site_Event": {
              "runAfter": {
                "Set_Found_variable_to_false": [
                  "Succeeded"
                ]
              },
              "metadata": {
                "operationMetadataId": "169c84d3-21a3-4c9c-9d46-338fb12aaad3"
              },
              "type": "OpenApiConnection",
              "inputs": {
                "host": {
                  "apiId": "/providers/Microsoft.PowerApps/apis/shared_commondataserviceforapps",
                  "connectionName": "shared_commondataserviceforapps",
                  "operationId": "ListRecords"
                },
                "parameters": {
                  "entityName": "mib_siteevents",
                  "$select": "mib_id",
                  "$filter": "mib_id eq '@{items('Foreach_Site_Event')?['ID']}'",
                  "$top": 1
                },
                "authentication": "@parameters('$authentication')"
              }
            },
            "If_Found_equals_false_then_add": {
              "actions": {
                "Add_Event_Site": {
                  "runAfter": {},
                  "metadata": {
                    "operationMetadataId": "e4db75bd-c135-457e-a13d-cb100e1bac8f"
                  },
                  "type": "OpenApiConnection",
                  "inputs": {
                    "host": {
                      "apiId": "/providers/Microsoft.PowerApps/apis/shared_commondataserviceforapps",
                      "connectionName": "shared_commondataserviceforapps",
                      "operationId": "CreateRecord"
                    },
                    "parameters": {
                      "entityName": "mib_siteevents",
                      "item/mib_eventname": "@items('Foreach_Site_Event')?['Name']",
                      "item/mib_id": "@items('Foreach_Site_Event')?['ID']"
                    },
                    "authentication": "@parameters('$authentication')"
                  }
                },
                "Increment_Count_variable_by_one": {
                  "runAfter": {
                    "Add_Event_Site": [
                      "Succeeded"
                    ]
                  },
                  "metadata": {
                    "operationMetadataId": "85e2186e-f89c-42cb-ad23-dfd4a713cb9a"
                  },
                  "type": "IncrementVariable",
                  "inputs": {
                    "name": "Count"
                  }
                }
              },
              "runAfter": {
                "Foreach_Found_Site_Event": [
                  "Succeeded"
                ]
              },
              "expression": {
                "equals": [
                  "@variables('Found')",
                  "@false"
                ]
              },
              "metadata": {
                "operationMetadataId": "c1f2401b-1326-45e8-b089-365a88f2f7fa"
              },
              "type": "If"
            }
          },
          "runAfter": {
            "List_rows_present_in_Site_Events_table": [
              "Succeeded"
            ]
          },
          "metadata": {
            "operationMetadataId": "63578a57-0085-4c0a-8c58-702f46263597"
          },
          "type": "Foreach",
          "runtimeConfiguration": {
            "concurrency": {
              "repetitions": 20
            }
          }
        },
        "Response": {
          "runAfter": {
            "Foreach_Site_Event": [
              "Succeeded"
            ]
          },
          "metadata": {
            "operationMetadataId": "ded93e54-fab2-45df-a895-8f8e96aa031c"
          },
          "type": "Response",
          "kind": "Http",
          "inputs": {
            "statusCode": 200,
            "body": {
              "DateTime": "@utcnow()",
              "Count": "@variables('Count')"
            }
          }
        },
        "Initialize_Found_variable": {
          "runAfter": {
            "Initialize_Count_variable": [
              "Succeeded"
            ]
          },
          "metadata": {
            "operationMetadataId": "b1f72972-a7b9-436f-8491-576c86c34089"
          },
          "type": "InitializeVariable",
          "inputs": {
            "variables": [
              {
                "name": "Found",
                "type": "boolean",
                "value": "@false"
              }
            ]
          }
        }
      },
      "outputs": {}
    }
  },
  "schemaVersion": "1.0.0.0"
}