{
  "properties": {
    "connectionReferences": {
      "shared_excelonlinebusiness": {
        "runtimeSource": "embedded",
        "connection": {
          "connectionReferenceLogicalName": "mib_sharedexcelonlinebusiness_da9e7"
        },
        "api": {
          "name": "shared_excelonlinebusiness"
        }
      },
      "shared_commondataserviceforapps": {
        "runtimeSource": "embedded",
        "connection": {
          "connectionReferenceLogicalName": "mib_MicrosoftDataverseMIBAdmin"
        },
        "api": {
          "name": "shared_commondataserviceforapps"
        }
      }
    },
    "definition": {
      "$schema": "https://schema.management.azure.com/providers/Microsoft.Logic/schemas/2016-06-01/workflowdefinition.json#",
      "contentVersion": "1.0.0.0",
      "parameters": {
        "$connections": {
          "defaultValue": {},
          "type": "Object"
        },
        "$authentication": {
          "defaultValue": {},
          "type": "SecureObject"
        }
      },
      "triggers": {
        "manual": {
          "metadata": {
            "operationMetadataId": "826d8002-31bc-4b45-852f-9dcca231bed2"
          },
          "type": "Request",
          "kind": "Button",
          "inputs": {
            "schema": {
              "type": "object",
              "properties": {},
              "required": []
            }
          }
        }
      },
      "actions": {
        "Initialize_Count_variable": {
          "runAfter": {},
          "metadata": {
            "operationMetadataId": "731f397a-5ff9-4e5b-9172-8da83f79028c"
          },
          "type": "InitializeVariable",
          "inputs": {
            "variables": [
              {
                "name": "Count",
                "type": "integer",
                "value": 0
              }
            ]
          }
        },
        "Response": {
          "runAfter": {
            "Foreach_Country": [
              "Succeeded"
            ]
          },
          "metadata": {
            "operationMetadataId": "dc194191-47b7-4809-8b77-7f67a16a8109"
          },
          "type": "Response",
          "kind": "Http",
          "inputs": {
            "statusCode": 200,
            "body": {
              "DateTime": "@utcnow()",
              "Count": "@variables('Count')"
            }
          }
        },
        "List_rows_present_in_a_Countries_table": {
          "runAfter": {
            "Initialize_Found_variable": [
              "Succeeded"
            ]
          },
          "metadata": {
            "017E62MN6KUE7CKDGK5JFKCPJD6OYIHMJQ": "/Seed Data.xlsx",
            "tableId": "{FEB28C09-9A21-438E-B5E4-14F9D5A1FE02}",
            "operationMetadataId": "d93ce9c3-5713-45d9-a2e5-b7a29e8bb54e",
            "013WMGANSQQVCCUSBZZZEYBAJ736P4LVQH": "/SeedData/Seed Data.xlsx"
          },
          "type": "OpenApiConnection",
          "inputs": {
            "host": {
              "connectionName": "shared_excelonlinebusiness",
              "operationId": "GetItems",
              "apiId": "/providers/Microsoft.PowerApps/apis/shared_excelonlinebusiness"
            },
            "parameters": {
              "source": "sites/calyxai.sharepoint.com,064775f8-bc98-4629-a7d8-28cb3a2a6772,fe060b99-8e6f-488c-b3ad-2dabdcbe3aef",
              "drive": "b!-HVHBpi8KUan2CjLOipncpkLBv5vjoxIs60tq9y-Ou9ksSalfhzNS61bf2cQ27xW",
              "file": "013WMGANSQQVCCUSBZZZEYBAJ736P4LVQH",
              "table": "{FEB28C09-9A21-438E-B5E4-14F9D5A1FE02}"
            },
            "authentication": {
              "type": "Raw",
              "value": "@json(decodeBase64(triggerOutputs().headers['X-MS-APIM-Tokens']))['$ConnectionKey']"
            }
          },
          "runtimeConfiguration": {
            "paginationPolicy": {
              "minimumItemCount": 50000
            }
          }
        },
        "Foreach_Country": {
          "foreach": "@outputs('List_rows_present_in_a_Countries_table')?['body/value']",
          "actions": {
            "Foreach_Found_Country": {
              "foreach": "@outputs('Find_Country')?['body/value']",
              "actions": {
                "Set_Found_variable_to_true": {
                  "runAfter": {},
                  "metadata": {
                    "operationMetadataId": "37a55c39-d655-469a-8e66-75c6be6886da"
                  },
                  "type": "SetVariable",
                  "inputs": {
                    "name": "Found",
                    "value": "@true"
                  }
                }
              },
              "runAfter": {
                "Set_Found_variable_to_false": [
                  "Succeeded"
                ]
              },
              "metadata": {
                "operationMetadataId": "4f92a333-e23c-4613-adaf-d13051012045"
              },
              "type": "Foreach"
            },
            "Find_Country": {
              "runAfter": {},
              "metadata": {
                "operationMetadataId": "b0ccbe22-03f7-422d-921c-3aa325d47945"
              },
              "type": "OpenApiConnection",
              "inputs": {
                "host": {
                  "connectionName": "shared_commondataserviceforapps",
                  "operationId": "ListRecords",
                  "apiId": "/providers/Microsoft.PowerApps/apis/shared_commondataserviceforapps"
                },
                "parameters": {
                  "entityName": "new_countries",
                  "$filter": "new_country_id eq '@{items('Foreach_Country')?['ID']}'",
                  "$top": 1
                },
                "authentication": {
                  "type": "Raw",
                  "value": "@json(decodeBase64(triggerOutputs().headers['X-MS-APIM-Tokens']))['$ConnectionKey']"
                }
              }
            },
            "Set_Found_variable_to_false": {
              "runAfter": {
                "Find_Country": [
                  "Succeeded"
                ]
              },
              "metadata": {
                "operationMetadataId": "b5a8b95b-921b-49ab-9a0e-a0afd9e61d7f"
              },
              "type": "SetVariable",
              "inputs": {
                "name": "Found",
                "value": "@false"
              }
            },
            "If_Found_equals_false_then_add": {
              "actions": {
                "Add_new_Country": {
                  "runAfter": {},
                  "metadata": {
                    "operationMetadataId": "f17d35fb-6159-4a3a-910c-619a4e3b7947"
                  },
                  "type": "OpenApiConnection",
                  "inputs": {
                    "host": {
                      "connectionName": "shared_commondataserviceforapps",
                      "operationId": "CreateRecord",
                      "apiId": "/providers/Microsoft.PowerApps/apis/shared_commondataserviceforapps"
                    },
                    "parameters": {
                      "entityName": "new_countries",
                      "item/new_countryname": "@items('Foreach_Country')?['Name']",
                      "item/new_name": "@items('Foreach_Country')?['Name']",
                      "item/new_alpha2code": "@items('Foreach_Country')?['Alpha 2 Code']",
                      "item/new_alpha3code": "@items('Foreach_Country')?['Alpha 3 Code']",
                      "item/new_country_id": "@items('Foreach_Country')?['ID']",
                      "item/new_status": 100000000
                    },
                    "authentication": {
                      "type": "Raw",
                      "value": "@json(decodeBase64(triggerOutputs().headers['X-MS-APIM-Tokens']))['$ConnectionKey']"
                    }
                  }
                },
                "Increment_Count_variable_by_one": {
                  "runAfter": {
                    "Add_new_Country": [
                      "Succeeded"
                    ]
                  },
                  "metadata": {
                    "operationMetadataId": "82edc991-ecc5-4658-b2c3-aaa6469b341d"
                  },
                  "type": "IncrementVariable",
                  "inputs": {
                    "name": "Count",
                    "value": 1
                  }
                }
              },
              "runAfter": {
                "Foreach_Found_Country": [
                  "Succeeded"
                ]
              },
              "expression": {
                "equals": [
                  "@variables('Found')",
                  "@false"
                ]
              },
              "metadata": {
                "operationMetadataId": "a774de87-79c5-4f84-bd1f-7c286fbc03a7"
              },
              "type": "If"
            }
          },
          "runAfter": {
            "List_rows_present_in_a_Countries_table": [
              "Succeeded"
            ]
          },
          "metadata": {
            "operationMetadataId": "6583b650-d175-4cff-ac80-cd091dbc67cd"
          },
          "type": "Foreach"
        },
        "Initialize_Found_variable": {
          "runAfter": {
            "Initialize_Count_variable": [
              "Succeeded"
            ]
          },
          "metadata": {
            "operationMetadataId": "ddfc00e2-e2e3-44c6-9d7d-befdba537d3e"
          },
          "type": "InitializeVariable",
          "inputs": {
            "variables": [
              {
                "name": "Found",
                "type": "boolean",
                "value": "@false"
              }
            ]
          }
        }
      },
      "outputs": {}
    }
  },
  "schemaVersion": "1.0.0.0"
}