{
  "properties": {
    "connectionReferences": {
      "shared_commondataserviceforapps": {
        "runtimeSource": "embedded",
        "connection": {
          "connectionReferenceLogicalName": "mib_MicrosoftDataverseMIBAdmin"
        },
        "api": {
          "name": "shared_commondataserviceforapps"
        }
      },
      "shared_commondataserviceforapps_1": {
        "runtimeSource": "embedded",
        "connection": {
          "connectionReferenceLogicalName": "mib_MicrosoftDataverseMIBAdmin"
        },
        "api": {
          "name": "shared_commondataserviceforapps"
        }
      },
      "shared_commondataserviceforapps_2": {
        "runtimeSource": "embedded",
        "connection": {
          "connectionReferenceLogicalName": "mib_MicrosoftDataverseMIBAdmin"
        },
        "api": {
          "name": "shared_commondataserviceforapps"
        }
      },
      "shared_commondataserviceforapps_3": {
        "runtimeSource": "embedded",
        "connection": {
          "connectionReferenceLogicalName": "mib_MicrosoftDataverseMIBAdmin"
        },
        "api": {
          "name": "shared_commondataserviceforapps"
        }
      },
      "shared_commondataserviceforapps_4": {
        "runtimeSource": "embedded",
        "connection": {
          "connectionReferenceLogicalName": "mib_sharedcommondataserviceforapps_4e197"
        },
        "api": {
          "name": "shared_commondataserviceforapps"
        }
      }
    },
    "definition": {
      "$schema": "https://schema.management.azure.com/providers/Microsoft.Logic/schemas/2016-06-01/workflowdefinition.json#",
      "contentVersion": "1.0.0.0",
      "parameters": {
        "$connections": {
          "defaultValue": {},
          "type": "Object"
        },
        "$authentication": {
          "defaultValue": {},
          "type": "SecureObject"
        }
      },
      "triggers": {
        "When_a_row_is_added,_modified_or_deleted": {
          "metadata": {
            "operationMetadataId": "7a98e23e-7738-42d5-ba18-69d1c6645a78"
          },
          "type": "OpenApiConnectionWebhook",
          "inputs": {
            "host": {
              "connectionName": "shared_commondataserviceforapps",
              "operationId": "SubscribeWebhookTrigger",
              "apiId": "/providers/Microsoft.PowerApps/apis/shared_commondataserviceforapps"
            },
            "parameters": {
              "subscriptionRequest/message": 4,
              "subscriptionRequest/entityname": "mib_systemconfiguration",
              "subscriptionRequest/scope": 4,
              "subscriptionRequest/filterexpression": "mib_importseeddata eq true"
            },
            "authentication": "@parameters('$authentication')"
          },
          "runtimeConfiguration": {
            "concurrency": {
              "runs": 1
            }
          }
        }
      },
      "actions": {
        "Update_Status_for_importing_System_Configurations": {
          "runAfter": {
            "If_Import_Seed_Data_is_false_then_Terminate": [
              "Succeeded"
            ]
          },
          "metadata": {
            "operationMetadataId": "429b6148-22f7-468e-aea6-9d3159aacac2"
          },
          "type": "OpenApiConnection",
          "inputs": {
            "host": {
              "connectionName": "shared_commondataserviceforapps",
              "operationId": "UpdateRecord",
              "apiId": "/providers/Microsoft.PowerApps/apis/shared_commondataserviceforapps"
            },
            "parameters": {
              "entityName": "mib_systemconfigurations",
              "recordId": "@triggerOutputs()?['body/mib_systemconfigurationid']",
              "item/mib_importseeddata": false,
              "item/mib_importseeddatastatus": "Importing System Configurations..."
            },
            "authentication": "@parameters('$authentication')"
          }
        },
        "Run_Import_for_System_Configurations": {
          "runAfter": {
            "Update_Status_for_importing_System_Configurations": [
              "Succeeded"
            ]
          },
          "metadata": {
            "operationMetadataId": "4f0870b5-97cc-4f5f-a4f1-3666570eea1f"
          },
          "type": "Workflow",
          "inputs": {
            "host": {
              "workflowReferenceName": "0051b0f5-11f9-eb11-94ef-0022481e1941"
            }
          }
        },
        "Updating_Status_for_importing_Anatomies": {
          "runAfter": {
            "Run_Import_for_System_Configurations": [
              "Succeeded"
            ]
          },
          "metadata": {
            "operationMetadataId": "61dcc769-7ec1-4d7f-a4fe-2c2c47852f22"
          },
          "type": "OpenApiConnection",
          "inputs": {
            "host": {
              "connectionName": "shared_commondataserviceforapps",
              "operationId": "UpdateRecord",
              "apiId": "/providers/Microsoft.PowerApps/apis/shared_commondataserviceforapps"
            },
            "parameters": {
              "entityName": "mib_systemconfigurations",
              "recordId": "@triggerOutputs()?['body/mib_systemconfigurationid']",
              "item/mib_importseeddatastatus": "Importing Anatomies...\n"
            },
            "authentication": "@parameters('$authentication')"
          }
        },
        "Run_Import_Anatomies": {
          "runAfter": {
            "Updating_Status_for_importing_Anatomies": [
              "Succeeded"
            ]
          },
          "metadata": {
            "operationMetadataId": "6c664c78-b9fe-4aad-9f50-bcb659d96763"
          },
          "type": "Workflow",
          "inputs": {
            "host": {
              "workflowReferenceName": "0ac38070-1c0b-ec11-b6e6-000d3a8ddd8d"
            }
          }
        },
        "Updating_Status_for_importing_Modalities": {
          "runAfter": {
            "Run_Import_Anatomies": [
              "Succeeded"
            ]
          },
          "metadata": {
            "operationMetadataId": "560e0629-493a-4562-b786-56feb62e700c"
          },
          "type": "OpenApiConnection",
          "inputs": {
            "host": {
              "connectionName": "shared_commondataserviceforapps",
              "operationId": "UpdateRecord",
              "apiId": "/providers/Microsoft.PowerApps/apis/shared_commondataserviceforapps"
            },
            "parameters": {
              "entityName": "mib_systemconfigurations",
              "recordId": "@triggerOutputs()?['body/mib_systemconfigurationid']",
              "item/mib_importseeddatastatus": "Importing Modalities..."
            },
            "authentication": "@parameters('$authentication')"
          }
        },
        "Run_Import_Modalities": {
          "runAfter": {
            "Updating_Status_for_importing_Modalities": [
              "Succeeded"
            ]
          },
          "metadata": {
            "operationMetadataId": "edd03dcf-0cec-421b-bcaa-774555bdb288"
          },
          "type": "Workflow",
          "inputs": {
            "host": {
              "workflowReferenceName": "53411875-69fb-eb11-94ef-0022481e1941"
            }
          }
        },
        "Updating_Importing_Countries": {
          "runAfter": {
            "Run_Import_Modalities": [
              "Succeeded"
            ]
          },
          "metadata": {
            "operationMetadataId": "95198975-c5cf-43ad-8c1d-d169d50d9058"
          },
          "type": "OpenApiConnection",
          "inputs": {
            "host": {
              "connectionName": "shared_commondataserviceforapps",
              "operationId": "UpdateRecord",
              "apiId": "/providers/Microsoft.PowerApps/apis/shared_commondataserviceforapps"
            },
            "parameters": {
              "entityName": "mib_systemconfigurations",
              "recordId": "@triggerOutputs()?['body/mib_systemconfigurationid']",
              "item/mib_importseeddatastatus": "Importing Countries..."
            },
            "authentication": "@parameters('$authentication')"
          }
        },
        "Run_Import_Countries": {
          "runAfter": {
            "Updating_Importing_Countries": [
              "Succeeded"
            ]
          },
          "metadata": {
            "operationMetadataId": "88ae6173-e230-4f3c-bf3b-03a5d665754c"
          },
          "type": "Workflow",
          "inputs": {
            "host": {
              "workflowReferenceName": "d806e858-77f9-eb11-94ef-0022481e1941"
            }
          }
        },
        "Updating_Importing_Sponsors": {
          "runAfter": {
            "Run_Import_Regions": [
              "Succeeded"
            ]
          },
          "metadata": {
            "operationMetadataId": "fce33f43-b067-4083-818d-94cb7e41f343"
          },
          "type": "OpenApiConnection",
          "inputs": {
            "host": {
              "connectionName": "shared_commondataserviceforapps",
              "operationId": "UpdateRecord",
              "apiId": "/providers/Microsoft.PowerApps/apis/shared_commondataserviceforapps"
            },
            "parameters": {
              "entityName": "mib_systemconfigurations",
              "recordId": "@triggerOutputs()?['body/mib_systemconfigurationid']",
              "item/mib_importseeddatastatus": "Importing Sponsors..."
            },
            "authentication": "@parameters('$authentication')"
          }
        },
        "Run_Import_Sponsors": {
          "runAfter": {
            "Updating_Importing_Sponsors": [
              "Succeeded"
            ]
          },
          "metadata": {
            "operationMetadataId": "444f3a16-180d-4c85-a100-99f04b158587"
          },
          "type": "Workflow",
          "inputs": {
            "host": {
              "workflowReferenceName": "0bd99862-17f9-eb11-94ef-0022481e1e3c"
            }
          }
        },
        "Update_Importing_Sites": {
          "runAfter": {
            "Run_Import_Sponsors": [
              "Succeeded"
            ]
          },
          "metadata": {
            "operationMetadataId": "b2b4c530-dc51-4007-a65c-9d178279b9f0"
          },
          "type": "OpenApiConnection",
          "inputs": {
            "host": {
              "connectionName": "shared_commondataserviceforapps_1",
              "operationId": "UpdateRecord",
              "apiId": "/providers/Microsoft.PowerApps/apis/shared_commondataserviceforapps"
            },
            "parameters": {
              "entityName": "mib_systemconfigurations",
              "recordId": "@triggerOutputs()?['body/mib_systemconfigurationid']",
              "item/mib_importseeddatastatus": "Importing Sites..."
            },
            "authentication": "@parameters('$authentication')"
          }
        },
        "Run_Import_Sites": {
          "runAfter": {
            "Update_Importing_Sites": [
              "Succeeded"
            ]
          },
          "metadata": {
            "operationMetadataId": "10cd6834-6442-45ab-8c7a-d9443856e07b"
          },
          "type": "Workflow",
          "inputs": {
            "host": {
              "workflowReferenceName": "5bc850c2-35fc-eb11-94ef-0022481e1e3c"
            }
          }
        },
        "Update_Site_Events": {
          "runAfter": {
            "Run_Import_Sites": [
              "Succeeded"
            ]
          },
          "metadata": {
            "operationMetadataId": "2fe9f467-5b64-403c-b2c5-580a3485e10b"
          },
          "type": "OpenApiConnection",
          "inputs": {
            "host": {
              "connectionName": "shared_commondataserviceforapps_1",
              "operationId": "UpdateRecord",
              "apiId": "/providers/Microsoft.PowerApps/apis/shared_commondataserviceforapps"
            },
            "parameters": {
              "entityName": "mib_systemconfigurations",
              "recordId": "@triggerOutputs()?['body/mib_systemconfigurationid']",
              "item/mib_importseeddatastatus": "Import Site Events..."
            },
            "authentication": "@parameters('$authentication')"
          }
        },
        "Run_Import_Site_Events": {
          "runAfter": {
            "Update_Site_Events": [
              "Succeeded"
            ]
          },
          "metadata": {
            "operationMetadataId": "128fae2a-3acc-4a52-b24f-cea5237cbadf"
          },
          "type": "Workflow",
          "inputs": {
            "host": {
              "workflowReferenceName": "7fbd0b43-c309-ec11-b6e6-000d3a8ddd8d"
            }
          }
        },
        "Run_Import_Regions": {
          "runAfter": {
            "Updating_Importing_Regions": [
              "Succeeded"
            ]
          },
          "metadata": {
            "operationMetadataId": "0f19cb8a-782c-4cf4-a574-27da5e3b27b2"
          },
          "type": "Workflow",
          "inputs": {
            "host": {
              "workflowReferenceName": "cae2a754-8c0a-ec11-b6e6-000d3a8dd876"
            }
          }
        },
        "Updating_Importing_Regions": {
          "runAfter": {
            "Run_Import_Countries": [
              "Succeeded"
            ]
          },
          "metadata": {
            "operationMetadataId": "1ef040da-0a4b-4d3d-bda1-bc38a613ee78"
          },
          "type": "OpenApiConnection",
          "inputs": {
            "host": {
              "connectionName": "shared_commondataserviceforapps_2",
              "operationId": "UpdateRecord",
              "apiId": "/providers/Microsoft.PowerApps/apis/shared_commondataserviceforapps"
            },
            "parameters": {
              "entityName": "mib_systemconfigurations",
              "recordId": "@outputs('Updating_Status_for_importing_Anatomies')?['body/mib_systemconfigurationid']",
              "item/mib_importseeddatastatus": "Importing Regions..."
            },
            "authentication": "@parameters('$authentication')"
          }
        },
        "If_Import_Seed_Data_is_false_then_Terminate": {
          "actions": {
            "Terminate": {
              "runAfter": {},
              "metadata": {
                "operationMetadataId": "8bd05803-53cb-4d13-98af-042443d868c2"
              },
              "type": "Terminate",
              "inputs": {
                "runStatus": "Succeeded"
              }
            }
          },
          "runAfter": {
            "Get_a_row_by_ID": [
              "Succeeded"
            ]
          },
          "expression": {
            "equals": [
              "@outputs('Get_a_row_by_ID')?['body/mib_importseeddata']",
              "@false"
            ]
          },
          "metadata": {
            "operationMetadataId": "8545726a-1c58-4026-b702-e231a1bac411"
          },
          "type": "If"
        },
        "Get_a_row_by_ID": {
          "runAfter": {},
          "metadata": {
            "operationMetadataId": "4620ed5b-39eb-4dda-9de2-cdd9b6c841b6"
          },
          "type": "OpenApiConnection",
          "inputs": {
            "host": {
              "connectionName": "shared_commondataserviceforapps_2",
              "operationId": "GetItem",
              "apiId": "/providers/Microsoft.PowerApps/apis/shared_commondataserviceforapps"
            },
            "parameters": {
              "entityName": "mib_systemconfigurations",
              "recordId": "@triggerOutputs()?['body/mib_systemconfigurationid']"
            },
            "authentication": "@parameters('$authentication')"
          }
        },
        "Update_Lateralities": {
          "runAfter": {
            "Run_Import_Site_Events": [
              "Succeeded"
            ]
          },
          "metadata": {
            "operationMetadataId": "e21dbbe8-ac32-4acb-8849-47c99dbc83a6"
          },
          "type": "OpenApiConnection",
          "inputs": {
            "host": {
              "connectionName": "shared_commondataserviceforapps_2",
              "operationId": "UpdateRecord",
              "apiId": "/providers/Microsoft.PowerApps/apis/shared_commondataserviceforapps"
            },
            "parameters": {
              "entityName": "mib_systemconfigurations",
              "recordId": "@triggerOutputs()?['body/mib_systemconfigurationid']",
              "item/mib_importseeddatastatus": "Import Lateralities..."
            },
            "authentication": "@parameters('$authentication')"
          }
        },
        "Run_Laterality": {
          "runAfter": {
            "Update_Lateralities": [
              "Succeeded"
            ]
          },
          "metadata": {
            "operationMetadataId": "f5d99998-ba44-47ad-9346-f1e3ac80c02a"
          },
          "type": "Workflow",
          "inputs": {
            "host": {
              "workflowReferenceName": "121eabfc-b731-ec11-b6e5-000d3a5bdaf3"
            }
          }
        },
        "Update_Complate": {
          "runAfter": {
            "Run_a_Child_Flow_-_Therapeutic_Area": [
              "Succeeded"
            ]
          },
          "metadata": {
            "operationMetadataId": "b71bf966-c398-4844-aaa0-d8851a8af534"
          },
          "type": "OpenApiConnection",
          "inputs": {
            "host": {
              "connectionName": "shared_commondataserviceforapps",
              "operationId": "UpdateRecord",
              "apiId": "/providers/Microsoft.PowerApps/apis/shared_commondataserviceforapps"
            },
            "parameters": {
              "entityName": "mib_systemconfigurations",
              "recordId": "@triggerOutputs()?['body/mib_systemconfigurationid']",
              "item/mib_importseeddataenddate": "@utcNow()",
              "item/mib_importseeddatastatus": "Complete"
            },
            "authentication": "@parameters('$authentication')"
          }
        },
        "Update_Sequence": {
          "runAfter": {
            "Run_Laterality": [
              "Succeeded"
            ]
          },
          "metadata": {
            "operationMetadataId": "ce5b8499-872c-4b3b-bd78-e029a438f1d0"
          },
          "type": "OpenApiConnection",
          "inputs": {
            "host": {
              "connectionName": "shared_commondataserviceforapps_3",
              "operationId": "UpdateRecord",
              "apiId": "/providers/Microsoft.PowerApps/apis/shared_commondataserviceforapps"
            },
            "parameters": {
              "entityName": "mib_systemconfigurations",
              "recordId": "@triggerOutputs()?['body/mib_systemconfigurationid']",
              "item/mib_importseeddatastatus": "Importing Sequences..."
            },
            "authentication": "@parameters('$authentication')"
          }
        },
        "Run_Import_Sequence": {
          "runAfter": {
            "Update_Sequence": [
              "Succeeded"
            ]
          },
          "metadata": {
            "operationMetadataId": "ee435c5c-aa79-4686-95a9-55c5f07e564d"
          },
          "type": "Workflow",
          "inputs": {
            "host": {
              "workflowReferenceName": "25171632-7968-ec11-8f8f-000d3a320e31"
            }
          }
        },
        "Update_Planes": {
          "runAfter": {
            "Run_Import_Sequence": [
              "Succeeded"
            ]
          },
          "metadata": {
            "operationMetadataId": "b811df45-a2a1-4b3f-87d7-ab6685cf52cd"
          },
          "type": "OpenApiConnection",
          "inputs": {
            "host": {
              "connectionName": "shared_commondataserviceforapps_3",
              "operationId": "UpdateRecord",
              "apiId": "/providers/Microsoft.PowerApps/apis/shared_commondataserviceforapps"
            },
            "parameters": {
              "entityName": "mib_systemconfigurations",
              "recordId": "@triggerOutputs()?['body/mib_systemconfigurationid']",
              "item/mib_importseeddatastatus": "Importing Planes..."
            },
            "authentication": "@parameters('$authentication')"
          }
        },
        "Run_Import_Planes": {
          "runAfter": {
            "Update_Planes": [
              "Succeeded"
            ]
          },
          "metadata": {
            "operationMetadataId": "36c70d13-0b3a-4496-a1e1-0bfbb63a0778"
          },
          "type": "Workflow",
          "inputs": {
            "host": {
              "workflowReferenceName": "a167f8fd-8068-ec11-8943-000d3a32bc16"
            }
          }
        },
        "Update_TA": {
          "runAfter": {
            "Run_a_Child_Flow_-_Task_Types": [
              "Succeeded"
            ]
          },
          "metadata": {
            "operationMetadataId": "b811df45-a2a1-4b3f-87d7-ab6685cf52cd"
          },
          "type": "OpenApiConnection",
          "inputs": {
            "host": {
              "connectionName": "shared_commondataserviceforapps_3",
              "operationId": "UpdateRecord",
              "apiId": "/providers/Microsoft.PowerApps/apis/shared_commondataserviceforapps"
            },
            "parameters": {
              "entityName": "mib_systemconfigurations",
              "recordId": "@outputs('Update_Sequence')?['body/mib_systemconfigurationid']",
              "item/mib_importseeddatastatus": "Importing Therapeutic Area..."
            },
            "authentication": "@parameters('$authentication')"
          }
        },
        "Run_a_Child_Flow_-_Therapeutic_Area": {
          "runAfter": {
            "Update_TA": [
              "Succeeded"
            ]
          },
          "metadata": {
            "operationMetadataId": "e9e58b10-4960-4f53-9406-f15aa3fddc18"
          },
          "type": "Workflow",
          "inputs": {
            "host": {
              "workflowReferenceName": "a7e346da-d766-ec11-8f8f-000d3a31e4cc"
            }
          }
        },
        "Update_Segments": {
          "runAfter": {
            "Run_Import_Planes": [
              "Succeeded"
            ]
          },
          "metadata": {
            "operationMetadataId": "8df48fdd-b906-4c23-9e1d-ded8e2d86cb8"
          },
          "type": "OpenApiConnection",
          "inputs": {
            "host": {
              "connectionName": "shared_commondataserviceforapps",
              "operationId": "UpdateRecord",
              "apiId": "/providers/Microsoft.PowerApps/apis/shared_commondataserviceforapps"
            },
            "parameters": {
              "entityName": "mib_systemconfigurations",
              "recordId": "@triggerOutputs()?['body/mib_systemconfigurationid']",
              "item/mib_importseeddatastatus": "Importing Segments..."
            },
            "authentication": "@parameters('$authentication')"
          }
        },
        "Run_Import_Segments": {
          "runAfter": {
            "Update_Segments": [
              "Succeeded"
            ]
          },
          "metadata": {
            "operationMetadataId": "e46d4a27-9457-4a01-a5e8-00bfa570baa6"
          },
          "type": "Workflow",
          "inputs": {
            "host": {
              "workflowReferenceName": "cc570bfd-3e7f-ec11-8d21-000d3a5923f0"
            }
          }
        },
        "Update_Indication": {
          "runAfter": {
            "Run_Import_Segments": [
              "Succeeded"
            ]
          },
          "metadata": {
            "operationMetadataId": "79746f46-9e6d-43bd-b6e4-ede50b28fb4f"
          },
          "type": "OpenApiConnection",
          "inputs": {
            "host": {
              "connectionName": "shared_commondataserviceforapps",
              "operationId": "UpdateRecord",
              "apiId": "/providers/Microsoft.PowerApps/apis/shared_commondataserviceforapps"
            },
            "parameters": {
              "entityName": "mib_systemconfigurations",
              "recordId": "@triggerOutputs()?['body/mib_systemconfigurationid']",
              "item/mib_importseeddatastatus": "Importing Indications..."
            },
            "authentication": "@parameters('$authentication')"
          }
        },
        "Run_Import_Indication": {
          "runAfter": {
            "Update_Indication": [
              "Succeeded"
            ]
          },
          "metadata": {
            "operationMetadataId": "2213bd70-ee4f-4fb5-b6b2-a712d21d3c56"
          },
          "type": "Workflow",
          "inputs": {
            "host": {
              "workflowReferenceName": "c3db2a5c-707f-ec11-8d21-000d3a592aef"
            }
          }
        },
        "Update__Premium_Criteria_Measurements": {
          "runAfter": {
            "Run_Import_Indication": [
              "Succeeded"
            ]
          },
          "metadata": {
            "operationMetadataId": "aefe3226-c036-4e43-a2bc-21b496eb4573"
          },
          "type": "OpenApiConnection",
          "inputs": {
            "host": {
              "connectionName": "shared_commondataserviceforapps",
              "operationId": "UpdateRecord",
              "apiId": "/providers/Microsoft.PowerApps/apis/shared_commondataserviceforapps"
            },
            "parameters": {
              "entityName": "mib_systemconfigurations",
              "recordId": "@triggerOutputs()?['body/mib_systemconfigurationid']",
              "item/mib_importseeddatastatus": "Importing Premium Criteria Measurements..."
            },
            "authentication": "@parameters('$authentication')"
          }
        },
        "Run_Import__Premium_Criteria_Measurements": {
          "runAfter": {
            "Update__Premium_Criteria_Measurements": [
              "Succeeded"
            ]
          },
          "metadata": {
            "operationMetadataId": "b365ec52-e711-4b15-adbf-0383a93f606e"
          },
          "type": "Workflow",
          "inputs": {
            "host": {
              "workflowReferenceName": "919399a9-467f-ec11-8d21-000d3a592aef"
            }
          }
        },
        "Update_Recommended_Criteria": {
          "runAfter": {
            "Run_Import__Premium_Criteria_Measurements": [
              "Succeeded"
            ]
          },
          "metadata": {
            "operationMetadataId": "0b3fa217-d70d-4615-9ef2-5561cd0b47bb"
          },
          "type": "OpenApiConnection",
          "inputs": {
            "host": {
              "connectionName": "shared_commondataserviceforapps",
              "operationId": "UpdateRecord",
              "apiId": "/providers/Microsoft.PowerApps/apis/shared_commondataserviceforapps"
            },
            "parameters": {
              "entityName": "mib_systemconfigurations",
              "recordId": "@triggerOutputs()?['body/mib_systemconfigurationid']",
              "item/mib_importseeddatastatus": "Importing Recommended Criteria..."
            },
            "authentication": "@parameters('$authentication')"
          }
        },
        "Run_Import_Recommended_Criteria": {
          "runAfter": {
            "Update_Recommended_Criteria": [
              "Succeeded"
            ]
          },
          "metadata": {
            "operationMetadataId": "14043202-a773-480d-bc88-46c89b094362"
          },
          "type": "Workflow",
          "inputs": {
            "host": {
              "workflowReferenceName": "51caabe7-657f-ec11-8d21-000d3a592aef"
            }
          }
        },
        "Update_Recommended_Criteria_Measurements": {
          "runAfter": {
            "Run_Import_Recommended_Criteria": [
              "Succeeded"
            ]
          },
          "metadata": {
            "operationMetadataId": "cc44587b-7e08-4b9c-9296-686621e233a4"
          },
          "type": "OpenApiConnection",
          "inputs": {
            "host": {
              "connectionName": "shared_commondataserviceforapps",
              "operationId": "UpdateRecord",
              "apiId": "/providers/Microsoft.PowerApps/apis/shared_commondataserviceforapps"
            },
            "parameters": {
              "entityName": "mib_systemconfigurations",
              "recordId": "@triggerOutputs()?['body/mib_systemconfigurationid']",
              "item/mib_importseeddatastatus": "Importing Recommended Criteria Measurements..."
            },
            "authentication": "@parameters('$authentication')"
          }
        },
        "Run_Recommended_Criteria_Measurements": {
          "runAfter": {
            "Update_Recommended_Criteria_Measurements": [
              "Succeeded"
            ]
          },
          "metadata": {
            "operationMetadataId": "7d5f3d78-ea28-4f02-af85-18019b0e2aea"
          },
          "type": "Workflow",
          "inputs": {
            "host": {
              "workflowReferenceName": "92b3f017-677f-ec11-8d21-000d3a5923f0"
            }
          }
        },
        "Update_Academic_Criterias": {
          "runAfter": {
            "Run_Recommended_Criteria_Measurements": [
              "Succeeded"
            ]
          },
          "metadata": {
            "operationMetadataId": "444e2921-84b5-4eef-bfd2-ea620717d435"
          },
          "type": "OpenApiConnection",
          "inputs": {
            "host": {
              "connectionName": "shared_commondataserviceforapps",
              "operationId": "UpdateRecord",
              "apiId": "/providers/Microsoft.PowerApps/apis/shared_commondataserviceforapps"
            },
            "parameters": {
              "entityName": "mib_systemconfigurations",
              "recordId": "@triggerOutputs()?['body/mib_systemconfigurationid']",
              "item/mib_importseeddatastatus": "Importing Academic Criterias..."
            },
            "authentication": "@parameters('$authentication')"
          }
        },
        "Run_Import_Academic_Criterias": {
          "runAfter": {
            "Update_Academic_Criterias": [
              "Succeeded"
            ]
          },
          "metadata": {
            "operationMetadataId": "0701526c-84e2-4e4e-b5f5-8262dd71b632"
          },
          "type": "Workflow",
          "inputs": {
            "host": {
              "workflowReferenceName": "b413912a-6b7f-ec11-8d21-000d3a5923f0"
            }
          }
        },
        "Update_Academic_Criteria_Measurements": {
          "runAfter": {
            "Run_Import_Academic_Criterias": [
              "Succeeded"
            ]
          },
          "metadata": {
            "operationMetadataId": "4c65dae4-87a9-460d-85c7-304a20032bcc"
          },
          "type": "OpenApiConnection",
          "inputs": {
            "host": {
              "connectionName": "shared_commondataserviceforapps",
              "operationId": "UpdateRecord",
              "apiId": "/providers/Microsoft.PowerApps/apis/shared_commondataserviceforapps"
            },
            "parameters": {
              "entityName": "mib_systemconfigurations",
              "recordId": "@triggerOutputs()?['body/mib_systemconfigurationid']",
              "item/mib_importseeddatastatus": "Importing Academic Criteria Measurements..."
            },
            "authentication": "@parameters('$authentication')"
          }
        },
        "Run_Academic_Criteria_Measurements": {
          "runAfter": {
            "Update_Academic_Criteria_Measurements": [
              "Succeeded"
            ]
          },
          "metadata": {
            "operationMetadataId": "983bf5da-bd4f-4a55-99a9-6bf3e97a8411"
          },
          "type": "Workflow",
          "inputs": {
            "host": {
              "workflowReferenceName": "f0a13d8d-697f-ec11-8d21-000d3a592aef"
            }
          }
        },
        "Update_a_row_-_Task_Types": {
          "runAfter": {
            "Run_Academic_Criteria_Measurements": [
              "Succeeded"
            ]
          },
          "metadata": {
            "operationMetadataId": "0343a56f-c9be-46b5-88d2-2ff7c65797f2"
          },
          "type": "OpenApiConnection",
          "inputs": {
            "host": {
              "connectionName": "shared_commondataserviceforapps_4",
              "operationId": "UpdateRecord",
              "apiId": "/providers/Microsoft.PowerApps/apis/shared_commondataserviceforapps"
            },
            "parameters": {
              "entityName": "mib_systemconfigurations",
              "recordId": "@triggerOutputs()?['body/mib_systemconfigurationid']",
              "item/mib_importseeddatastatus": "Importing Task Types..."
            },
            "authentication": "@parameters('$authentication')"
          }
        },
        "Run_a_Child_Flow_-_Task_Types": {
          "runAfter": {
            "Update_a_row_-_Task_Types": [
              "Succeeded"
            ]
          },
          "metadata": {
            "operationMetadataId": "35172b85-98d5-4efe-8ab9-77a5684e9d7e"
          },
          "type": "Workflow",
          "inputs": {
            "host": {
              "workflowReferenceName": "d00fd73c-d9a5-ec11-983f-000d3a5c1933"
            }
          }
        }
      },
      "outputs": {}
    }
  },
  "schemaVersion": "1.0.0.0"
}