{
  "properties": {
    "connectionReferences": {
      "shared_excelonlinebusiness_1": {
        "runtimeSource": "embedded",
        "connection": {
          "connectionReferenceLogicalName": "mib_sharedexcelonlinebusiness_da9e7"
        },
        "api": {
          "name": "shared_excelonlinebusiness"
        }
      },
      "shared_commondataserviceforapps": {
        "impersonation": {},
        "runtimeSource": "embedded",
        "connection": {
          "connectionReferenceLogicalName": "mib_MicrosoftDataverseMIBAdmin"
        },
        "api": {
          "name": "shared_commondataserviceforapps"
        }
      }
    },
    "definition": {
      "$schema": "https://schema.management.azure.com/providers/Microsoft.Logic/schemas/2016-06-01/workflowdefinition.json#",
      "contentVersion": "1.0.0.0",
      "parameters": {
        "$connections": {
          "defaultValue": {},
          "type": "Object"
        },
        "$authentication": {
          "defaultValue": {},
          "type": "SecureObject"
        }
      },
      "triggers": {
        "manual": {
          "metadata": {
            "operationMetadataId": "5e5e4f93-39ce-4552-b978-8a9d5a12f64d"
          },
          "type": "Request",
          "kind": "Button",
          "inputs": {
            "schema": {
              "type": "object",
              "properties": {},
              "required": []
            }
          }
        }
      },
      "actions": {
        "Initialize_Count_variable": {
          "runAfter": {},
          "metadata": {
            "operationMetadataId": "c2ad9f9d-addd-4ad3-9102-8da0c03371a5"
          },
          "type": "InitializeVariable",
          "inputs": {
            "variables": [
              {
                "name": "Count",
                "type": "integer",
                "value": 0
              }
            ]
          }
        },
        "Initialize_Found_variable": {
          "runAfter": {
            "Initialize_Count_variable": [
              "Succeeded"
            ]
          },
          "metadata": {
            "operationMetadataId": "4f0a44db-3983-462e-92af-9e1f46e06e0e"
          },
          "type": "InitializeVariable",
          "inputs": {
            "variables": [
              {
                "name": "Found",
                "type": "boolean",
                "value": "@false"
              }
            ]
          }
        },
        "List_rows_present_in_a_Laterality": {
          "runAfter": {
            "Initialize_Found_variable": [
              "Succeeded"
            ]
          },
          "metadata": {
            "017E62MN6KUE7CKDGK5JFKCPJD6OYIHMJQ": "/Seed Data.xlsx",
            "tableId": "{9D56882C-481B-42D2-9C36-256E3A77C0E3}",
            "operationMetadataId": "0c5aaef9-b56c-45e4-9eed-c8d8072af5b5",
            "013WMGANSQQVCCUSBZZZEYBAJ736P4LVQH": "/SeedData/Seed Data.xlsx"
          },
          "type": "OpenApiConnection",
          "inputs": {
            "host": {
              "apiId": "/providers/Microsoft.PowerApps/apis/shared_excelonlinebusiness",
              "connectionName": "shared_excelonlinebusiness_1",
              "operationId": "GetItems"
            },
            "parameters": {
              "source": "sites/calyxai.sharepoint.com,064775f8-bc98-4629-a7d8-28cb3a2a6772,fe060b99-8e6f-488c-b3ad-2dabdcbe3aef",
              "drive": "b!-HVHBpi8KUan2CjLOipncpkLBv5vjoxIs60tq9y-Ou9ksSalfhzNS61bf2cQ27xW",
              "file": "013WMGANSQQVCCUSBZZZEYBAJ736P4LVQH",
              "table": "{9D56882C-481B-42D2-9C36-256E3A77C0E3}"
            },
            "authentication": "@parameters('$authentication')"
          }
        },
        "Foreach_Lateralities": {
          "foreach": "@outputs('List_rows_present_in_a_Laterality')?['body/value']",
          "actions": {
            "Set_variable": {
              "runAfter": {},
              "metadata": {
                "operationMetadataId": "47f93227-1138-489c-a4fb-953554631b93"
              },
              "type": "SetVariable",
              "inputs": {
                "name": "Found",
                "value": "@false"
              }
            },
            "List_found_Lateralities": {
              "runAfter": {
                "Set_variable": [
                  "Succeeded"
                ]
              },
              "metadata": {
                "operationMetadataId": "3e5cd7c7-3800-4803-831e-ed20c9dc17da"
              },
              "type": "OpenApiConnection",
              "inputs": {
                "host": {
                  "apiId": "/providers/Microsoft.PowerApps/apis/shared_commondataserviceforapps",
                  "connectionName": "shared_commondataserviceforapps",
                  "operationId": "ListRecords"
                },
                "parameters": {
                  "entityName": "new_lateralities",
                  "$filter": "new_lateralityname eq '@{items('Foreach_Lateralities')?['Laterality Name']}'",
                  "$top": 1
                },
                "authentication": "@parameters('$authentication')"
              }
            },
            "Apply_to_each": {
              "foreach": "@outputs('List_found_Lateralities')?['body/value']",
              "actions": {
                "Set_Found_variable_to_True": {
                  "runAfter": {},
                  "metadata": {
                    "operationMetadataId": "6f821f16-77c8-49e6-9bca-0e8fdf254759"
                  },
                  "type": "SetVariable",
                  "inputs": {
                    "name": "Found",
                    "value": "@true"
                  }
                }
              },
              "runAfter": {
                "List_found_Lateralities": [
                  "Succeeded"
                ]
              },
              "metadata": {
                "operationMetadataId": "68b5a893-c0b6-45e1-8e8d-03ba7e233396"
              },
              "type": "Foreach"
            },
            "If_Found_equals_false_then_add": {
              "actions": {
                "Increment_Count_variable_by_one": {
                  "runAfter": {
                    "Add_Laterality": [
                      "Succeeded"
                    ]
                  },
                  "metadata": {
                    "operationMetadataId": "6329b6cb-9d1c-462e-8d79-f3c6f0d00b6f"
                  },
                  "type": "IncrementVariable",
                  "inputs": {
                    "name": "Count",
                    "value": 1
                  }
                },
                "Add_Laterality": {
                  "runAfter": {},
                  "metadata": {
                    "operationMetadataId": "9f222e03-bd7c-4e5e-af2e-0aa6adebf96d"
                  },
                  "type": "OpenApiConnection",
                  "inputs": {
                    "host": {
                      "apiId": "/providers/Microsoft.PowerApps/apis/shared_commondataserviceforapps",
                      "connectionName": "shared_commondataserviceforapps",
                      "operationId": "CreateRecord"
                    },
                    "parameters": {
                      "entityName": "new_lateralities",
                      "item/new_lateralityname": "@items('Foreach_Lateralities')?['Laterality Name']"
                    },
                    "authentication": "@parameters('$authentication')"
                  }
                }
              },
              "runAfter": {
                "Apply_to_each": [
                  "Succeeded"
                ]
              },
              "expression": {
                "equals": [
                  "@variables('Found')",
                  "@false"
                ]
              },
              "metadata": {
                "operationMetadataId": "51b1b841-f7b6-4ef6-bf4e-fcfc40a72b3b"
              },
              "type": "If"
            }
          },
          "runAfter": {
            "List_rows_present_in_a_Laterality": [
              "Succeeded"
            ]
          },
          "metadata": {
            "operationMetadataId": "b4a11675-5839-4920-9b44-2fdf9fbc259f"
          },
          "type": "Foreach"
        },
        "Response": {
          "runAfter": {
            "Foreach_Lateralities": [
              "Succeeded"
            ]
          },
          "metadata": {
            "operationMetadataId": "2378d5f7-e2de-40c4-b3a4-490f9c0b380c"
          },
          "type": "Response",
          "kind": "Http",
          "inputs": {
            "statusCode": 200,
            "body": {
              "DateTime": "@utcNow()",
              "Count": "@variables('Count')"
            }
          }
        }
      },
      "outputs": {}
    }
  },
  "schemaVersion": "1.0.0.0"
}