{
  "properties": {
    "connectionReferences": {
      "shared_excelonlinebusiness_1": {
        "runtimeSource": "embedded",
        "connection": {
          "connectionReferenceLogicalName": "mib_sharedexcelonlinebusiness_da9e7"
        },
        "api": {
          "name": "shared_excelonlinebusiness"
        }
      },
      "shared_commondataserviceforapps": {
        "impersonation": {},
        "runtimeSource": "embedded",
        "connection": {
          "connectionReferenceLogicalName": "mib_MicrosoftDataverseMIBAdmin"
        },
        "api": {
          "name": "shared_commondataserviceforapps"
        }
      }
    },
    "definition": {
      "$schema": "https://schema.management.azure.com/providers/Microsoft.Logic/schemas/2016-06-01/workflowdefinition.json#",
      "contentVersion": "1.0.0.0",
      "parameters": {
        "$connections": {
          "defaultValue": {},
          "type": "Object"
        },
        "$authentication": {
          "defaultValue": {},
          "type": "SecureObject"
        }
      },
      "triggers": {
        "manual": {
          "metadata": {
            "operationMetadataId": "1b64f1cc-eaaf-497c-9d04-374effd7c419"
          },
          "type": "Request",
          "kind": "Button",
          "inputs": {
            "schema": {
              "type": "object",
              "properties": {},
              "required": []
            }
          }
        }
      },
      "actions": {
        "Initialize_Count_variable": {
          "runAfter": {},
          "metadata": {
            "operationMetadataId": "d31f480b-bdd4-4207-b1fa-4dbf069afa53"
          },
          "type": "InitializeVariable",
          "inputs": {
            "variables": [
              {
                "name": "Count",
                "type": "integer",
                "value": 0
              }
            ]
          }
        },
        "List_rows_present_in_Anatomies": {
          "runAfter": {
            "Initialize_Found_variable": [
              "Succeeded"
            ]
          },
          "metadata": {
            "017E62MN6KUE7CKDGK5JFKCPJD6OYIHMJQ": "/Seed Data.xlsx",
            "tableId": "{CB1DCDC0-0FAE-4F6B-801A-7C455D976DE8}",
            "operationMetadataId": "68fad5a2-9726-4bd6-a1c6-0a5266c3960e",
            "013WMGANSQQVCCUSBZZZEYBAJ736P4LVQH": "/SeedData/Seed Data.xlsx"
          },
          "type": "OpenApiConnection",
          "inputs": {
            "host": {
              "apiId": "/providers/Microsoft.PowerApps/apis/shared_excelonlinebusiness",
              "connectionName": "shared_excelonlinebusiness_1",
              "operationId": "GetItems"
            },
            "parameters": {
              "source": "sites/calyxai.sharepoint.com,064775f8-bc98-4629-a7d8-28cb3a2a6772,fe060b99-8e6f-488c-b3ad-2dabdcbe3aef",
              "drive": "b!-HVHBpi8KUan2CjLOipncpkLBv5vjoxIs60tq9y-Ou9ksSalfhzNS61bf2cQ27xW",
              "file": "013WMGANSQQVCCUSBZZZEYBAJ736P4LVQH",
              "table": "{CB1DCDC0-0FAE-4F6B-801A-7C455D976DE8}"
            },
            "authentication": "@parameters('$authentication')"
          }
        },
        "Foreach_Anatomy": {
          "foreach": "@outputs('List_rows_present_in_Anatomies')?['body/value']",
          "actions": {
            "Foreach_Found_Anatomies": {
              "foreach": "@outputs('List_Found_Anatomies')?['body/value']",
              "actions": {
                "Set_Found_variable_to_true": {
                  "runAfter": {},
                  "metadata": {
                    "operationMetadataId": "618fef6e-2e2b-4afd-9d5e-9bb542726c41"
                  },
                  "type": "SetVariable",
                  "inputs": {
                    "name": "Found",
                    "value": "@true"
                  }
                }
              },
              "runAfter": {
                "List_Found_Anatomies": [
                  "Succeeded"
                ]
              },
              "metadata": {
                "operationMetadataId": "f7d3e4d8-d5ba-4427-a878-9f35bc3d1cfa"
              },
              "type": "Foreach"
            },
            "Set_Found_variable_to_false": {
              "runAfter": {},
              "metadata": {
                "operationMetadataId": "d5669271-82e5-4632-a59b-f1bb2928e10d"
              },
              "type": "SetVariable",
              "inputs": {
                "name": "Found",
                "value": "@false"
              }
            },
            "List_Found_Anatomies": {
              "runAfter": {
                "Set_Found_variable_to_false": [
                  "Succeeded"
                ]
              },
              "metadata": {
                "operationMetadataId": "19a395d8-b4cd-4576-b3d8-60d687f978c2"
              },
              "type": "OpenApiConnection",
              "inputs": {
                "host": {
                  "apiId": "/providers/Microsoft.PowerApps/apis/shared_commondataserviceforapps",
                  "connectionName": "shared_commondataserviceforapps",
                  "operationId": "ListRecords"
                },
                "parameters": {
                  "entityName": "new_anatomies",
                  "$filter": "new_anatomyidnew eq '@{items('Foreach_Anatomy')?['ID']}'",
                  "$top": 1
                },
                "authentication": "@parameters('$authentication')"
              }
            },
            "If_Found_equals_false_then_add": {
              "actions": {
                "Add_Anatomy": {
                  "runAfter": {},
                  "metadata": {
                    "operationMetadataId": "4e5e00bb-10d7-459c-9dfe-7f52088693f0"
                  },
                  "type": "OpenApiConnection",
                  "inputs": {
                    "host": {
                      "apiId": "/providers/Microsoft.PowerApps/apis/shared_commondataserviceforapps",
                      "connectionName": "shared_commondataserviceforapps",
                      "operationId": "CreateRecord"
                    },
                    "parameters": {
                      "entityName": "new_anatomies",
                      "item/new_anatomyidnew": "@items('Foreach_Anatomy')?['ID']",
                      "item/new_anatomyname": "@items('Foreach_Anatomy')?['Anatomy']",
                      "item/new_anatomystatus": 100000000
                    },
                    "authentication": "@parameters('$authentication')"
                  }
                },
                "Increment_Count_variable_by_one": {
                  "runAfter": {
                    "Add_Anatomy": [
                      "Succeeded"
                    ]
                  },
                  "metadata": {
                    "operationMetadataId": "913d2659-13c3-4b48-b353-814a0a97fdbb"
                  },
                  "type": "IncrementVariable",
                  "inputs": {
                    "name": "Count",
                    "value": 1
                  }
                }
              },
              "runAfter": {
                "Foreach_Found_Anatomies": [
                  "Succeeded"
                ]
              },
              "expression": {
                "equals": [
                  "@variables('Found')",
                  "@false"
                ]
              },
              "metadata": {
                "operationMetadataId": "b63034ad-99c4-400d-8ba8-a473b8c91e73"
              },
              "type": "If"
            }
          },
          "runAfter": {
            "List_rows_present_in_Anatomies": [
              "Succeeded"
            ]
          },
          "metadata": {
            "operationMetadataId": "f33f74d4-6435-4d7d-b113-1e6b31bd5cb6"
          },
          "type": "Foreach"
        },
        "Response": {
          "runAfter": {
            "Foreach_Anatomy": [
              "Succeeded"
            ]
          },
          "metadata": {
            "operationMetadataId": "d4061b0c-440e-4798-b570-aefc73feb6ea"
          },
          "type": "Response",
          "kind": "Http",
          "inputs": {
            "statusCode": 200,
            "body": {
              "DateTime": "@utcnow()",
              "Count": "@variables('Count')"
            }
          }
        },
        "Initialize_Found_variable": {
          "runAfter": {
            "Initialize_Count_variable": [
              "Succeeded"
            ]
          },
          "metadata": {
            "operationMetadataId": "da08e10d-4107-4c98-bc9c-34823b61425d"
          },
          "type": "InitializeVariable",
          "inputs": {
            "variables": [
              {
                "name": "Found",
                "type": "boolean",
                "value": "@false"
              }
            ]
          }
        }
      },
      "outputs": {}
    }
  },
  "schemaVersion": "1.0.0.0"
}