{
  "properties": {
    "connectionReferences": {
      "shared_excelonlinebusiness": {
        "runtimeSource": "embedded",
        "connection": {
          "connectionReferenceLogicalName": "mib_sharedexcelonlinebusiness_da9e7"
        },
        "api": {
          "name": "shared_excelonlinebusiness"
        }
      },
      "shared_commondataserviceforapps": {
        "runtimeSource": "embedded",
        "connection": {
          "connectionReferenceLogicalName": "mib_sharedcommondataserviceforapps_3fd47"
        },
        "api": {
          "name": "shared_commondataserviceforapps"
        }
      }
    },
    "definition": {
      "$schema": "https://schema.management.azure.com/providers/Microsoft.Logic/schemas/2016-06-01/workflowdefinition.json#",
      "contentVersion": "1.0.0.0",
      "parameters": {
        "$connections": {
          "defaultValue": {},
          "type": "Object"
        },
        "$authentication": {
          "defaultValue": {},
          "type": "SecureObject"
        }
      },
      "triggers": {
        "manual": {
          "metadata": {
            "operationMetadataId": "f17651dc-703e-41fc-b647-3997aacd42d5"
          },
          "type": "Request",
          "kind": "Button",
          "inputs": {
            "schema": {
              "type": "object",
              "properties": {},
              "required": []
            }
          }
        }
      },
      "actions": {
        "Initialize__Count_variable": {
          "runAfter": {},
          "metadata": {
            "operationMetadataId": "95f8aff7-e827-4458-8877-a6cfcb439c70"
          },
          "type": "InitializeVariable",
          "inputs": {
            "variables": [
              {
                "name": "Count",
                "type": "integer",
                "value": 0
              }
            ]
          }
        },
        "Initialize_Found__variable": {
          "runAfter": {
            "Initialize__Count_variable": [
              "Succeeded"
            ]
          },
          "metadata": {
            "operationMetadataId": "3c15cec8-f7ac-432b-a05e-b00da91b1019"
          },
          "type": "InitializeVariable",
          "inputs": {
            "variables": [
              {
                "name": "Found",
                "type": "boolean",
                "value": "@false"
              }
            ]
          }
        },
        "List_rows_present_in_a_Task_Types": {
          "runAfter": {
            "Initialize_Found__variable": [
              "Succeeded"
            ]
          },
          "metadata": {
            "013WMGANSQQVCCUSBZZZEYBAJ736P4LVQH": "/SeedData/Seed Data.xlsx",
            "operationMetadataId": "341f6e80-dcec-4d34-ad0b-c3482b065b68",
            "tableId": "{E4357933-35DB-4E61-8DD8-9755DF9C63E6}"
          },
          "type": "OpenApiConnection",
          "inputs": {
            "host": {
              "connectionName": "shared_excelonlinebusiness",
              "operationId": "GetItems",
              "apiId": "/providers/Microsoft.PowerApps/apis/shared_excelonlinebusiness"
            },
            "parameters": {
              "source": "sites/calyxai.sharepoint.com,064775f8-bc98-4629-a7d8-28cb3a2a6772,fe060b99-8e6f-488c-b3ad-2dabdcbe3aef",
              "drive": "b!-HVHBpi8KUan2CjLOipncpkLBv5vjoxIs60tq9y-Ou9ksSalfhzNS61bf2cQ27xW",
              "file": "013WMGANSQQVCCUSBZZZEYBAJ736P4LVQH",
              "table": "{E4357933-35DB-4E61-8DD8-9755DF9C63E6}"
            },
            "authentication": {
              "type": "Raw",
              "value": "@json(decodeBase64(triggerOutputs().headers['X-MS-APIM-Tokens']))['$ConnectionKey']"
            }
          }
        },
        "Foreach_Task_Types": {
          "foreach": "@outputs('List_rows_present_in_a_Task_Types')?['body/value']",
          "actions": {
            "Set_Found_variable_to_false": {
              "runAfter": {},
              "metadata": {
                "operationMetadataId": "73e212a2-058a-4fc6-ade6-80728201fc54"
              },
              "type": "SetVariable",
              "inputs": {
                "name": "Found",
                "value": "@false"
              }
            },
            "List_rows_-_Task_Types": {
              "runAfter": {
                "Set_Found_variable_to_false": [
                  "Succeeded"
                ]
              },
              "metadata": {
                "operationMetadataId": "e746b47a-4b89-427f-83fc-c3661b0a053a"
              },
              "type": "OpenApiConnection",
              "inputs": {
                "host": {
                  "connectionName": "shared_commondataserviceforapps",
                  "operationId": "ListRecords",
                  "apiId": "/providers/Microsoft.PowerApps/apis/shared_commondataserviceforapps"
                },
                "parameters": {
                  "entityName": "mib_tasktypeses",
                  "$filter": "mib_name eq '@{items('Foreach_Task_Types')?['Task']}'"
                },
                "authentication": {
                  "type": "Raw",
                  "value": "@json(decodeBase64(triggerOutputs().headers['X-MS-APIM-Tokens']))['$ConnectionKey']"
                }
              }
            },
            "Foreach_Found_Task_Types": {
              "foreach": "@outputs('List_rows_-_Task_Types')?['body/value']",
              "actions": {
                "Set__Found_variable_to_true": {
                  "runAfter": {},
                  "metadata": {
                    "operationMetadataId": "9d430c1f-62cd-436e-9a4f-4faeffb3cd4c"
                  },
                  "type": "SetVariable",
                  "inputs": {
                    "name": "Found",
                    "value": "@true"
                  }
                }
              },
              "runAfter": {
                "List_rows_-_Task_Types": [
                  "Succeeded"
                ]
              },
              "metadata": {
                "operationMetadataId": "bb0cb021-d45e-4ba5-8576-4d09db57c1b5"
              },
              "type": "Foreach"
            },
            "If_Found_equal_to_false_then_add_Task_Types": {
              "actions": {
                "Add_a_new_row_-_Task_Types": {
                  "runAfter": {},
                  "metadata": {
                    "operationMetadataId": "cd849948-ef41-4200-bcb1-54647676225f"
                  },
                  "type": "OpenApiConnection",
                  "inputs": {
                    "host": {
                      "connectionName": "shared_commondataserviceforapps",
                      "operationId": "CreateRecord",
                      "apiId": "/providers/Microsoft.PowerApps/apis/shared_commondataserviceforapps"
                    },
                    "parameters": {
                      "entityName": "mib_tasktypeses",
                      "item/mib_expeditedtatdays": "@items('Foreach_Task_Types')?['Expedited TAT']",
                      "item/mib_standardtatdays": "@items('Foreach_Task_Types')?['Standard TAT']",
                      "item/mib_name": "@items('Foreach_Task_Types')?['Task']"
                    },
                    "authentication": {
                      "type": "Raw",
                      "value": "@json(decodeBase64(triggerOutputs().headers['X-MS-APIM-Tokens']))['$ConnectionKey']"
                    }
                  }
                },
                "Increment_Count__variable_by_one": {
                  "runAfter": {
                    "Add_a_new_row_-_Task_Types": [
                      "Succeeded"
                    ]
                  },
                  "metadata": {
                    "operationMetadataId": "eef7bc89-c65d-4d89-a42e-d30fea335474"
                  },
                  "type": "IncrementVariable",
                  "inputs": {
                    "name": "Count",
                    "value": 1
                  }
                }
              },
              "runAfter": {
                "Foreach_Found_Task_Types": [
                  "Succeeded"
                ]
              },
              "expression": {
                "equals": [
                  "@variables('Found')",
                  "@false"
                ]
              },
              "metadata": {
                "operationMetadataId": "92e52fb8-df28-4791-a6aa-bcd13e7ede50"
              },
              "type": "If"
            }
          },
          "runAfter": {
            "List_rows_present_in_a_Task_Types": [
              "Succeeded"
            ]
          },
          "metadata": {
            "operationMetadataId": "139237c8-1fc6-4a7d-8940-49e7cfb686c9"
          },
          "type": "Foreach"
        },
        "Response": {
          "runAfter": {
            "Foreach_Task_Types": [
              "Succeeded"
            ]
          },
          "metadata": {
            "operationMetadataId": "d4061b0c-440e-4798-b570-aefc73feb6ea"
          },
          "type": "Response",
          "kind": "Http",
          "inputs": {
            "statusCode": 200,
            "body": {
              "DateTime": "@utcnow()",
              "Count": "@variables('Count')"
            }
          }
        }
      },
      "outputs": {}
    }
  },
  "schemaVersion": "1.0.0.0"
}