{
  "properties": {
    "connectionReferences": {
      "shared_excelonlinebusiness": {
        "runtimeSource": "embedded",
        "connection": {
          "connectionReferenceLogicalName": "mib_sharedexcelonlinebusiness_da9e7"
        },
        "api": {
          "name": "shared_excelonlinebusiness"
        }
      },
      "shared_commondataserviceforapps": {
        "impersonation": {},
        "runtimeSource": "embedded",
        "connection": {
          "connectionReferenceLogicalName": "mib_MicrosoftDataverseMIBAdmin"
        },
        "api": {
          "name": "shared_commondataserviceforapps"
        }
      }
    },
    "definition": {
      "$schema": "https://schema.management.azure.com/providers/Microsoft.Logic/schemas/2016-06-01/workflowdefinition.json#",
      "contentVersion": "1.0.0.0",
      "parameters": {
        "$connections": {
          "defaultValue": {},
          "type": "Object"
        },
        "$authentication": {
          "defaultValue": {},
          "type": "SecureObject"
        }
      },
      "triggers": {
        "manual": {
          "metadata": {
            "operationMetadataId": "aae30b4c-57c3-40c2-90f9-289c9aae279f"
          },
          "type": "Request",
          "kind": "Button",
          "inputs": {
            "schema": {
              "type": "object",
              "properties": {},
              "required": []
            }
          }
        }
      },
      "actions": {
        "Response": {
          "runAfter": {
            "Foreach_Modality": [
              "Succeeded"
            ]
          },
          "metadata": {
            "operationMetadataId": "4096991e-dddf-4c2d-989b-a0c144222180"
          },
          "type": "Response",
          "kind": "Http",
          "inputs": {
            "statusCode": 200,
            "body": {
              "DateTime": "@utcnow()",
              "Count": "@variables('Count')"
            }
          }
        },
        "Initialize_Count_variable": {
          "runAfter": {},
          "metadata": {
            "operationMetadataId": "7e42755b-d285-47d9-9a61-b97a8d72a33f"
          },
          "type": "InitializeVariable",
          "inputs": {
            "variables": [
              {
                "name": "Count",
                "type": "integer",
                "value": 0
              }
            ]
          }
        },
        "List_rows_present_in_Modalities": {
          "runAfter": {
            "Initialize_Found_variable": [
              "Succeeded"
            ]
          },
          "metadata": {
            "017E62MN6KUE7CKDGK5JFKCPJD6OYIHMJQ": "/Seed Data.xlsx",
            "tableId": "{07E54768-D307-4013-A349-6D90BB00D791}",
            "operationMetadataId": "c73530ca-1421-4cbd-b102-9553139d2214",
            "013WMGANSQQVCCUSBZZZEYBAJ736P4LVQH": "/SeedData/Seed Data.xlsx"
          },
          "type": "OpenApiConnection",
          "inputs": {
            "host": {
              "apiId": "/providers/Microsoft.PowerApps/apis/shared_excelonlinebusiness",
              "connectionName": "shared_excelonlinebusiness",
              "operationId": "GetItems"
            },
            "parameters": {
              "source": "sites/calyxai.sharepoint.com,064775f8-bc98-4629-a7d8-28cb3a2a6772,fe060b99-8e6f-488c-b3ad-2dabdcbe3aef",
              "drive": "b!-HVHBpi8KUan2CjLOipncpkLBv5vjoxIs60tq9y-Ou9ksSalfhzNS61bf2cQ27xW",
              "file": "013WMGANSQQVCCUSBZZZEYBAJ736P4LVQH",
              "table": "{07E54768-D307-4013-A349-6D90BB00D791}"
            },
            "authentication": "@parameters('$authentication')"
          }
        },
        "Foreach_Modality": {
          "foreach": "@outputs('List_rows_present_in_Modalities')?['body/value']",
          "actions": {
            "Foreach_Found_Modality": {
              "foreach": "@outputs('Find_Modality')?['body/value']",
              "actions": {
                "Set_Found_variable_to_true": {
                  "runAfter": {},
                  "metadata": {
                    "operationMetadataId": "c7303ded-7ae8-444c-9af2-0b1345d7d784"
                  },
                  "type": "SetVariable",
                  "inputs": {
                    "name": "Found",
                    "value": "@true"
                  }
                }
              },
              "runAfter": {
                "Set_Found_variable_to_false": [
                  "Succeeded"
                ]
              },
              "metadata": {
                "operationMetadataId": "a84abb52-e8cd-47ef-bfca-b5b6e12bdd24"
              },
              "type": "Foreach"
            },
            "If_Found_equals_false_then_add": {
              "actions": {
                "Add_new_Modality": {
                  "runAfter": {},
                  "metadata": {
                    "operationMetadataId": "5eb5b9db-3aea-4981-83c9-12d626036088"
                  },
                  "type": "OpenApiConnection",
                  "inputs": {
                    "host": {
                      "apiId": "/providers/Microsoft.PowerApps/apis/shared_commondataserviceforapps",
                      "connectionName": "shared_commondataserviceforapps",
                      "operationId": "CreateRecord"
                    },
                    "parameters": {
                      "entityName": "new_modalities",
                      "item/new_modalitycodeid": "@items('Foreach_Modality')?['Code ID']",
                      "item/new_modalityname": "@items('Foreach_Modality')?['Acronym']",
                      "item/mib_fullname": "@items('Foreach_Modality')?['Name']"
                    },
                    "authentication": "@parameters('$authentication')"
                  }
                },
                "Increment_Count_variable_by_one": {
                  "runAfter": {
                    "Add_new_Modality": [
                      "Succeeded"
                    ]
                  },
                  "metadata": {
                    "operationMetadataId": "ad250527-398d-4515-8883-54350692a487"
                  },
                  "type": "IncrementVariable",
                  "inputs": {
                    "name": "Count",
                    "value": 1
                  }
                }
              },
              "runAfter": {
                "Foreach_Found_Modality": [
                  "Succeeded"
                ]
              },
              "expression": {
                "equals": [
                  "@variables('Found')",
                  "@false"
                ]
              },
              "metadata": {
                "operationMetadataId": "9c1f30e1-7cc3-4c17-bfd5-49d7cf846001"
              },
              "type": "If"
            },
            "Find_Modality": {
              "runAfter": {},
              "metadata": {
                "operationMetadataId": "649949a3-dcfa-477b-8b8e-684bc8c56e69"
              },
              "type": "OpenApiConnection",
              "inputs": {
                "host": {
                  "apiId": "/providers/Microsoft.PowerApps/apis/shared_commondataserviceforapps",
                  "connectionName": "shared_commondataserviceforapps",
                  "operationId": "ListRecords"
                },
                "parameters": {
                  "entityName": "new_modalities",
                  "$filter": "new_modalitycodeid eq '@{items('Foreach_Modality')?['Code ID']}'",
                  "$top": 1
                },
                "authentication": "@parameters('$authentication')"
              }
            },
            "Set_Found_variable_to_false": {
              "runAfter": {
                "Find_Modality": [
                  "Succeeded"
                ]
              },
              "metadata": {
                "operationMetadataId": "02e3f485-8340-4a91-b247-10817882a44f"
              },
              "type": "SetVariable",
              "inputs": {
                "name": "Found",
                "value": "@false"
              }
            }
          },
          "runAfter": {
            "List_rows_present_in_Modalities": [
              "Succeeded"
            ]
          },
          "metadata": {
            "operationMetadataId": "09852200-5ba5-437a-8d83-9b4bd4e5e5aa"
          },
          "type": "Foreach"
        },
        "Initialize_Found_variable": {
          "runAfter": {
            "Initialize_Count_variable": [
              "Succeeded"
            ]
          },
          "metadata": {
            "operationMetadataId": "83dd73b8-8240-4f0b-8478-bf2b34ab6329"
          },
          "type": "InitializeVariable",
          "inputs": {
            "variables": [
              {
                "name": "Found",
                "type": "boolean",
                "value": "@false"
              }
            ]
          }
        }
      },
      "outputs": {}
    }
  },
  "schemaVersion": "1.0.0.0"
}