{
  "properties": {
    "connectionReferences": {
      "shared_commondataserviceforapps": {
        "runtimeSource": "embedded",
        "connection": {
          "connectionReferenceLogicalName": "mib_MicrosoftDataverseMIBAdmin"
        },
        "api": {
          "name": "shared_commondataserviceforapps"
        }
      },
      "shared_commondataserviceforapps_1": {
        "runtimeSource": "embedded",
        "connection": {
          "connectionReferenceLogicalName": "mib_MicrosoftDataverseMIBAdmin"
        },
        "api": {
          "name": "shared_commondataserviceforapps"
        }
      }
    },
    "definition": {
      "$schema": "https://schema.management.azure.com/providers/Microsoft.Logic/schemas/2016-06-01/workflowdefinition.json#",
      "contentVersion": "1.0.0.0",
      "parameters": {
        "$connections": {
          "defaultValue": {},
          "type": "Object"
        },
        "$authentication": {
          "defaultValue": {},
          "type": "SecureObject"
        }
      },
      "triggers": {
        "manual": {
          "metadata": {
            "operationMetadataId": "13300685-184a-4927-93d6-2bc215098a75"
          },
          "type": "Request",
          "kind": "Button",
          "inputs": {
            "schema": {
              "type": "object",
              "properties": {
                "text": {
                  "title": "TherapeuticAreaId",
                  "type": "string",
                  "x-ms-dynamically-added": true,
                  "description": "Please enter your input",
                  "x-ms-content-hint": "TEXT"
                },
                "text_1": {
                  "title": "Indications",
                  "type": "string",
                  "x-ms-dynamically-added": true,
                  "description": "Please enter your input",
                  "x-ms-content-hint": "TEXT"
                },
                "text_2": {
                  "title": "Segment",
                  "type": "string",
                  "x-ms-dynamically-added": true,
                  "description": "Please enter your input",
                  "x-ms-content-hint": "TEXT"
                },
                "text_3": {
                  "title": "Recommended Criteria",
                  "type": "string",
                  "x-ms-dynamically-added": true,
                  "description": "Please enter your input",
                  "x-ms-content-hint": "TEXT"
                },
                "text_4": {
                  "title": "Premium Criteria Measurements",
                  "type": "string",
                  "x-ms-dynamically-added": true,
                  "description": "Please enter your input",
                  "x-ms-content-hint": "TEXT"
                },
                "text_5": {
                  "title": "Recommended Criteria Measurements",
                  "type": "string",
                  "x-ms-dynamically-added": true,
                  "description": "Please enter your input",
                  "x-ms-content-hint": "TEXT"
                },
                "text_6": {
                  "title": "Academic Criteria Measurements",
                  "type": "string",
                  "x-ms-dynamically-added": true,
                  "description": "Please enter your input",
                  "x-ms-content-hint": "TEXT"
                },
                "text_7": {
                  "title": "Academic Criteria",
                  "type": "string",
                  "x-ms-dynamically-added": true,
                  "description": "Please enter your input",
                  "x-ms-content-hint": "TEXT"
                }
              },
              "required": [
                "text",
                "text_1",
                "text_2",
                "text_3",
                "text_4",
                "text_5",
                "text_6",
                "text_7"
              ]
            }
          }
        }
      },
      "actions": {
        "Set_Variable_-_TherapeticAreaId": {
          "runAfter": {},
          "metadata": {
            "operationMetadataId": "f33ff17f-0633-4aea-999e-92211e820016"
          },
          "type": "InitializeVariable",
          "inputs": {
            "variables": [
              {
                "name": "TherapeuticAreaId",
                "type": "string",
                "value": "@triggerBody()['text']"
              }
            ]
          }
        },
        "Response": {
          "runAfter": {
            "Condition_-_Academic_Criteria_Array": [
              "Succeeded"
            ]
          },
          "metadata": {
            "operationMetadataId": "42d2d36a-8953-4c43-b7f7-07d932a22e49"
          },
          "type": "Response",
          "kind": "Http",
          "inputs": {
            "statusCode": 200,
            "body": "Success"
          }
        },
        "Initialize_variable_-_Indication_Array": {
          "runAfter": {
            "Set_Variable_-_TherapeticAreaId": [
              "Succeeded"
            ]
          },
          "metadata": {
            "operationMetadataId": "eac33c63-1806-441e-a449-f5c784628d5c"
          },
          "type": "InitializeVariable",
          "inputs": {
            "variables": [
              {
                "name": "Indication Array",
                "type": "array",
                "value": "@split(triggerBody()['text_1'],';')"
              }
            ]
          }
        },
        "Condition_Indication_Array_Length": {
          "actions": {
            "Foreach_Indication_Array": {
              "foreach": "@variables('Indication Array')",
              "actions": {
                "List_rows_-_Indications": {
                  "runAfter": {},
                  "metadata": {
                    "operationMetadataId": "a5c91c74-604d-4fb0-bf5c-3c1a71f15231"
                  },
                  "type": "OpenApiConnection",
                  "inputs": {
                    "host": {
                      "connectionName": "shared_commondataserviceforapps",
                      "operationId": "ListRecords",
                      "apiId": "/providers/Microsoft.PowerApps/apis/shared_commondataserviceforapps"
                    },
                    "parameters": {
                      "entityName": "mib_indications",
                      "$filter": "mib_name eq '@{replace(items('Foreach_Indication_Array'),'''','''''')}'",
                      "$top": 1
                    },
                    "authentication": {
                      "type": "Raw",
                      "value": "@json(decodeBase64(triggerOutputs().headers['X-MS-APIM-Tokens']))['$ConnectionKey']"
                    }
                  }
                },
                "Apply_to_each": {
                  "foreach": "@outputs('List_rows_-_Indications')?['body/value']",
                  "actions": {
                    "Relate_rows_4": {
                      "runAfter": {},
                      "metadata": {
                        "operationMetadataId": "c9558252-83a7-48e2-8720-469368565fa1"
                      },
                      "type": "OpenApiConnection",
                      "inputs": {
                        "host": {
                          "connectionName": "shared_commondataserviceforapps_1",
                          "operationId": "AssociateEntities",
                          "apiId": "/providers/Microsoft.PowerApps/apis/shared_commondataserviceforapps"
                        },
                        "parameters": {
                          "entityName": "new_therapeuticareas",
                          "recordId": "@variables('TherapeuticAreaId')",
                          "associationEntityRelationship": "mib_mib_indication_new_therapeuticarea",
                          "item/@odata.id": "@items('Apply_to_each')?['@odata.id']"
                        },
                        "authentication": {
                          "type": "Raw",
                          "value": "@json(decodeBase64(triggerOutputs().headers['X-MS-APIM-Tokens']))['$ConnectionKey']"
                        }
                      }
                    }
                  },
                  "runAfter": {
                    "List_rows_-_Indications": [
                      "Succeeded"
                    ]
                  },
                  "metadata": {
                    "operationMetadataId": "3907a4a9-1a70-471e-b38e-298e7d77f86b"
                  },
                  "type": "Foreach"
                }
              },
              "runAfter": {},
              "metadata": {
                "operationMetadataId": "5e90825d-90fc-4d28-9616-9761e5c29fc8"
              },
              "type": "Foreach"
            }
          },
          "runAfter": {
            "Initialize_variable_-_Academic_Criteria_Array": [
              "Succeeded"
            ]
          },
          "expression": {
            "greater": [
              "@length(variables('Indication Array'))",
              0
            ]
          },
          "metadata": {
            "operationMetadataId": "8aa0822b-2d99-481e-bc44-67b74754fe65"
          },
          "type": "If"
        },
        "Initialize_variable_-_Segment_Array": {
          "runAfter": {
            "Initialize_variable_-_Indication_Array": [
              "Succeeded"
            ]
          },
          "metadata": {
            "operationMetadataId": "eac33c63-1806-441e-a449-f5c784628d5c"
          },
          "type": "InitializeVariable",
          "inputs": {
            "variables": [
              {
                "name": "Segment Array",
                "type": "array",
                "value": "@split(triggerBody()['text_2'],';')"
              }
            ]
          }
        },
        "Condition_-_Recommended_Criteria": {
          "actions": {
            "Foreach_-_Recommended_Criteria_Array": {
              "foreach": "@variables('Recommneded Criteria Array')",
              "actions": {
                "List_rows_-_Recommended_Criteria": {
                  "runAfter": {},
                  "metadata": {
                    "operationMetadataId": "5d5ecfeb-b50c-41c6-9a81-fdcf9f241cad"
                  },
                  "type": "OpenApiConnection",
                  "inputs": {
                    "host": {
                      "connectionName": "shared_commondataserviceforapps",
                      "operationId": "ListRecords",
                      "apiId": "/providers/Microsoft.PowerApps/apis/shared_commondataserviceforapps"
                    },
                    "parameters": {
                      "entityName": "mib_recommendedcriterias",
                      "$filter": "mib_name eq '@{replace(items('Foreach_-_Recommended_Criteria_Array'),'''','''''')}'"
                    },
                    "authentication": {
                      "type": "Raw",
                      "value": "@json(decodeBase64(triggerOutputs().headers['X-MS-APIM-Tokens']))['$ConnectionKey']"
                    }
                  }
                },
                "Foreach_-_Recommended_Criteria": {
                  "foreach": "@outputs('List_rows_-_Recommended_Criteria')?['body/value']",
                  "actions": {
                    "Relate_rows_-_RecommendedCriteria": {
                      "runAfter": {},
                      "metadata": {
                        "operationMetadataId": "b820001e-b33b-431b-81e5-6de242402165"
                      },
                      "type": "OpenApiConnection",
                      "inputs": {
                        "host": {
                          "connectionName": "shared_commondataserviceforapps",
                          "operationId": "AssociateEntities",
                          "apiId": "/providers/Microsoft.PowerApps/apis/shared_commondataserviceforapps"
                        },
                        "parameters": {
                          "entityName": "new_therapeuticareas",
                          "recordId": "@variables('TherapeuticAreaId')",
                          "associationEntityRelationship": "mib_mib_recommendedcriteria_new_therapeuticar",
                          "item/@odata.id": "@items('Foreach_-_Recommended_Criteria')?['@odata.id']"
                        },
                        "authentication": {
                          "type": "Raw",
                          "value": "@json(decodeBase64(triggerOutputs().headers['X-MS-APIM-Tokens']))['$ConnectionKey']"
                        }
                      }
                    }
                  },
                  "runAfter": {
                    "List_rows_-_Recommended_Criteria": [
                      "Succeeded"
                    ]
                  },
                  "metadata": {
                    "operationMetadataId": "46d91570-70e4-413c-b6a7-2d621e942fc9"
                  },
                  "type": "Foreach"
                }
              },
              "runAfter": {},
              "metadata": {
                "operationMetadataId": "b7b0c634-2427-4c96-a20c-975558400e2e"
              },
              "type": "Foreach"
            }
          },
          "runAfter": {
            "Condition_-_Segment_Array": [
              "Succeeded"
            ]
          },
          "expression": {
            "greater": [
              "@length(variables('Recommneded Criteria Array'))",
              0
            ]
          },
          "metadata": {
            "operationMetadataId": "87f68477-c457-4c70-89d2-93f3cc55fab5"
          },
          "type": "If"
        },
        "Initialize_variable_-_Recommneded_Criteria_Array": {
          "runAfter": {
            "Initialize_variable_-_Segment_Array": [
              "Succeeded"
            ]
          },
          "metadata": {
            "operationMetadataId": "17027f5e-4ceb-4ecf-8a41-036384226b51"
          },
          "type": "InitializeVariable",
          "inputs": {
            "variables": [
              {
                "name": "Recommneded Criteria Array",
                "type": "array",
                "value": "@split(triggerBody()['text_3'],';')"
              }
            ]
          }
        },
        "Condition_-_Segment_Array": {
          "actions": {
            "Foreach_-_Segment_Array": {
              "foreach": "@variables('Segment Array')",
              "actions": {
                "List_rows_-_Segments": {
                  "runAfter": {},
                  "metadata": {
                    "operationMetadataId": "fbfee09c-553a-492f-93a3-e2efcc9cf2f8"
                  },
                  "type": "OpenApiConnection",
                  "inputs": {
                    "host": {
                      "connectionName": "shared_commondataserviceforapps",
                      "operationId": "ListRecords",
                      "apiId": "/providers/Microsoft.PowerApps/apis/shared_commondataserviceforapps"
                    },
                    "parameters": {
                      "entityName": "mib_segments",
                      "$filter": "mib_name eq '@{replace(items('Foreach_-_Segment_Array'),'''','''''')}'",
                      "$top": 1
                    },
                    "authentication": {
                      "type": "Raw",
                      "value": "@json(decodeBase64(triggerOutputs().headers['X-MS-APIM-Tokens']))['$ConnectionKey']"
                    }
                  }
                },
                "Foreach_-_Segments": {
                  "foreach": "@outputs('List_rows_-_Segments')?['body/value']",
                  "actions": {
                    "Relate_rows_-_Segment": {
                      "runAfter": {},
                      "metadata": {
                        "operationMetadataId": "15113516-807d-40f1-8a0a-60267d8f8556"
                      },
                      "type": "OpenApiConnection",
                      "inputs": {
                        "host": {
                          "connectionName": "shared_commondataserviceforapps",
                          "operationId": "AssociateEntities",
                          "apiId": "/providers/Microsoft.PowerApps/apis/shared_commondataserviceforapps"
                        },
                        "parameters": {
                          "entityName": "new_therapeuticareas",
                          "recordId": "@variables('TherapeuticAreaId')",
                          "associationEntityRelationship": "mib_mib_segment_new_therapeuticarea",
                          "item/@odata.id": "@items('Foreach_-_Segments')?['@odata.id']"
                        },
                        "authentication": {
                          "type": "Raw",
                          "value": "@json(decodeBase64(triggerOutputs().headers['X-MS-APIM-Tokens']))['$ConnectionKey']"
                        }
                      }
                    }
                  },
                  "runAfter": {
                    "List_rows_-_Segments": [
                      "Succeeded"
                    ]
                  },
                  "metadata": {
                    "operationMetadataId": "f8b83e32-9a5e-4b06-ad3d-c2fefca86993"
                  },
                  "type": "Foreach"
                }
              },
              "runAfter": {},
              "metadata": {
                "operationMetadataId": "19ea93aa-08b6-4c7d-a6bd-1f8556d2fdc4"
              },
              "type": "Foreach"
            }
          },
          "runAfter": {
            "Condition_Indication_Array_Length": [
              "Succeeded"
            ]
          },
          "expression": {
            "greater": [
              "@length(variables('Segment Array'))",
              0
            ]
          },
          "metadata": {
            "operationMetadataId": "0b38d7e7-dae4-4c4e-b25c-c787bbe5ad5a"
          },
          "type": "If"
        },
        "Condition_-_Recommended_Criteria_Measurements_Array": {
          "actions": {
            "Foreach_-_Recommended_Criteria_Measurements_Array": {
              "foreach": "@variables('Recommended Criteria Measurements Array')",
              "actions": {
                "List_rows_-_Recommended_Criteria_Measurements_": {
                  "runAfter": {},
                  "metadata": {
                    "operationMetadataId": "46188666-5e81-4306-bd03-7c35f65a50b8"
                  },
                  "type": "OpenApiConnection",
                  "inputs": {
                    "host": {
                      "connectionName": "shared_commondataserviceforapps",
                      "operationId": "ListRecords",
                      "apiId": "/providers/Microsoft.PowerApps/apis/shared_commondataserviceforapps"
                    },
                    "parameters": {
                      "entityName": "mib_recommendedcriteriameasurements",
                      "$filter": "mib_name eq '@{replace(items('Foreach_-_Recommended_Criteria_Measurements_Array'),'''','''''')}'",
                      "$top": 1
                    },
                    "authentication": {
                      "type": "Raw",
                      "value": "@json(decodeBase64(triggerOutputs().headers['X-MS-APIM-Tokens']))['$ConnectionKey']"
                    }
                  }
                },
                "Foreach_Recommended_Criteria_Measurements": {
                  "foreach": "@outputs('List_rows_-_Recommended_Criteria_Measurements_')?['body/value']",
                  "actions": {
                    "Relate_rows_-_Recommended_Criteria_Measurements": {
                      "runAfter": {},
                      "metadata": {
                        "operationMetadataId": "63994ff5-285e-4d78-9482-7a370d29ef39"
                      },
                      "type": "OpenApiConnection",
                      "inputs": {
                        "host": {
                          "connectionName": "shared_commondataserviceforapps",
                          "operationId": "AssociateEntities",
                          "apiId": "/providers/Microsoft.PowerApps/apis/shared_commondataserviceforapps"
                        },
                        "parameters": {
                          "entityName": "new_therapeuticareas",
                          "recordId": "@variables('TherapeuticAreaId')",
                          "associationEntityRelationship": "mib_mib_recommendedcriteriameasurement_new_th",
                          "item/@odata.id": "@items('Foreach_Recommended_Criteria_Measurements')?['@odata.id']"
                        },
                        "authentication": {
                          "type": "Raw",
                          "value": "@json(decodeBase64(triggerOutputs().headers['X-MS-APIM-Tokens']))['$ConnectionKey']"
                        }
                      }
                    }
                  },
                  "runAfter": {
                    "List_rows_-_Recommended_Criteria_Measurements_": [
                      "Succeeded"
                    ]
                  },
                  "metadata": {
                    "operationMetadataId": "e6489c4f-0ce2-4df8-931c-e92cb0009ae6"
                  },
                  "type": "Foreach"
                }
              },
              "runAfter": {},
              "metadata": {
                "operationMetadataId": "e6ee86ff-f0bd-4409-95d3-ee6e6c647547"
              },
              "type": "Foreach"
            }
          },
          "runAfter": {
            "Condition_-_Recommended_Criteria": [
              "Succeeded"
            ]
          },
          "expression": {
            "greater": [
              "@length(variables('Recommended Criteria Measurements Array'))",
              0
            ]
          },
          "metadata": {
            "operationMetadataId": "cd1db813-ce8b-4900-8929-92157f31759e"
          },
          "type": "If"
        },
        "Initialize_variable_-_Recommended_Criteria_Measurements_Array": {
          "runAfter": {
            "Initialize_variable_-_Recommneded_Criteria_Array": [
              "Succeeded"
            ]
          },
          "metadata": {
            "operationMetadataId": "5aae79d4-7f0f-4c56-b0b7-23a5d55ca9d7"
          },
          "type": "InitializeVariable",
          "inputs": {
            "variables": [
              {
                "name": "Recommended Criteria Measurements Array",
                "type": "array",
                "value": "@split(triggerBody()['text_5'],';')"
              }
            ]
          }
        },
        "Condition_-_Premium_Criteria_Measurements_Array_Length": {
          "actions": {
            "Foreach_-_Premium_Criteria_Measurements_Array": {
              "foreach": "@variables('Premium Criteria Measurements Array')",
              "actions": {
                "List_rows_-_Premium_Criteria_Measurements": {
                  "runAfter": {},
                  "metadata": {
                    "operationMetadataId": "0b945f7d-bf8f-435d-9be0-02bd3b572ceb"
                  },
                  "type": "OpenApiConnection",
                  "inputs": {
                    "host": {
                      "connectionName": "shared_commondataserviceforapps",
                      "operationId": "ListRecords",
                      "apiId": "/providers/Microsoft.PowerApps/apis/shared_commondataserviceforapps"
                    },
                    "parameters": {
                      "entityName": "mib_premiumcriteriameasurements",
                      "$filter": "mib_name eq '@{replace(items('Foreach_-_Premium_Criteria_Measurements_Array'),'''','''''')}'",
                      "$top": 1
                    },
                    "authentication": {
                      "type": "Raw",
                      "value": "@json(decodeBase64(triggerOutputs().headers['X-MS-APIM-Tokens']))['$ConnectionKey']"
                    }
                  }
                },
                "Foreach_-_Premium_Criteria_Measurements": {
                  "foreach": "@outputs('List_rows_-_Premium_Criteria_Measurements')?['body/value']",
                  "actions": {
                    "Relate_rows_-_Premium_Criteria_Measurements": {
                      "runAfter": {},
                      "metadata": {
                        "operationMetadataId": "4f497603-964b-487b-bd8a-45fead3ea6fe"
                      },
                      "type": "OpenApiConnection",
                      "inputs": {
                        "host": {
                          "connectionName": "shared_commondataserviceforapps",
                          "operationId": "AssociateEntities",
                          "apiId": "/providers/Microsoft.PowerApps/apis/shared_commondataserviceforapps"
                        },
                        "parameters": {
                          "entityName": "new_therapeuticareas",
                          "recordId": "@variables('TherapeuticAreaId')",
                          "associationEntityRelationship": "mib_mib_premiumcriteriameasurement_new_therap",
                          "item/@odata.id": "@items('Foreach_-_Premium_Criteria_Measurements')?['@odata.id']"
                        },
                        "authentication": {
                          "type": "Raw",
                          "value": "@json(decodeBase64(triggerOutputs().headers['X-MS-APIM-Tokens']))['$ConnectionKey']"
                        }
                      }
                    }
                  },
                  "runAfter": {
                    "List_rows_-_Premium_Criteria_Measurements": [
                      "Succeeded"
                    ]
                  },
                  "metadata": {
                    "operationMetadataId": "f58acc48-1b1d-4bb7-ae92-09648c211906"
                  },
                  "type": "Foreach"
                }
              },
              "runAfter": {},
              "metadata": {
                "operationMetadataId": "9db904d4-804a-4775-b9f5-cee58e3944eb"
              },
              "type": "Foreach"
            }
          },
          "runAfter": {
            "Condition_-_Recommended_Criteria_Measurements_Array": [
              "Succeeded"
            ]
          },
          "expression": {
            "greater": [
              "@length(variables('Premium Criteria Measurements Array'))",
              0
            ]
          },
          "metadata": {
            "operationMetadataId": "d7383df7-6153-4c31-834b-3f8aa409fde5"
          },
          "type": "If"
        },
        "Initialize_variable_-_Premium_Criteria_Measurements_Array": {
          "runAfter": {
            "Initialize_variable_-_Recommended_Criteria_Measurements_Array": [
              "Succeeded"
            ]
          },
          "metadata": {
            "operationMetadataId": "38b27dbd-9b86-4ac8-a64e-0fd6377d6f0b"
          },
          "type": "InitializeVariable",
          "inputs": {
            "variables": [
              {
                "name": "Premium Criteria Measurements Array",
                "type": "array",
                "value": "@split(triggerBody()['text_4'],';')"
              }
            ]
          }
        },
        "Initialize_variable_-_Academic_Criteria_Measurements__Array": {
          "runAfter": {
            "Initialize_variable_-_Premium_Criteria_Measurements_Array": [
              "Succeeded"
            ]
          },
          "metadata": {
            "operationMetadataId": "16e3da25-07c8-434a-b702-e43343b1e0b2"
          },
          "type": "InitializeVariable",
          "inputs": {
            "variables": [
              {
                "name": "Academic Criteria Measurements  Array",
                "type": "array",
                "value": "@split(triggerBody()['text_6'],';')"
              }
            ]
          }
        },
        "Condition_-_Academic_Criteria_Measurements__Array": {
          "actions": {
            "Foreach_Academic_Criteria_Measurements_Array_Length": {
              "foreach": "@variables('Academic Criteria Measurements  Array')",
              "actions": {
                "List_rows_-_Academic_Criteria_Measurements_": {
                  "runAfter": {},
                  "metadata": {
                    "operationMetadataId": "9083bd59-45f0-4d6d-b142-e5e3064de2a7"
                  },
                  "type": "OpenApiConnection",
                  "inputs": {
                    "host": {
                      "connectionName": "shared_commondataserviceforapps",
                      "operationId": "ListRecords",
                      "apiId": "/providers/Microsoft.PowerApps/apis/shared_commondataserviceforapps"
                    },
                    "parameters": {
                      "entityName": "mib_academiccriteriameasurements",
                      "$filter": "mib_name eq '@{replace(items('Foreach_Academic_Criteria_Measurements_Array_Length'),'''','''''')}'",
                      "$top": 1
                    },
                    "authentication": {
                      "type": "Raw",
                      "value": "@json(decodeBase64(triggerOutputs().headers['X-MS-APIM-Tokens']))['$ConnectionKey']"
                    }
                  }
                },
                "Foreach_-_Academic_Criteria_Measurements__": {
                  "foreach": "@outputs('List_rows_-_Academic_Criteria_Measurements_')?['body/value']",
                  "actions": {
                    "Relate_rows_-_Academic_Criteria_Measurements_": {
                      "runAfter": {},
                      "metadata": {
                        "operationMetadataId": "897b3ec0-3fc8-48d5-a877-7e68e2ac50af"
                      },
                      "type": "OpenApiConnection",
                      "inputs": {
                        "host": {
                          "connectionName": "shared_commondataserviceforapps",
                          "operationId": "AssociateEntities",
                          "apiId": "/providers/Microsoft.PowerApps/apis/shared_commondataserviceforapps"
                        },
                        "parameters": {
                          "entityName": "new_therapeuticareas",
                          "recordId": "@variables('TherapeuticAreaId')",
                          "associationEntityRelationship": "mib_mib_academiccriteriameasurement_new_thera",
                          "item/@odata.id": "@items('Foreach_-_Academic_Criteria_Measurements__')?['@odata.id']"
                        },
                        "authentication": {
                          "type": "Raw",
                          "value": "@json(decodeBase64(triggerOutputs().headers['X-MS-APIM-Tokens']))['$ConnectionKey']"
                        }
                      }
                    }
                  },
                  "runAfter": {
                    "List_rows_-_Academic_Criteria_Measurements_": [
                      "Succeeded"
                    ]
                  },
                  "metadata": {
                    "operationMetadataId": "61a18b34-b55b-4518-8d00-2f72cca2aed8"
                  },
                  "type": "Foreach"
                }
              },
              "runAfter": {},
              "metadata": {
                "operationMetadataId": "b93aa6c1-84f6-495e-ae4a-b6a6cd0fc504"
              },
              "type": "Foreach"
            }
          },
          "runAfter": {
            "Condition_-_Premium_Criteria_Measurements_Array_Length": [
              "Succeeded"
            ]
          },
          "expression": {
            "greater": [
              "@length(variables('Academic Criteria Measurements  Array'))",
              0
            ]
          },
          "metadata": {
            "operationMetadataId": "0198e5cd-97ab-40b2-8fae-d4ef2e6bdd8c"
          },
          "type": "If"
        },
        "Initialize_variable_-_Academic_Criteria_Array": {
          "runAfter": {
            "Initialize_variable_-_Academic_Criteria_Measurements__Array": [
              "Succeeded"
            ]
          },
          "metadata": {
            "operationMetadataId": "7505dd1f-697b-4d01-9402-c39df9f932c9"
          },
          "type": "InitializeVariable",
          "inputs": {
            "variables": [
              {
                "name": "Academic Criteria Array",
                "type": "array",
                "value": "@split(triggerBody()['text_7'],';')"
              }
            ]
          }
        },
        "Condition_-_Academic_Criteria_Array": {
          "actions": {
            "Foreach_-_Academic_Criteria_Array_": {
              "foreach": "@variables('Academic Criteria Array')",
              "actions": {
                "List_rows_-_Academic_Criteria": {
                  "runAfter": {},
                  "metadata": {
                    "operationMetadataId": "bab712e1-5713-4209-be86-d2fdcbd70b51"
                  },
                  "type": "OpenApiConnection",
                  "inputs": {
                    "host": {
                      "connectionName": "shared_commondataserviceforapps",
                      "operationId": "ListRecords",
                      "apiId": "/providers/Microsoft.PowerApps/apis/shared_commondataserviceforapps"
                    },
                    "parameters": {
                      "entityName": "mib_academiccriterias",
                      "$filter": "mib_name eq '@{replace(items('Foreach_-_Academic_Criteria_Array_'),'''','''''')}'",
                      "$top": 1
                    },
                    "authentication": {
                      "type": "Raw",
                      "value": "@json(decodeBase64(triggerOutputs().headers['X-MS-APIM-Tokens']))['$ConnectionKey']"
                    }
                  }
                },
                "Foreach_-_Academic_Criteria_": {
                  "foreach": "@outputs('List_rows_-_Academic_Criteria')?['body/value']",
                  "actions": {
                    "Relate_rows_-_Academic_Criteria": {
                      "runAfter": {},
                      "metadata": {
                        "operationMetadataId": "ea8f50f6-a9e6-4a56-b0cf-8b1dc642f315"
                      },
                      "type": "OpenApiConnection",
                      "inputs": {
                        "host": {
                          "connectionName": "shared_commondataserviceforapps",
                          "operationId": "AssociateEntities",
                          "apiId": "/providers/Microsoft.PowerApps/apis/shared_commondataserviceforapps"
                        },
                        "parameters": {
                          "entityName": "new_therapeuticareas",
                          "recordId": "@variables('TherapeuticAreaId')",
                          "associationEntityRelationship": "mib_mib_academiccriteria_new_therapeuticarea",
                          "item/@odata.id": "@items('Foreach_-_Academic_Criteria_')?['@odata.id']"
                        },
                        "authentication": {
                          "type": "Raw",
                          "value": "@json(decodeBase64(triggerOutputs().headers['X-MS-APIM-Tokens']))['$ConnectionKey']"
                        }
                      }
                    }
                  },
                  "runAfter": {
                    "List_rows_-_Academic_Criteria": [
                      "Succeeded"
                    ]
                  },
                  "metadata": {
                    "operationMetadataId": "296c1ec4-4466-49b6-8066-35bb8cf0c71d"
                  },
                  "type": "Foreach"
                }
              },
              "runAfter": {},
              "metadata": {
                "operationMetadataId": "b3296989-2eb2-4870-a826-8281f26a9c4d"
              },
              "type": "Foreach"
            }
          },
          "runAfter": {
            "Condition_-_Academic_Criteria_Measurements__Array": [
              "Succeeded"
            ]
          },
          "expression": {
            "greater": [
              "@length(variables('Academic Criteria Array'))",
              0
            ]
          },
          "metadata": {
            "operationMetadataId": "064e1ecd-3e0a-4025-a209-c62433a4db34"
          },
          "type": "If"
        }
      }
    }
  },
  "schemaVersion": "1.0.0.0"
}