{
  "properties": {
    "connectionReferences": {
      "shared_excelonlinebusiness": {
        "runtimeSource": "embedded",
        "connection": {
          "connectionReferenceLogicalName": "mib_sharedexcelonlinebusiness_da9e7"
        },
        "api": {
          "name": "shared_excelonlinebusiness"
        }
      },
      "shared_commondataserviceforapps": {
        "runtimeSource": "embedded",
        "connection": {
          "connectionReferenceLogicalName": "mib_MicrosoftDataverseMIBAdmin"
        },
        "api": {
          "name": "shared_commondataserviceforapps"
        }
      }
    },
    "definition": {
      "$schema": "https://schema.management.azure.com/providers/Microsoft.Logic/schemas/2016-06-01/workflowdefinition.json#",
      "contentVersion": "1.0.0.0",
      "parameters": {
        "$connections": {
          "defaultValue": {},
          "type": "Object"
        },
        "$authentication": {
          "defaultValue": {},
          "type": "SecureObject"
        }
      },
      "triggers": {
        "manual": {
          "metadata": {
            "operationMetadataId": "bed94a97-9318-4319-b2c7-d842f16e9d4e"
          },
          "type": "Request",
          "kind": "Http",
          "inputs": {}
        }
      },
      "actions": {
        "Initialize_Count_variable": {
          "runAfter": {},
          "metadata": {
            "operationMetadataId": "ec36753f-2a7d-4530-a130-7cc1a5b3e234"
          },
          "type": "InitializeVariable",
          "inputs": {
            "variables": [
              {
                "name": "Count",
                "type": "integer",
                "value": 0
              }
            ]
          }
        },
        "List_rows_present_in_a_System_Configuration_table": {
          "runAfter": {
            "Initialize_Found_variable": [
              "Succeeded"
            ]
          },
          "metadata": {
            "017E62MN6KUE7CKDGK5JFKCPJD6OYIHMJQ": "/Seed Data.xlsx",
            "tableId": "{0C57E72D-BF9D-439F-BCCC-862132DE6895}",
            "operationMetadataId": "8cda624e-0f16-49d2-acfa-6ae024c03edc",
            "013WMGANSQQVCCUSBZZZEYBAJ736P4LVQH": "/SeedData/Seed Data.xlsx"
          },
          "type": "OpenApiConnection",
          "inputs": {
            "host": {
              "connectionName": "shared_excelonlinebusiness",
              "operationId": "GetItems",
              "apiId": "/providers/Microsoft.PowerApps/apis/shared_excelonlinebusiness"
            },
            "parameters": {
              "source": "sites/calyxai.sharepoint.com,064775f8-bc98-4629-a7d8-28cb3a2a6772,fe060b99-8e6f-488c-b3ad-2dabdcbe3aef",
              "drive": "b!-HVHBpi8KUan2CjLOipncpkLBv5vjoxIs60tq9y-Ou9ksSalfhzNS61bf2cQ27xW",
              "file": "013WMGANSQQVCCUSBZZZEYBAJ736P4LVQH",
              "table": "{0C57E72D-BF9D-439F-BCCC-862132DE6895}"
            },
            "authentication": "@parameters('$authentication')"
          }
        },
        "Foreach_System_Configuration": {
          "foreach": "@outputs('List_rows_present_in_a_System_Configuration_table')?['body/value']",
          "actions": {
            "Foreach_Found_System_Configuration": {
              "foreach": "@outputs('Find_System_Configuration')?['body/value']",
              "actions": {
                "Set_Found_variable_to_true": {
                  "runAfter": {},
                  "metadata": {
                    "operationMetadataId": "f060e36d-363c-4cb0-9ab2-581ea215fad3"
                  },
                  "type": "SetVariable",
                  "inputs": {
                    "name": "Found",
                    "value": "@true"
                  }
                }
              },
              "runAfter": {
                "Find_System_Configuration": [
                  "Succeeded"
                ]
              },
              "metadata": {
                "operationMetadataId": "b8dbb6a5-1b12-43ce-b62c-22b31ef5eb2d"
              },
              "type": "Foreach"
            },
            "If_Found_equals_false_then_add": {
              "actions": {
                "Add_System_Configuration": {
                  "runAfter": {},
                  "metadata": {
                    "operationMetadataId": "acacfc73-b79f-4792-ada9-37e91bba52c3"
                  },
                  "type": "OpenApiConnection",
                  "inputs": {
                    "host": {
                      "connectionName": "shared_commondataserviceforapps",
                      "operationId": "CreateRecord",
                      "apiId": "/providers/Microsoft.PowerApps/apis/shared_commondataserviceforapps"
                    },
                    "parameters": {
                      "entityName": "mib_systemconfigurations",
                      "item/mib_name": "@items('Foreach_System_Configuration')?['Name']",
                      "item/mib_senderemailid": "@items('Foreach_System_Configuration')?['Sender Email Id']",
                      "item/mib_ambrapassword": "@items('Foreach_System_Configuration')?['Ambra Password']",
                      "item/mib_ambraserviceurl": "@items('Foreach_System_Configuration')?['Ambra Service Url']",
                      "item/mib_ambrausername": "@items('Foreach_System_Configuration')?['Ambra UserName']",
                      "item/mib_importseeddata": true,
                      "item/mib_importseeddatalocation": "@items('Foreach_System_Configuration')?['Import Seed Data Location']"
                    },
                    "authentication": "@parameters('$authentication')"
                  }
                },
                "Increment_Count_variable_by_one": {
                  "runAfter": {
                    "Add_System_Configuration": [
                      "Succeeded"
                    ]
                  },
                  "metadata": {
                    "operationMetadataId": "49baa951-8731-4038-98e9-97a052b8405a"
                  },
                  "type": "IncrementVariable",
                  "inputs": {
                    "name": "Count",
                    "value": 1
                  }
                }
              },
              "runAfter": {
                "Foreach_Found_System_Configuration": [
                  "Succeeded"
                ]
              },
              "expression": {
                "equals": [
                  "@variables('Found')",
                  "@false"
                ]
              },
              "metadata": {
                "operationMetadataId": "037e781d-4a3e-4055-a173-9a9561290f81"
              },
              "type": "If"
            },
            "Set_Found_variable_to_false": {
              "runAfter": {},
              "metadata": {
                "operationMetadataId": "c9a5c285-9635-44b9-9993-cd9f9184b5d9"
              },
              "type": "SetVariable",
              "inputs": {
                "name": "Found",
                "value": "@false"
              }
            },
            "Find_System_Configuration": {
              "runAfter": {
                "Set_Found_variable_to_false": [
                  "Succeeded"
                ]
              },
              "metadata": {
                "operationMetadataId": "a101d320-e428-49dc-ad17-dca50e82a3e5"
              },
              "type": "OpenApiConnection",
              "inputs": {
                "host": {
                  "connectionName": "shared_commondataserviceforapps",
                  "operationId": "ListRecords",
                  "apiId": "/providers/Microsoft.PowerApps/apis/shared_commondataserviceforapps"
                },
                "parameters": {
                  "entityName": "mib_systemconfigurations",
                  "$filter": "mib_name eq '@{items('Foreach_System_Configuration')?['Name']}'",
                  "$top": 1
                },
                "authentication": "@parameters('$authentication')"
              }
            }
          },
          "runAfter": {
            "List_rows_present_in_a_System_Configuration_table": [
              "Succeeded"
            ]
          },
          "metadata": {
            "operationMetadataId": "201c38f5-4634-4112-ae3a-01b30fd59090"
          },
          "type": "Foreach"
        },
        "Response": {
          "runAfter": {
            "Foreach_System_Configuration": [
              "Succeeded"
            ]
          },
          "metadata": {
            "operationMetadataId": "5004dad5-b597-4b39-84ba-73d9d4ecf156"
          },
          "type": "Response",
          "kind": "Http",
          "inputs": {
            "statusCode": 200,
            "body": {
              "DateTime": "@utcnow()",
              "Count": "@variables('Count')"
            }
          }
        },
        "Initialize_Found_variable": {
          "runAfter": {
            "Initialize_Count_variable": [
              "Succeeded"
            ]
          },
          "metadata": {
            "operationMetadataId": "9078ef69-4e9f-420b-a8e5-1348fd45970a"
          },
          "type": "InitializeVariable",
          "inputs": {
            "variables": [
              {
                "name": "Found",
                "type": "boolean",
                "value": "@false"
              }
            ]
          }
        }
      },
      "outputs": {}
    }
  },
  "schemaVersion": "1.0.0.0"
}