{
  "properties": {
    "connectionReferences": {
      "shared_excelonlinebusiness": {
        "runtimeSource": "embedded",
        "connection": {
          "connectionReferenceLogicalName": "mib_sharedexcelonlinebusiness_da9e7"
        },
        "api": {
          "name": "shared_excelonlinebusiness"
        }
      },
      "shared_commondataserviceforapps": {
        "runtimeSource": "embedded",
        "connection": {
          "connectionReferenceLogicalName": "mib_MicrosoftDataverseMIBAdmin"
        },
        "api": {
          "name": "shared_commondataserviceforapps"
        }
      }
    },
    "definition": {
      "$schema": "https://schema.management.azure.com/providers/Microsoft.Logic/schemas/2016-06-01/workflowdefinition.json#",
      "contentVersion": "1.0.0.0",
      "parameters": {
        "$connections": {
          "defaultValue": {},
          "type": "Object"
        },
        "$authentication": {
          "defaultValue": {},
          "type": "SecureObject"
        }
      },
      "triggers": {
        "manual": {
          "metadata": {
            "operationMetadataId": "459642fb-4e36-4b57-8c02-24bd757c22fe"
          },
          "type": "Request",
          "kind": "Button",
          "inputs": {
            "schema": {
              "type": "object",
              "properties": {},
              "required": []
            }
          }
        }
      },
      "actions": {
        "Initialize_Count_variable": {
          "runAfter": {},
          "metadata": {
            "operationMetadataId": "0a4c93a7-a533-447d-b0f6-568972b8313c"
          },
          "type": "InitializeVariable",
          "inputs": {
            "variables": [
              {
                "name": "Count",
                "type": "integer",
                "value": 0
              }
            ]
          }
        },
        "Response": {
          "runAfter": {
            "Foreach_Sponsor": [
              "Succeeded"
            ]
          },
          "metadata": {
            "operationMetadataId": "7d912896-0233-41cb-a763-3715086555b6"
          },
          "type": "Response",
          "kind": "Http",
          "inputs": {
            "statusCode": 200,
            "body": {
              "DateTime": "@utcnow()",
              "Count": "@variables('Count')"
            }
          }
        },
        "List_rows_present_in_a_Sponsors_table": {
          "runAfter": {
            "Initialize_Found_variable": [
              "Succeeded"
            ]
          },
          "metadata": {
            "017E62MN6KUE7CKDGK5JFKCPJD6OYIHMJQ": "/Seed Data.xlsx",
            "tableId": "{32C1CB60-FCA0-4E28-90C9-0A89CF814CA1}",
            "operationMetadataId": "2e854159-f1a7-49c6-8409-137c5b6ae12a",
            "013WMGANSQQVCCUSBZZZEYBAJ736P4LVQH": "/SeedData/Seed Data.xlsx"
          },
          "type": "OpenApiConnection",
          "inputs": {
            "host": {
              "connectionName": "shared_excelonlinebusiness",
              "operationId": "GetItems",
              "apiId": "/providers/Microsoft.PowerApps/apis/shared_excelonlinebusiness"
            },
            "parameters": {
              "source": "sites/calyxai.sharepoint.com,064775f8-bc98-4629-a7d8-28cb3a2a6772,fe060b99-8e6f-488c-b3ad-2dabdcbe3aef",
              "drive": "b!-HVHBpi8KUan2CjLOipncpkLBv5vjoxIs60tq9y-Ou9ksSalfhzNS61bf2cQ27xW",
              "file": "013WMGANSQQVCCUSBZZZEYBAJ736P4LVQH",
              "table": "{32C1CB60-FCA0-4E28-90C9-0A89CF814CA1}",
              "$top": 50
            },
            "authentication": {
              "type": "Raw",
              "value": "@json(decodeBase64(triggerOutputs().headers['X-MS-APIM-Tokens']))['$ConnectionKey']"
            }
          },
          "runtimeConfiguration": {
            "paginationPolicy": {
              "minimumItemCount": 50000
            }
          }
        },
        "Foreach_Sponsor": {
          "foreach": "@outputs('List_rows_present_in_a_Sponsors_table')?['body/value']",
          "actions": {
            "Foreach_Found_Sponsor": {
              "foreach": "@outputs('Find_Sponsor')?['body/value']",
              "actions": {
                "Set_Found_variable_to_true": {
                  "runAfter": {},
                  "metadata": {
                    "operationMetadataId": "1c7549f3-9fe7-4ec1-b171-aefd1fd62eac"
                  },
                  "type": "SetVariable",
                  "inputs": {
                    "name": "Found",
                    "value": "@true"
                  }
                }
              },
              "runAfter": {
                "Find_Sponsor": [
                  "Succeeded"
                ]
              },
              "metadata": {
                "operationMetadataId": "610316b3-7883-4387-9358-82dc28f551e0"
              },
              "type": "Foreach"
            },
            "If_Found_equals_false_then_add": {
              "actions": {
                "Add_Sponsor": {
                  "runAfter": {},
                  "metadata": {
                    "operationMetadataId": "5278e3dc-0210-4904-a2bd-91edb4c8a9ab"
                  },
                  "type": "OpenApiConnection",
                  "inputs": {
                    "host": {
                      "connectionName": "shared_commondataserviceforapps",
                      "operationId": "CreateRecord",
                      "apiId": "/providers/Microsoft.PowerApps/apis/shared_commondataserviceforapps"
                    },
                    "parameters": {
                      "entityName": "cr420_sponsors",
                      "item/cr420_sponsors": "@items('Foreach_Sponsor')?['Name']",
                      "item/new_sponsorid": "@items('Foreach_Sponsor')?['Name']",
                      "item/cr420_sponsortype": 207740001,
                      "item/cr420_address1": "@items('Foreach_Sponsor')?['Address Line 1']",
                      "item/cr420_address2": "@items('Foreach_Sponsor')?['Address Line 2']",
                      "item/cr420_city": "@items('Foreach_Sponsor')?['City']",
                      "item/mib_id": "@items('Foreach_Sponsor')?['ID']",
                      "item/cr420_sponsorname": "@items('Foreach_Sponsor')?['Name']",
                      "item/cr420_postalcode": "@items('Foreach_Sponsor')?['Postal Code']",
                      "item/mib_profile": "@items('Foreach_Sponsor')?['Profile']",
                      "item/cr420_state": "@items('Foreach_Sponsor')?['State']"
                    },
                    "authentication": {
                      "type": "Raw",
                      "value": "@json(decodeBase64(triggerOutputs().headers['X-MS-APIM-Tokens']))['$ConnectionKey']"
                    }
                  }
                },
                "Increment_Count_variable_by_one": {
                  "runAfter": {
                    "Add_Sponsor": [
                      "Succeeded"
                    ]
                  },
                  "metadata": {
                    "operationMetadataId": "8c5ce39b-a10b-48c7-8dcb-5b91ecee5b84"
                  },
                  "type": "IncrementVariable",
                  "inputs": {
                    "name": "Count",
                    "value": 1
                  }
                }
              },
              "runAfter": {
                "Foreach_Found_Sponsor": [
                  "Succeeded"
                ]
              },
              "expression": {
                "equals": [
                  "@variables('Found')",
                  "@false"
                ]
              },
              "metadata": {
                "operationMetadataId": "45fc1c1f-0fcc-4829-b1db-0f9ca4b313da"
              },
              "type": "If"
            },
            "Set_Found_variable_to_false": {
              "runAfter": {},
              "metadata": {
                "operationMetadataId": "9e537f99-2bc6-4819-a2bc-589dab55cc77"
              },
              "type": "SetVariable",
              "inputs": {
                "name": "Found",
                "value": "@false"
              }
            },
            "Find_Sponsor": {
              "runAfter": {
                "Set_Found_variable_to_false": [
                  "Succeeded"
                ]
              },
              "metadata": {
                "operationMetadataId": "1ad436f8-dcff-4661-b206-3937b4fa041d"
              },
              "type": "OpenApiConnection",
              "inputs": {
                "host": {
                  "connectionName": "shared_commondataserviceforapps",
                  "operationId": "ListRecords",
                  "apiId": "/providers/Microsoft.PowerApps/apis/shared_commondataserviceforapps"
                },
                "parameters": {
                  "entityName": "cr420_sponsors",
                  "$select": "cr420_sponsors",
                  "$filter": "mib_id eq '@{items('Foreach_Sponsor')?['ID']}'",
                  "$top": 1
                },
                "authentication": {
                  "type": "Raw",
                  "value": "@json(decodeBase64(triggerOutputs().headers['X-MS-APIM-Tokens']))['$ConnectionKey']"
                }
              }
            }
          },
          "runAfter": {
            "List_rows_present_in_a_Sponsors_table": [
              "Succeeded"
            ]
          },
          "metadata": {
            "operationMetadataId": "59ef396c-52aa-4ad0-8186-22e12f01108c"
          },
          "type": "Foreach"
        },
        "Initialize_Found_variable": {
          "runAfter": {
            "Initialize_Count_variable": [
              "Succeeded"
            ]
          },
          "metadata": {
            "operationMetadataId": "2b764334-b231-4902-94e6-649f18af1d32"
          },
          "type": "InitializeVariable",
          "inputs": {
            "variables": [
              {
                "name": "Found",
                "type": "boolean",
                "value": "@false"
              }
            ]
          }
        }
      },
      "outputs": {}
    }
  },
  "schemaVersion": "1.0.0.0"
}