{
  "properties": {
    "connectionReferences": {
      "shared_commondataserviceforapps": {
        "impersonation": {},
        "runtimeSource": "embedded",
        "connection": {
          "connectionReferenceLogicalName": "mib_MicrosoftDataverseMIBAdmin"
        },
        "api": {
          "name": "shared_commondataserviceforapps"
        }
      },
      "shared_excelonlinebusiness_1": {
        "runtimeSource": "embedded",
        "connection": {
          "connectionReferenceLogicalName": "mib_sharedexcelonlinebusiness_da9e7"
        },
        "api": {
          "name": "shared_excelonlinebusiness"
        }
      }
    },
    "definition": {
      "$schema": "https://schema.management.azure.com/providers/Microsoft.Logic/schemas/2016-06-01/workflowdefinition.json#",
      "contentVersion": "1.0.0.0",
      "parameters": {
        "$connections": {
          "defaultValue": {},
          "type": "Object"
        },
        "$authentication": {
          "defaultValue": {},
          "type": "SecureObject"
        }
      },
      "triggers": {
        "manual": {
          "metadata": {
            "operationMetadataId": "78d87d65-d7a2-41ac-b724-c44b237de825"
          },
          "type": "Request",
          "kind": "Button",
          "inputs": {
            "schema": {
              "type": "object",
              "properties": {},
              "required": []
            }
          }
        }
      },
      "actions": {
        "Initialize__Count_variable": {
          "runAfter": {},
          "metadata": {
            "operationMetadataId": "3b2eb8ce-8a4c-4dca-a756-1c24327c9953"
          },
          "type": "InitializeVariable",
          "inputs": {
            "variables": [
              {
                "name": "Count",
                "type": "integer",
                "value": 0
              }
            ]
          }
        },
        "Initialize_Found_variable": {
          "runAfter": {
            "Initialize__Count_variable": [
              "Succeeded"
            ]
          },
          "metadata": {
            "operationMetadataId": "a0e7bb6e-76ce-47a5-8b07-81a48dc745b8"
          },
          "type": "InitializeVariable",
          "inputs": {
            "variables": [
              {
                "name": "Found",
                "type": "boolean",
                "value": "@false"
              }
            ]
          }
        },
        "Foreach_Planes": {
          "foreach": "@outputs('List_rows_present_in_Planes')?['body/value']",
          "actions": {
            "Set__Found_variable_to_false": {
              "runAfter": {},
              "metadata": {
                "operationMetadataId": "2a83bc8e-72a1-4126-ae89-69d21d13609b"
              },
              "type": "SetVariable",
              "inputs": {
                "name": "Found",
                "value": "@false"
              }
            },
            "List_Found_Planes": {
              "runAfter": {
                "Set__Found_variable_to_false": [
                  "Succeeded"
                ]
              },
              "metadata": {
                "operationMetadataId": "caa9296c-216f-4c15-ad21-866f42560f46"
              },
              "type": "OpenApiConnection",
              "inputs": {
                "host": {
                  "apiId": "/providers/Microsoft.PowerApps/apis/shared_commondataserviceforapps",
                  "connectionName": "shared_commondataserviceforapps",
                  "operationId": "ListRecords"
                },
                "parameters": {
                  "entityName": "mib_planeses",
                  "$filter": "mib_name eq '@{items('Foreach_Planes')?['Name']}'",
                  "$top": 1
                },
                "authentication": "@parameters('$authentication')"
              }
            },
            "Foreach_Found_Planes": {
              "foreach": "@outputs('List_Found_Planes')?['body/value']",
              "actions": {
                "Set_Found_variable_to_true_": {
                  "runAfter": {},
                  "metadata": {
                    "operationMetadataId": "bf6a4564-52d6-4ed0-871a-10a7d7fd6947"
                  },
                  "type": "SetVariable",
                  "inputs": {
                    "name": "Found",
                    "value": "@true"
                  }
                }
              },
              "runAfter": {
                "List_Found_Planes": [
                  "Succeeded"
                ]
              },
              "metadata": {
                "operationMetadataId": "25989beb-7b9c-4e66-ab80-91b1660c2833"
              },
              "type": "Foreach"
            },
            "If_Found_equal__to_false_then_add_": {
              "actions": {
                "Add_Planes": {
                  "runAfter": {},
                  "metadata": {
                    "operationMetadataId": "6a79da4b-36d9-40e1-9dae-2197186dfa61"
                  },
                  "type": "OpenApiConnection",
                  "inputs": {
                    "host": {
                      "apiId": "/providers/Microsoft.PowerApps/apis/shared_commondataserviceforapps",
                      "connectionName": "shared_commondataserviceforapps",
                      "operationId": "CreateRecord"
                    },
                    "parameters": {
                      "entityName": "mib_planeses",
                      "item/mib_name": "@items('Foreach_Planes')?['Name']",
                      "item/mib_softdelete": false,
                      "item/mib_softdeletepicklist": 2
                    },
                    "authentication": "@parameters('$authentication')"
                  }
                },
                "Increment__Count_variable_by_one": {
                  "runAfter": {
                    "Add_Planes": [
                      "Succeeded"
                    ]
                  },
                  "metadata": {
                    "operationMetadataId": "c913d4b2-f319-44f8-b410-1e9f9ed5129c"
                  },
                  "type": "IncrementVariable",
                  "inputs": {
                    "name": "Count",
                    "value": 1
                  }
                }
              },
              "runAfter": {
                "Foreach_Found_Planes": [
                  "Succeeded"
                ]
              },
              "expression": {
                "equals": [
                  "@variables('Found')",
                  "@false"
                ]
              },
              "metadata": {
                "operationMetadataId": "d095a920-9ec1-4f27-8911-cef1e001a97e"
              },
              "type": "If"
            }
          },
          "runAfter": {
            "List_rows_present_in_Planes": [
              "Succeeded"
            ]
          },
          "metadata": {
            "operationMetadataId": "0c2beb43-63e0-43a1-bed0-083199816a5e"
          },
          "type": "Foreach"
        },
        "Response": {
          "runAfter": {
            "Foreach_Planes": [
              "Succeeded"
            ]
          },
          "metadata": {
            "operationMetadataId": "d4061b0c-440e-4798-b570-aefc73feb6ea"
          },
          "type": "Response",
          "kind": "Http",
          "inputs": {
            "statusCode": 200,
            "body": {
              "DateTime": "@utcnow()",
              "Count": "@variables('Count')"
            }
          }
        },
        "List_rows_present_in_Planes": {
          "runAfter": {
            "Initialize_Found_variable": [
              "Succeeded"
            ]
          },
          "metadata": {
            "operationMetadataId": "cab2872e-2bec-433d-92b5-3f2f32ada2b5",
            "tableId": "{D85A68FA-4D4F-4C0F-977F-C9246D51FE3D}",
            "013WMGANSQQVCCUSBZZZEYBAJ736P4LVQH": "/SeedData/Seed Data.xlsx"
          },
          "type": "OpenApiConnection",
          "inputs": {
            "host": {
              "apiId": "/providers/Microsoft.PowerApps/apis/shared_excelonlinebusiness",
              "connectionName": "shared_excelonlinebusiness_1",
              "operationId": "GetItems"
            },
            "parameters": {
              "source": "sites/calyxai.sharepoint.com,064775f8-bc98-4629-a7d8-28cb3a2a6772,fe060b99-8e6f-488c-b3ad-2dabdcbe3aef",
              "drive": "b!-HVHBpi8KUan2CjLOipncpkLBv5vjoxIs60tq9y-Ou9ksSalfhzNS61bf2cQ27xW",
              "file": "013WMGANSQQVCCUSBZZZEYBAJ736P4LVQH",
              "table": "{D85A68FA-4D4F-4C0F-977F-C9246D51FE3D}"
            },
            "authentication": "@parameters('$authentication')"
          }
        }
      },
      "outputs": {}
    }
  },
  "schemaVersion": "1.0.0.0"
}