{
  "properties": {
    "connectionReferences": {
      "shared_excelonlinebusiness": {
        "runtimeSource": "embedded",
        "connection": {
          "connectionReferenceLogicalName": "mib_sharedexcelonlinebusiness_da9e7"
        },
        "api": {
          "name": "shared_excelonlinebusiness"
        }
      },
      "shared_commondataserviceforapps": {
        "runtimeSource": "embedded",
        "connection": {
          "connectionReferenceLogicalName": "mib_MicrosoftDataverseMIBAdmin"
        },
        "api": {
          "name": "shared_commondataserviceforapps"
        }
      }
    },
    "definition": {
      "$schema": "https://schema.management.azure.com/providers/Microsoft.Logic/schemas/2016-06-01/workflowdefinition.json#",
      "contentVersion": "1.0.0.0",
      "parameters": {
        "$connections": {
          "defaultValue": {},
          "type": "Object"
        },
        "$authentication": {
          "defaultValue": {},
          "type": "SecureObject"
        }
      },
      "triggers": {
        "manual": {
          "metadata": {
            "operationMetadataId": "5170b111-4103-4109-aa1d-4b04820bc6c5"
          },
          "type": "Request",
          "kind": "Button",
          "inputs": {
            "schema": {
              "type": "object",
              "properties": {},
              "required": []
            }
          }
        }
      },
      "actions": {
        "Initialize__Count_variable": {
          "runAfter": {},
          "metadata": {
            "operationMetadataId": "95f8aff7-e827-4458-8877-a6cfcb439c70"
          },
          "type": "InitializeVariable",
          "inputs": {
            "variables": [
              {
                "name": "Count",
                "type": "integer",
                "value": 0
              }
            ]
          }
        },
        "Initialize_Found__variable": {
          "runAfter": {
            "Initialize__Count_variable": [
              "Succeeded"
            ]
          },
          "metadata": {
            "operationMetadataId": "3c15cec8-f7ac-432b-a05e-b00da91b1019"
          },
          "type": "InitializeVariable",
          "inputs": {
            "variables": [
              {
                "name": "Found",
                "type": "boolean",
                "value": "@false"
              }
            ]
          }
        },
        "List_rows_present_in_Premium_Criteria_Measurements": {
          "runAfter": {
            "Initialize_Found__variable": [
              "Succeeded"
            ]
          },
          "metadata": {
            "operationMetadataId": "46b59774-4649-4e55-bda5-e4a042468d78",
            "tableId": "{6EB2E782-8BBA-4F03-81B6-5C27A6C653AB}",
            "013WMGANSQQVCCUSBZZZEYBAJ736P4LVQH": "/SeedData/Seed Data.xlsx"
          },
          "type": "OpenApiConnection",
          "inputs": {
            "host": {
              "connectionName": "shared_excelonlinebusiness",
              "operationId": "GetItems",
              "apiId": "/providers/Microsoft.PowerApps/apis/shared_excelonlinebusiness"
            },
            "parameters": {
              "source": "sites/calyxai.sharepoint.com,064775f8-bc98-4629-a7d8-28cb3a2a6772,fe060b99-8e6f-488c-b3ad-2dabdcbe3aef",
              "drive": "b!-HVHBpi8KUan2CjLOipncpkLBv5vjoxIs60tq9y-Ou9ksSalfhzNS61bf2cQ27xW",
              "file": "013WMGANSQQVCCUSBZZZEYBAJ736P4LVQH",
              "table": "{6EB2E782-8BBA-4F03-81B6-5C27A6C653AB}"
            },
            "authentication": {
              "type": "Raw",
              "value": "@json(decodeBase64(triggerOutputs().headers['X-MS-APIM-Tokens']))['$ConnectionKey']"
            }
          }
        },
        "Foreach_Premium_Criteria_Measurements_": {
          "foreach": "@outputs('List_rows_present_in_Premium_Criteria_Measurements')?['body/value']",
          "actions": {
            "Set_Found_variable_to_false": {
              "runAfter": {},
              "metadata": {
                "operationMetadataId": "73e212a2-058a-4fc6-ade6-80728201fc54"
              },
              "type": "SetVariable",
              "inputs": {
                "name": "Found",
                "value": "@false"
              }
            },
            "List_rows_Premium_Criteria_Measurements_": {
              "runAfter": {
                "Set_Found_variable_to_false": [
                  "Succeeded"
                ]
              },
              "metadata": {
                "operationMetadataId": "ce93046a-65c1-4967-af2a-4902a14ec45a"
              },
              "type": "OpenApiConnection",
              "inputs": {
                "host": {
                  "connectionName": "shared_commondataserviceforapps",
                  "operationId": "ListRecords",
                  "apiId": "/providers/Microsoft.PowerApps/apis/shared_commondataserviceforapps"
                },
                "parameters": {
                  "entityName": "mib_premiumcriteriameasurements",
                  "$filter": "mib_name eq '@{replace(items('Foreach_Premium_Criteria_Measurements_')?['Name'],'''','''''')}'",
                  "$top": 1
                },
                "authentication": {
                  "type": "Raw",
                  "value": "@json(decodeBase64(triggerOutputs().headers['X-MS-APIM-Tokens']))['$ConnectionKey']"
                }
              }
            },
            "Foreach_Found_Premium_Criteria_Measurements_": {
              "foreach": "@outputs('List_rows_Premium_Criteria_Measurements_')?['body/value']",
              "actions": {
                "Set__Found_variable_to_true": {
                  "runAfter": {},
                  "metadata": {
                    "operationMetadataId": "9d430c1f-62cd-436e-9a4f-4faeffb3cd4c"
                  },
                  "type": "SetVariable",
                  "inputs": {
                    "name": "Found",
                    "value": "@true"
                  }
                }
              },
              "runAfter": {
                "List_rows_Premium_Criteria_Measurements_": [
                  "Succeeded"
                ]
              },
              "metadata": {
                "operationMetadataId": "f15413d7-56c5-45a7-a71c-85c0efeb9040"
              },
              "type": "Foreach"
            },
            "If_Found_equal_to_false_then_add_Premium_Criteria_Measurements": {
              "actions": {
                "Add_a_new_Premium_Criteria_Measurements": {
                  "runAfter": {},
                  "metadata": {
                    "operationMetadataId": "a198af30-9916-410a-8b96-0fd76dd26cc5"
                  },
                  "type": "OpenApiConnection",
                  "inputs": {
                    "host": {
                      "connectionName": "shared_commondataserviceforapps",
                      "operationId": "CreateRecord",
                      "apiId": "/providers/Microsoft.PowerApps/apis/shared_commondataserviceforapps"
                    },
                    "parameters": {
                      "entityName": "mib_premiumcriteriameasurements",
                      "item/mib_name": "@items('Foreach_Premium_Criteria_Measurements_')?['Name']"
                    },
                    "authentication": {
                      "type": "Raw",
                      "value": "@json(decodeBase64(triggerOutputs().headers['X-MS-APIM-Tokens']))['$ConnectionKey']"
                    }
                  }
                },
                "Increment_Count__variable_by_one": {
                  "runAfter": {
                    "Add_a_new_Premium_Criteria_Measurements": [
                      "Succeeded"
                    ]
                  },
                  "metadata": {
                    "operationMetadataId": "eef7bc89-c65d-4d89-a42e-d30fea335474"
                  },
                  "type": "IncrementVariable",
                  "inputs": {
                    "name": "Count",
                    "value": 1
                  }
                }
              },
              "runAfter": {
                "Foreach_Found_Premium_Criteria_Measurements_": [
                  "Succeeded"
                ]
              },
              "expression": {
                "equals": [
                  "@variables('Found')",
                  "@false"
                ]
              },
              "metadata": {
                "operationMetadataId": "92e52fb8-df28-4791-a6aa-bcd13e7ede50"
              },
              "type": "If"
            }
          },
          "runAfter": {
            "List_rows_present_in_Premium_Criteria_Measurements": [
              "Succeeded"
            ]
          },
          "metadata": {
            "operationMetadataId": "af8295b0-88b0-48f5-a4b6-d023d98927f6"
          },
          "type": "Foreach"
        },
        "Response": {
          "runAfter": {
            "Foreach_Premium_Criteria_Measurements_": [
              "Succeeded"
            ]
          },
          "metadata": {
            "operationMetadataId": "d4061b0c-440e-4798-b570-aefc73feb6ea"
          },
          "type": "Response",
          "kind": "Http",
          "inputs": {
            "statusCode": 200,
            "body": {
              "DateTime": "@utcnow()",
              "Count": "@variables('Count')"
            }
          }
        }
      },
      "outputs": {}
    }
  },
  "schemaVersion": "1.0.0.0"
}