{
  "properties": {
    "connectionReferences": {
      "shared_excelonlinebusiness": {
        "runtimeSource": "embedded",
        "connection": {
          "connectionReferenceLogicalName": "mib_sharedexcelonlinebusiness_da9e7"
        },
        "api": {
          "name": "shared_excelonlinebusiness"
        }
      },
      "shared_commondataserviceforapps": {
        "impersonation": {},
        "runtimeSource": "embedded",
        "connection": {
          "connectionReferenceLogicalName": "mib_MicrosoftDataverseMIBAdmin"
        },
        "api": {
          "name": "shared_commondataserviceforapps"
        }
      }
    },
    "definition": {
      "$schema": "https://schema.management.azure.com/providers/Microsoft.Logic/schemas/2016-06-01/workflowdefinition.json#",
      "contentVersion": "1.0.0.0",
      "parameters": {
        "$connections": {
          "defaultValue": {},
          "type": "Object"
        },
        "$authentication": {
          "defaultValue": {},
          "type": "SecureObject"
        }
      },
      "triggers": {
        "manual": {
          "metadata": {
            "operationMetadataId": "cba40282-1f9d-4d9a-aa7d-d2bb14f60983"
          },
          "type": "Request",
          "kind": "Button",
          "inputs": {
            "schema": {
              "type": "object",
              "properties": {},
              "required": []
            }
          }
        }
      },
      "actions": {
        "Response": {
          "runAfter": {
            "Foreach_Region": [
              "Succeeded"
            ]
          },
          "metadata": {
            "operationMetadataId": "f1588891-6932-455c-aa56-6531c8cf8242"
          },
          "type": "Response",
          "kind": "Http",
          "inputs": {
            "statusCode": 200,
            "body": {
              "DateTime": "@utcnow()",
              "Count": "@variables('Count')"
            }
          }
        },
        "List_rows_present_in_Regions_table": {
          "runAfter": {
            "Initialize_Found_variable": [
              "Succeeded"
            ]
          },
          "metadata": {
            "017E62MN6KUE7CKDGK5JFKCPJD6OYIHMJQ": "/Seed Data.xlsx",
            "tableId": "{EA63A386-C958-4533-BA74-4368FBCE4F54}",
            "operationMetadataId": "97e7c105-1e2b-46cd-bc43-ea9f7635762d",
            "013WMGANSQQVCCUSBZZZEYBAJ736P4LVQH": "/SeedData/Seed Data.xlsx"
          },
          "type": "OpenApiConnection",
          "inputs": {
            "host": {
              "apiId": "/providers/Microsoft.PowerApps/apis/shared_excelonlinebusiness",
              "connectionName": "shared_excelonlinebusiness",
              "operationId": "GetItems"
            },
            "parameters": {
              "source": "sites/calyxai.sharepoint.com,064775f8-bc98-4629-a7d8-28cb3a2a6772,fe060b99-8e6f-488c-b3ad-2dabdcbe3aef",
              "drive": "b!-HVHBpi8KUan2CjLOipncpkLBv5vjoxIs60tq9y-Ou9ksSalfhzNS61bf2cQ27xW",
              "file": "013WMGANSQQVCCUSBZZZEYBAJ736P4LVQH",
              "table": "{EA63A386-C958-4533-BA74-4368FBCE4F54}"
            },
            "authentication": "@parameters('$authentication')"
          },
          "runtimeConfiguration": {
            "paginationPolicy": {
              "minimumItemCount": 50000
            }
          }
        },
        "Initialize_Count_variable": {
          "runAfter": {},
          "metadata": {
            "operationMetadataId": "d6444a33-5b40-4a28-b4ec-533ca8e6d6c4"
          },
          "type": "InitializeVariable",
          "inputs": {
            "variables": [
              {
                "name": "Count",
                "type": "integer",
                "value": 0
              }
            ]
          }
        },
        "Foreach_Region": {
          "foreach": "@outputs('List_rows_present_in_Regions_table')?['body/value']",
          "actions": {
            "Foreach_Found_Region": {
              "foreach": "@outputs('Find_Region')?['body/value']",
              "actions": {
                "Set_Found_variable_to_true": {
                  "runAfter": {},
                  "metadata": {
                    "operationMetadataId": "51cb710a-4a38-4176-bbb0-bcac1d5efe0f"
                  },
                  "type": "SetVariable",
                  "inputs": {
                    "name": "Found",
                    "value": "@true"
                  }
                }
              },
              "runAfter": {
                "Find_Region": [
                  "Succeeded"
                ]
              },
              "metadata": {
                "operationMetadataId": "5f6892f3-ebcf-4fc3-856b-bd911ed0cac4"
              },
              "type": "Foreach"
            },
            "Set_Found_variable_to_false": {
              "runAfter": {},
              "metadata": {
                "operationMetadataId": "9e373cbf-591a-413c-bba7-cafa1f688a32"
              },
              "type": "SetVariable",
              "inputs": {
                "name": "Found",
                "value": "@false"
              }
            },
            "If_Found_equals_false_then_add": {
              "actions": {
                "Add_new_Region": {
                  "runAfter": {},
                  "metadata": {
                    "operationMetadataId": "206340e4-a227-46b2-98d1-8d8b85adb546"
                  },
                  "type": "OpenApiConnection",
                  "inputs": {
                    "host": {
                      "apiId": "/providers/Microsoft.PowerApps/apis/shared_commondataserviceforapps",
                      "connectionName": "shared_commondataserviceforapps",
                      "operationId": "CreateRecord"
                    },
                    "parameters": {
                      "entityName": "new_regions",
                      "item/new_name": "@items('Foreach_Region')?['Name']",
                      "item/new_description": "@items('Foreach_Region')?['Description']",
                      "item/new_regioni_d": "@items('Foreach_Region')?['ID']"
                    },
                    "authentication": "@parameters('$authentication')"
                  }
                },
                "Increment_Count_variable_by_one": {
                  "runAfter": {
                    "Add_new_Region": [
                      "Succeeded"
                    ]
                  },
                  "metadata": {
                    "operationMetadataId": "4fd8c22f-6cd3-4837-829f-14536ca67c28"
                  },
                  "type": "IncrementVariable",
                  "inputs": {
                    "name": "Count",
                    "value": 1
                  }
                }
              },
              "runAfter": {
                "Foreach_Found_Region": [
                  "Succeeded"
                ]
              },
              "expression": {
                "equals": [
                  "@variables('Found')",
                  "@false"
                ]
              },
              "metadata": {
                "operationMetadataId": "181fb475-ddd5-45c9-aa98-08cb7cb82a68"
              },
              "type": "If"
            },
            "Find_Region": {
              "runAfter": {
                "Set_Found_variable_to_false": [
                  "Succeeded"
                ]
              },
              "metadata": {
                "operationMetadataId": "782126dd-f13d-40c5-bb48-376be664a06f"
              },
              "type": "OpenApiConnection",
              "inputs": {
                "host": {
                  "apiId": "/providers/Microsoft.PowerApps/apis/shared_commondataserviceforapps",
                  "connectionName": "shared_commondataserviceforapps",
                  "operationId": "ListRecords"
                },
                "parameters": {
                  "entityName": "new_regions",
                  "$filter": "new_regioni_d eq '@{items('Foreach_Region')?['ID']}'",
                  "$top": 1
                },
                "authentication": "@parameters('$authentication')"
              }
            }
          },
          "runAfter": {
            "List_rows_present_in_Regions_table": [
              "Succeeded"
            ]
          },
          "metadata": {
            "operationMetadataId": "fb644b16-3e12-4d1a-9cd9-d75cb3cbc9ff"
          },
          "type": "Foreach"
        },
        "Initialize_Found_variable": {
          "runAfter": {
            "Initialize_Count_variable": [
              "Succeeded"
            ]
          },
          "metadata": {
            "operationMetadataId": "924219ac-4c1e-4201-88d9-cf97883b9b9b"
          },
          "type": "InitializeVariable",
          "inputs": {
            "variables": [
              {
                "name": "Found",
                "type": "boolean",
                "value": "@false"
              }
            ]
          }
        }
      },
      "outputs": {}
    }
  },
  "schemaVersion": "1.0.0.0"
}