{
  "properties": {
    "connectionReferences": {
      "shared_excelonlinebusiness": {
        "runtimeSource": "embedded",
        "connection": {
          "connectionReferenceLogicalName": "mib_sharedexcelonlinebusiness_da9e7"
        },
        "api": {
          "name": "shared_excelonlinebusiness"
        }
      },
      "shared_commondataserviceforapps": {
        "impersonation": {},
        "runtimeSource": "embedded",
        "connection": {
          "connectionReferenceLogicalName": "mib_MicrosoftDataverseMIBAdmin"
        },
        "api": {
          "name": "shared_commondataserviceforapps"
        }
      }
    },
    "definition": {
      "$schema": "https://schema.management.azure.com/providers/Microsoft.Logic/schemas/2016-06-01/workflowdefinition.json#",
      "contentVersion": "1.0.0.0",
      "parameters": {
        "$connections": {
          "defaultValue": {},
          "type": "Object"
        },
        "$authentication": {
          "defaultValue": {},
          "type": "SecureObject"
        }
      },
      "triggers": {
        "manual": {
          "metadata": {
            "operationMetadataId": "469185a1-d51a-476e-9f4e-c643372fbdf9"
          },
          "type": "Request",
          "kind": "Button",
          "inputs": {
            "schema": {
              "type": "object",
              "properties": {},
              "required": []
            }
          }
        }
      },
      "actions": {
        "Initialize_Count_variable": {
          "runAfter": {},
          "metadata": {
            "operationMetadataId": "4c13b18a-c8db-4192-8884-2ac335327cbd"
          },
          "type": "InitializeVariable",
          "inputs": {
            "variables": [
              {
                "name": "Count",
                "type": "integer",
                "value": 0
              }
            ]
          }
        },
        "List_rows_present_in_Sites_table": {
          "runAfter": {
            "Initialize_Found_variable": [
              "Succeeded"
            ]
          },
          "metadata": {
            "017E62MN6KUE7CKDGK5JFKCPJD6OYIHMJQ": "/Seed Data.xlsx",
            "tableId": "{596A1A7F-B2EC-4406-AFCA-035DA18DF87A}",
            "operationMetadataId": "0ba99f51-5927-479e-ac59-55c5bf3cf37a",
            "013WMGANSQQVCCUSBZZZEYBAJ736P4LVQH": "/SeedData/Seed Data.xlsx"
          },
          "type": "OpenApiConnection",
          "inputs": {
            "host": {
              "apiId": "/providers/Microsoft.PowerApps/apis/shared_excelonlinebusiness",
              "connectionName": "shared_excelonlinebusiness",
              "operationId": "GetItems"
            },
            "parameters": {
              "source": "sites/calyxai.sharepoint.com,064775f8-bc98-4629-a7d8-28cb3a2a6772,fe060b99-8e6f-488c-b3ad-2dabdcbe3aef",
              "drive": "b!-HVHBpi8KUan2CjLOipncpkLBv5vjoxIs60tq9y-Ou9ksSalfhzNS61bf2cQ27xW",
              "file": "013WMGANSQQVCCUSBZZZEYBAJ736P4LVQH",
              "table": "{596A1A7F-B2EC-4406-AFCA-035DA18DF87A}"
            },
            "authentication": "@parameters('$authentication')"
          },
          "runtimeConfiguration": {
            "paginationPolicy": {
              "minimumItemCount": 50000
            }
          }
        },
        "Foreach_Site": {
          "foreach": "@outputs('List_rows_present_in_Sites_table')?['body/value']",
          "actions": {
            "Foreach_Found_Site": {
              "foreach": "@outputs('Find_Site')?['body/value']",
              "actions": {
                "Set_Found_variable_to_true": {
                  "runAfter": {},
                  "metadata": {
                    "operationMetadataId": "88e52a10-fe9c-45b4-add4-05b657038a96"
                  },
                  "type": "SetVariable",
                  "inputs": {
                    "name": "Found",
                    "value": "@true"
                  }
                }
              },
              "runAfter": {
                "Find_Site": [
                  "Succeeded"
                ]
              },
              "metadata": {
                "operationMetadataId": "9eee5e23-4f42-48f8-8ba1-65359fd7bfff"
              },
              "type": "Foreach"
            },
            "If_Found_equals_false_then_add": {
              "actions": {
                "Add_Site": {
                  "runAfter": {},
                  "metadata": {
                    "operationMetadataId": "bcb0d198-f58e-409a-847e-6b68dbb2b3c6"
                  },
                  "type": "OpenApiConnection",
                  "inputs": {
                    "host": {
                      "apiId": "/providers/Microsoft.PowerApps/apis/shared_commondataserviceforapps",
                      "connectionName": "shared_commondataserviceforapps",
                      "operationId": "CreateRecord"
                    },
                    "parameters": {
                      "entityName": "new_sites",
                      "item/new_sitename": "@items('Foreach_Site')?['Name']",
                      "item/new_address1": "@items('Foreach_Site')?['Address 1']",
                      "item/new_address2": "@items('Foreach_Site')?['Address 2']",
                      "item/new_siteid_an": "@items('Foreach_Site')?['ID']",
                      "item/new_city": "@items('Foreach_Site')?['City']",
                      "item/new_state": "@items('Foreach_Site')?['State']",
                      "item/new_zipcode": "@items('Foreach_Site')?['Zip Code']"
                    },
                    "authentication": "@parameters('$authentication')"
                  }
                },
                "Increment_Count_variable_by_one": {
                  "runAfter": {
                    "Add_Site": [
                      "Succeeded"
                    ]
                  },
                  "metadata": {
                    "operationMetadataId": "484eb071-ddf6-4265-bb4d-c9403b0a3763"
                  },
                  "type": "IncrementVariable",
                  "inputs": {
                    "name": "Count",
                    "value": 1
                  }
                }
              },
              "runAfter": {
                "Foreach_Found_Site": [
                  "Succeeded"
                ]
              },
              "expression": {
                "equals": [
                  "@variables('Found')",
                  "@false"
                ]
              },
              "metadata": {
                "operationMetadataId": "37883f05-c294-4944-ae4d-9f91db2775b3"
              },
              "type": "If"
            },
            "Set_Found_variable_to_false": {
              "runAfter": {},
              "metadata": {
                "operationMetadataId": "4c27bfd3-3779-408c-bf63-fb6c783407e6"
              },
              "type": "SetVariable",
              "inputs": {
                "name": "Found",
                "value": "@false"
              }
            },
            "Find_Site": {
              "runAfter": {
                "Set_Found_variable_to_false": [
                  "Succeeded"
                ]
              },
              "metadata": {
                "operationMetadataId": "420d1773-b0e9-4d0c-a76e-02e8bf22a5b3"
              },
              "type": "OpenApiConnection",
              "inputs": {
                "host": {
                  "apiId": "/providers/Microsoft.PowerApps/apis/shared_commondataserviceforapps",
                  "connectionName": "shared_commondataserviceforapps",
                  "operationId": "ListRecords"
                },
                "parameters": {
                  "entityName": "new_sites",
                  "$select": "new_siteid_an",
                  "$filter": "new_siteid_an eq '@{items('Foreach_Site')?['ID']}'",
                  "$top": 1
                },
                "authentication": "@parameters('$authentication')"
              }
            }
          },
          "runAfter": {
            "List_rows_present_in_Sites_table": [
              "Succeeded"
            ]
          },
          "metadata": {
            "operationMetadataId": "10767723-a9c4-48ea-8bbf-1bb6a99de5b0"
          },
          "type": "Foreach"
        },
        "Response": {
          "runAfter": {
            "Foreach_Site": [
              "Succeeded"
            ]
          },
          "metadata": {
            "operationMetadataId": "150db7eb-4546-4072-9f58-51a381eb1376"
          },
          "type": "Response",
          "kind": "Http",
          "inputs": {
            "statusCode": 200,
            "body": {
              "DateTime": "@utcnow()",
              "Count": "@variables('Count')"
            }
          }
        },
        "Initialize_Found_variable": {
          "runAfter": {
            "Initialize_Count_variable": [
              "Succeeded"
            ]
          },
          "metadata": {
            "operationMetadataId": "c5897263-4295-4008-9590-9391963d7b5b"
          },
          "type": "InitializeVariable",
          "inputs": {
            "variables": [
              {
                "name": "Found",
                "type": "boolean",
                "value": "@false"
              }
            ]
          }
        }
      },
      "outputs": {}
    }
  },
  "schemaVersion": "1.0.0.0"
}