{
  "properties": {
    "connectionReferences": {
      "shared_commondataserviceforapps": {
        "runtimeSource": "embedded",
        "connection": {
          "connectionReferenceLogicalName": "mib_MicrosoftDataverseMIBAdmin"
        },
        "api": {
          "name": "shared_commondataserviceforapps"
        }
      }
    },
    "definition": {
      "$schema": "https://schema.management.azure.com/providers/Microsoft.Logic/schemas/2016-06-01/workflowdefinition.json#",
      "contentVersion": "1.0.0.0",
      "parameters": {
        "$connections": {
          "defaultValue": {},
          "type": "Object"
        },
        "$authentication": {
          "defaultValue": {},
          "type": "SecureObject"
        }
      },
      "triggers": {
        "When_a_row_is_added,_modified_or_deleted": {
          "metadata": {
            "operationMetadataId": "ca211fb2-cc76-4307-bbfa-c07427eb6dfc"
          },
          "type": "OpenApiConnectionWebhook",
          "inputs": {
            "host": {
              "connectionName": "shared_commondataserviceforapps",
              "operationId": "SubscribeWebhookTrigger",
              "apiId": "/providers/Microsoft.PowerApps/apis/shared_commondataserviceforapps"
            },
            "parameters": {
              "subscriptionRequest/message": 4,
              "subscriptionRequest/entityname": "new_site",
              "subscriptionRequest/scope": 4,
              "subscriptionRequest/filteringattributes": "new_sitename,mib_softdelete,mib_lastresubmissiondate"
            },
            "authentication": "@parameters('$authentication')"
          }
        }
      },
      "actions": {
        "Initialize_variable_-_Operation_Type": {
          "runAfter": {
            "Initialize_variable_-_Blank_Value": [
              "Succeeded"
            ]
          },
          "metadata": {
            "operationMetadataId": "a5aae60e-5946-4bd2-a3ce-4651d8d3a44f"
          },
          "type": "InitializeVariable",
          "inputs": {
            "variables": [
              {
                "name": "SDK Message",
                "type": "string",
                "value": "@{triggerOutputs()?['body/sdkMessage']}"
              }
            ]
          }
        },
        "Initialize_variable_-_UUID": {
          "runAfter": {
            "Initialize_variable_-_Operation_Type": [
              "Succeeded"
            ]
          },
          "metadata": {
            "operationMetadataId": "b25a86a9-6147-47cf-884b-0204a928d6c8"
          },
          "type": "InitializeVariable",
          "inputs": {
            "variables": [
              {
                "name": "UUID",
                "type": "string",
                "value": "@triggerOutputs()?['body/mib_uuid']"
              }
            ]
          }
        },
        "Get_Default_System_Configuration": {
          "runAfter": {
            "Initialize_variable_-_ECC_Queue_Record_GUID": [
              "Succeeded"
            ]
          },
          "metadata": {
            "operationMetadataId": "04acd659-f804-4f5c-95e1-247b287b28d5"
          },
          "type": "OpenApiConnection",
          "inputs": {
            "host": {
              "connectionName": "shared_commondataserviceforapps",
              "operationId": "ListRecords",
              "apiId": "/providers/Microsoft.PowerApps/apis/shared_commondataserviceforapps"
            },
            "parameters": {
              "entityName": "mib_systemconfigurations",
              "$filter": "mib_name eq 'Default'",
              "$top": 1
            },
            "authentication": "@parameters('$authentication')"
          }
        },
        "Foreach_System_Configuration": {
          "foreach": "@outputs('Get_Default_System_Configuration')?['body/value']",
          "actions": {
            "Set_Password_variable": {
              "runAfter": {
                "Set_UserName_variable": [
                  "Succeeded"
                ]
              },
              "metadata": {
                "operationMetadataId": "466064a9-5412-487d-a7f8-222490c1f643"
              },
              "type": "SetVariable",
              "inputs": {
                "name": "Password",
                "value": "@items('Foreach_System_Configuration')?['mib_ambrapassword']"
              }
            },
            "Set_Service_Url_variable": {
              "runAfter": {},
              "metadata": {
                "operationMetadataId": "8c93f809-47ed-4243-bdbc-c0e0427a2779"
              },
              "type": "SetVariable",
              "inputs": {
                "name": "Service_Url",
                "value": "@items('Foreach_System_Configuration')?['mib_ambraserviceurl']"
              }
            },
            "Set_UserName_variable": {
              "runAfter": {
                "Set_Service_Url_variable": [
                  "Succeeded"
                ]
              },
              "metadata": {
                "operationMetadataId": "e3c1371d-c1e9-4670-8479-039b6ebe89f8"
              },
              "type": "SetVariable",
              "inputs": {
                "name": "UserName",
                "value": "@items('Foreach_System_Configuration')?['mib_ambrausername']"
              }
            },
            "Set_variable_-_SiteAccountUUID": {
              "runAfter": {
                "Set_Password_variable": [
                  "Succeeded"
                ]
              },
              "metadata": {
                "operationMetadataId": "57cc5be9-2a2b-44e3-a014-370fdb2c6665"
              },
              "type": "SetVariable",
              "inputs": {
                "name": "SiteAccountUUID",
                "value": "@items('Foreach_System_Configuration')?['mib_siteaccountuuid']"
              }
            }
          },
          "runAfter": {
            "Get_Default_System_Configuration": [
              "Succeeded"
            ]
          },
          "metadata": {
            "operationMetadataId": "4ff06afc-c96f-4184-83f7-158d67acf6aa"
          },
          "type": "Foreach"
        },
        "Initialize_Service_Url_variable": {
          "runAfter": {
            "Initialize_variable_-_UUID": [
              "Succeeded"
            ]
          },
          "metadata": {
            "operationMetadataId": "8fbfd2aa-bd5e-4bb9-a303-887a1b3c5298"
          },
          "type": "InitializeVariable",
          "inputs": {
            "variables": [
              {
                "name": "Service_Url",
                "type": "string"
              }
            ]
          }
        },
        "Initialize_UserName_variable": {
          "runAfter": {
            "Initialize_Service_Url_variable": [
              "Succeeded"
            ]
          },
          "metadata": {
            "operationMetadataId": "016714a2-1f43-4ca1-bdae-1632b3b378bb"
          },
          "type": "InitializeVariable",
          "inputs": {
            "variables": [
              {
                "name": "UserName",
                "type": "string"
              }
            ]
          }
        },
        "Initialize_Password_variable": {
          "runAfter": {
            "Initialize_UserName_variable": [
              "Succeeded"
            ]
          },
          "metadata": {
            "operationMetadataId": "4229545b-1b93-42be-98fd-ea4ce29b69d4"
          },
          "type": "InitializeVariable",
          "inputs": {
            "variables": [
              {
                "name": "Password",
                "type": "string"
              }
            ]
          }
        },
        "Initialize_variable_-_SiteAccountUUID": {
          "runAfter": {
            "Initialize_Password_variable": [
              "Succeeded"
            ]
          },
          "metadata": {
            "operationMetadataId": "5def5561-0446-4e92-b0ef-3aad08506fad"
          },
          "type": "InitializeVariable",
          "inputs": {
            "variables": [
              {
                "name": "SiteAccountUUID",
                "type": "string"
              }
            ]
          }
        },
        "If_'Create'_or_UUID_is_empty,_site_does_not_exist_in_Ambra": {
          "actions": {
            "Run_a_Child_Flow_-_Create_Site_in_Ambra_2": {
              "runAfter": {},
              "metadata": {
                "operationMetadataId": "ccfa2457-ebf0-4be5-b0fc-e23e0d03f7a6"
              },
              "type": "Workflow",
              "inputs": {
                "host": {
                  "workflowReferenceName": "0ac797b4-f824-ec11-b6e5-000d3a33e3b6"
                },
                "body": {
                  "text_1": "@variables('Service_Url')",
                  "text_2": "@variables('UserName')",
                  "text_3": "@variables('Password')",
                  "text_4": "@variables('SiteAccountUUID')",
                  "text_5": "@triggerOutputs()?['body/new_sitename']",
                  "text_6": "@triggerOutputs()?['body/new_siteid']",
                  "boolean": "@triggerOutputs()?['body/mib_isretry']",
                  "text": "@variables('ECC Queue Record GUID')"
                },
                "retryPolicy": {
                  "type": "none"
                }
              }
            }
          },
          "runAfter": {
            "Condition_5": [
              "Succeeded"
            ]
          },
          "else": {
            "actions": {
              "Run_a_Child_Flow_-_Update_and_remove_site_in_ambra_2": {
                "runAfter": {},
                "metadata": {
                  "operationMetadataId": "adfd082d-abd3-43ce-ba20-cef6735c0614"
                },
                "type": "Workflow",
                "inputs": {
                  "host": {
                    "workflowReferenceName": "1a84f913-fa24-ec11-b6e5-000d3a33e3b6"
                  },
                  "body": {
                    "text": "@triggerOutputs()?['body/mib_uuid']",
                    "text_1": "@triggerOutputs()?['body/new_sitename']",
                    "text_2": "@variables('Service_Url')",
                    "text_3": "@variables('UserName')",
                    "text_4": "@variables('Password')",
                    "text_5": "@variables('SiteAccountUUID')",
                    "text_6": "@triggerOutputs()?['body/new_siteid']",
                    "text_7": "@string(triggerOutputs()?['body/mib_softdelete'])",
                    "boolean": "@triggerOutputs()?['body/mib_isretry']",
                    "text_8": "@variables('ECC Queue Record GUID')"
                  },
                  "retryPolicy": {
                    "type": "none"
                  }
                }
              }
            }
          },
          "expression": {
            "or": [
              {
                "equals": [
                  "@toLower(variables('SDK Message'))",
                  "create"
                ]
              },
              {
                "equals": [
                  "@triggerOutputs()?['body/mib_uuid']",
                  "@null"
                ]
              },
              {
                "equals": [
                  "@length(triggerOutputs()?['body/mib_uuid'])",
                  0
                ]
              }
            ]
          },
          "metadata": {
            "operationMetadataId": "d059f675-2987-4b2b-940a-3e25552dfccc"
          },
          "type": "If"
        },
        "Initialize_variable_-_ECC_Queue_Record_GUID": {
          "runAfter": {
            "Initialize_variable_-_SiteAccountUUID": [
              "Succeeded"
            ]
          },
          "metadata": {
            "operationMetadataId": "8c3a751d-2a88-4b59-be81-92b5ce80ac5f"
          },
          "type": "InitializeVariable",
          "inputs": {
            "variables": [
              {
                "name": "ECC Queue Record GUID",
                "type": "string"
              }
            ]
          }
        },
        "Condition_5": {
          "actions": {
            "Set_variable_11": {
              "runAfter": {},
              "metadata": {
                "operationMetadataId": "670b4c83-b9a1-4ec1-a6d6-02a65c38c2c6"
              },
              "type": "SetVariable",
              "inputs": {
                "name": "ECC Queue Record GUID",
                "value": "@variables('Blank Value')"
              }
            }
          },
          "runAfter": {
            "Foreach_System_Configuration": [
              "Succeeded"
            ]
          },
          "else": {
            "actions": {
              "Set_variable_10": {
                "runAfter": {},
                "metadata": {
                  "operationMetadataId": "c972f3c8-59be-432d-8eaa-d4d8b190c674"
                },
                "type": "SetVariable",
                "inputs": {
                  "name": "ECC Queue Record GUID",
                  "value": "@triggerOutputs()?['body/mib_eccqueuerecordguid']"
                }
              }
            }
          },
          "expression": {
            "equals": [
              "@empty(triggerOutputs()?['body/mib_eccqueuerecordguid'])",
              "@true"
            ]
          },
          "metadata": {
            "operationMetadataId": "016d365c-e3ec-4bf9-b11a-096bed0a5d44"
          },
          "type": "If"
        },
        "Initialize_variable_-_Blank_Value": {
          "runAfter": {},
          "metadata": {
            "operationMetadataId": "7fdef036-0b0d-4032-bef4-dba7e07d6439"
          },
          "type": "InitializeVariable",
          "inputs": {
            "variables": [
              {
                "name": "Blank Value",
                "type": "string"
              }
            ]
          }
        }
      },
      "outputs": {}
    }
  },
  "schemaVersion": "1.0.0.0"
}