{
  "properties": {
    "connectionReferences": {
      "shared_commondataserviceforapps": {
        "runtimeSource": "embedded",
        "connection": {
          "connectionReferenceLogicalName": "mib_MicrosoftDataverseMIBAdmin"
        },
        "api": {
          "name": "shared_commondataserviceforapps"
        }
      }
    },
    "definition": {
      "$schema": "https://schema.management.azure.com/providers/Microsoft.Logic/schemas/2016-06-01/workflowdefinition.json#",
      "contentVersion": "1.0.0.0",
      "parameters": {
        "$connections": {
          "defaultValue": {},
          "type": "Object"
        },
        "$authentication": {
          "defaultValue": {},
          "type": "SecureObject"
        }
      },
      "triggers": {
        "When_a_row_is_added,_modified_or_deleted": {
          "metadata": {
            "operationMetadataId": "6063a228-7f3a-4a9c-a1b8-2e6ac8b7ce07"
          },
          "type": "OpenApiConnectionWebhook",
          "inputs": {
            "host": {
              "connectionName": "shared_commondataserviceforapps",
              "operationId": "SubscribeWebhookTrigger",
              "apiId": "/providers/Microsoft.PowerApps/apis/shared_commondataserviceforapps"
            },
            "parameters": {
              "subscriptionRequest/message": 4,
              "subscriptionRequest/entityname": "cr420_studysitecontact",
              "subscriptionRequest/scope": 4,
              "subscriptionRequest/filteringattributes": "statecode,mib_lastresubmissiondate,mib_role"
            },
            "authentication": "@parameters('$authentication')"
          }
        }
      },
      "actions": {
        "Initialize_Service_Url_Variable": {
          "runAfter": {
            "Initialize_variable_-_SDK_Message": [
              "Succeeded"
            ]
          },
          "metadata": {
            "operationMetadataId": "9e4efc69-3cba-4b73-b836-497789790d8e"
          },
          "type": "InitializeVariable",
          "inputs": {
            "variables": [
              {
                "name": "Service_Url",
                "type": "string"
              }
            ]
          }
        },
        "Initialize_UserName_Variable": {
          "runAfter": {
            "Initialize_Service_Url_Variable": [
              "Succeeded"
            ]
          },
          "metadata": {
            "operationMetadataId": "45f28a89-6358-4713-b9c4-fb1f7f55939f"
          },
          "type": "InitializeVariable",
          "inputs": {
            "variables": [
              {
                "name": "UserName",
                "type": "string"
              }
            ]
          }
        },
        "Initialize_Password_Variable": {
          "runAfter": {
            "Initialize_UserName_Variable": [
              "Succeeded"
            ]
          },
          "metadata": {
            "operationMetadataId": "33d6881f-70d1-4a89-9bd6-faae68d6b449"
          },
          "type": "InitializeVariable",
          "inputs": {
            "variables": [
              {
                "name": "Password",
                "type": "string"
              }
            ]
          }
        },
        "Initialize_variable_-_Site_Account_UUID": {
          "runAfter": {
            "Initialize_Password_Variable": [
              "Succeeded"
            ]
          },
          "metadata": {
            "operationMetadataId": "dc788d73-2744-4266-8ec5-10b5e2fe18dc"
          },
          "type": "InitializeVariable",
          "inputs": {
            "variables": [
              {
                "name": "SiteAccountUUID",
                "type": "string"
              }
            ]
          }
        },
        "System_Configuration": {
          "runAfter": {
            "Initialize_role_name": [
              "Succeeded"
            ]
          },
          "metadata": {
            "operationMetadataId": "92b03a31-7cb2-4422-aca3-b8fb7d4a20c3"
          },
          "type": "OpenApiConnection",
          "inputs": {
            "host": {
              "connectionName": "shared_commondataserviceforapps",
              "operationId": "ListRecords",
              "apiId": "/providers/Microsoft.PowerApps/apis/shared_commondataserviceforapps"
            },
            "parameters": {
              "entityName": "mib_systemconfigurations",
              "$filter": "mib_name eq 'Default'",
              "$top": 1
            },
            "authentication": "@parameters('$authentication')"
          }
        },
        "Apply_to_each": {
          "foreach": "@outputs('System_Configuration')?['body/value']",
          "actions": {
            "Set_variable_Service_Url": {
              "runAfter": {},
              "metadata": {
                "operationMetadataId": "dbe02c06-1c5b-4ac0-8550-989e7d5e15ef"
              },
              "type": "SetVariable",
              "inputs": {
                "name": "Service_Url",
                "value": "@items('Apply_to_each')?['mib_ambraserviceurl']"
              }
            },
            "Set_variable_UserName": {
              "runAfter": {
                "Set_variable_Service_Url": [
                  "Succeeded"
                ]
              },
              "metadata": {
                "operationMetadataId": "01c0dc0f-647c-4064-825e-c1f243ac921b"
              },
              "type": "SetVariable",
              "inputs": {
                "name": "UserName",
                "value": "@items('Apply_to_each')?['mib_ambrausername']"
              }
            },
            "Set_variable_Password": {
              "runAfter": {
                "Set_variable_UserName": [
                  "Succeeded"
                ]
              },
              "metadata": {
                "operationMetadataId": "3ca3884d-795c-4e29-86e4-0e77be8d1af9"
              },
              "type": "SetVariable",
              "inputs": {
                "name": "Password",
                "value": "@items('Apply_to_each')?['mib_ambrapassword']"
              }
            },
            "Set_variable_Site_Account_UUID": {
              "runAfter": {
                "Set_variable_Password": [
                  "Succeeded"
                ]
              },
              "metadata": {
                "operationMetadataId": "4a73b450-55ec-4787-8432-7950f13232f6"
              },
              "type": "SetVariable",
              "inputs": {
                "name": "SiteAccountUUID",
                "value": "@items('Apply_to_each')?['mib_siteaccountuuid']"
              }
            }
          },
          "runAfter": {
            "System_Configuration": [
              "Succeeded"
            ]
          },
          "metadata": {
            "operationMetadataId": "c313cab2-0d07-417e-97bb-d9c0d5b109a2"
          },
          "type": "Foreach"
        },
        "Initialize_variable_SoftDelete": {
          "runAfter": {
            "Initialize_variable_-_Site_Account_UUID": [
              "Succeeded"
            ]
          },
          "metadata": {
            "operationMetadataId": "ef8c389f-4604-49dc-84af-c565ca079bed"
          },
          "type": "InitializeVariable",
          "inputs": {
            "variables": [
              {
                "name": "SoftDelete",
                "type": "string"
              }
            ]
          }
        },
        "Initialize_variable_StudySiteUUID": {
          "runAfter": {
            "Initialize_variable_SoftDelete": [
              "Succeeded"
            ]
          },
          "metadata": {
            "operationMetadataId": "ef8c389f-4604-49dc-84af-c565ca079bed"
          },
          "type": "InitializeVariable",
          "inputs": {
            "variables": [
              {
                "name": "StudySiteUUID",
                "type": "string"
              }
            ]
          }
        },
        "Get_a_row_by_group_id": {
          "runAfter": {
            "Initialize_variable_-_ECC_Queue_Record_GUID": [
              "Succeeded"
            ]
          },
          "metadata": {
            "operationMetadataId": "3f95f4c9-20fe-4cf6-b1f7-0d1365c63efb"
          },
          "type": "OpenApiConnection",
          "inputs": {
            "host": {
              "connectionName": "shared_commondataserviceforapps",
              "operationId": "GetItem",
              "apiId": "/providers/Microsoft.PowerApps/apis/shared_commondataserviceforapps"
            },
            "parameters": {
              "entityName": "cr6ee_studysites",
              "recordId": "@triggerOutputs()?['body/_new_studysite_value']"
            },
            "authentication": "@parameters('$authentication')"
          }
        },
        "Initialize_variable_group_id": {
          "runAfter": {
            "Get_a_row_by_group_id": [
              "Succeeded"
            ]
          },
          "metadata": {
            "operationMetadataId": "ef8c389f-4604-49dc-84af-c565ca079bed"
          },
          "type": "InitializeVariable",
          "inputs": {
            "variables": [
              {
                "name": "group_id",
                "type": "string",
                "value": "@outputs('Get_a_row_by_group_id')?['body/mib_uuid']"
              }
            ]
          }
        },
        "Get_a_row_by_account_id": {
          "runAfter": {
            "Initialize_variable_group_id": [
              "Succeeded"
            ]
          },
          "metadata": {
            "operationMetadataId": "c2ba9955-61bc-4871-b5ad-d1d9209f7aa5"
          },
          "type": "OpenApiConnection",
          "inputs": {
            "host": {
              "connectionName": "shared_commondataserviceforapps",
              "operationId": "GetItem",
              "apiId": "/providers/Microsoft.PowerApps/apis/shared_commondataserviceforapps"
            },
            "parameters": {
              "entityName": "new_studies",
              "recordId": "@outputs('Get_a_row_by_group_id')?['body/_new_study_value']"
            },
            "authentication": "@parameters('$authentication')"
          }
        },
        "Get_a_row_by_user_id": {
          "runAfter": {
            "Initialize_variable_account_id": [
              "Succeeded"
            ]
          },
          "metadata": {
            "operationMetadataId": "1fac33c1-eb31-4670-824d-03864e8c4718"
          },
          "type": "OpenApiConnection",
          "inputs": {
            "host": {
              "connectionName": "shared_commondataserviceforapps",
              "operationId": "GetItem",
              "apiId": "/providers/Microsoft.PowerApps/apis/shared_commondataserviceforapps"
            },
            "parameters": {
              "entityName": "contacts",
              "recordId": "@triggerOutputs()?['body/_cr420_contact_value']"
            },
            "authentication": "@parameters('$authentication')"
          }
        },
        "Initialize_variable_account_id": {
          "runAfter": {
            "Get_a_row_by_account_id": [
              "Succeeded"
            ]
          },
          "metadata": {
            "operationMetadataId": "259ce13d-6a0e-4b89-b100-44fe470c0cc9"
          },
          "type": "InitializeVariable",
          "inputs": {
            "variables": [
              {
                "name": "account_id",
                "type": "string",
                "value": "@outputs('Get_a_row_by_account_id')?['body/mib_uuid']"
              }
            ]
          }
        },
        "Initialize_variable_user_id": {
          "runAfter": {
            "Get_a_row_by_user_id": [
              "Succeeded"
            ]
          },
          "metadata": {
            "operationMetadataId": "259ce13d-6a0e-4b89-b100-44fe470c0cc9"
          },
          "type": "InitializeVariable",
          "inputs": {
            "variables": [
              {
                "name": "user_id",
                "type": "string",
                "value": "@outputs('Get_a_row_by_user_id')?['body/mib_ambrauserid']"
              }
            ]
          }
        },
        "Get_a_row_by_role_name": {
          "runAfter": {
            "Initialize_variable_user_id": [
              "Succeeded"
            ]
          },
          "metadata": {
            "operationMetadataId": "a5a49582-da65-40d4-a52c-566a341d17a0"
          },
          "type": "OpenApiConnection",
          "inputs": {
            "host": {
              "connectionName": "shared_commondataserviceforapps",
              "operationId": "GetItem",
              "apiId": "/providers/Microsoft.PowerApps/apis/shared_commondataserviceforapps"
            },
            "parameters": {
              "entityName": "mib_ambrasiteroles",
              "recordId": "@triggerOutputs()?['body/_mib_role_value']"
            },
            "authentication": "@parameters('$authentication')"
          }
        },
        "Initialize_role_name": {
          "runAfter": {
            "Get_a_row_by_role_name": [
              "Succeeded"
            ]
          },
          "metadata": {
            "operationMetadataId": "d3b62026-538d-4897-aa9b-6932f81003cb"
          },
          "type": "InitializeVariable",
          "inputs": {
            "variables": [
              {
                "name": "role_name",
                "type": "string",
                "value": "@outputs('Get_a_row_by_role_name')?['body/mib_rolename']"
              }
            ]
          }
        },
        "Initialize_variable_-_SDK_Message": {
          "runAfter": {
            "Initialize_variable_-_Blank_Value": [
              "Succeeded"
            ]
          },
          "metadata": {
            "operationMetadataId": "d842371a-d1f1-4f7c-8a2d-d10687effb5a"
          },
          "type": "InitializeVariable",
          "inputs": {
            "variables": [
              {
                "name": "SDK Message",
                "type": "string",
                "value": "@{triggerOutputs()?['body/sdkMessage']}"
              }
            ]
          }
        },
        "If_'Create'_or_UUID_is_null,_create_study_site_contact": {
          "actions": {
            "Run_a_Child_Flow_3": {
              "runAfter": {},
              "metadata": {
                "operationMetadataId": "9f23c2f3-828e-47e1-9ef8-97c64be899cd"
              },
              "type": "Workflow",
              "inputs": {
                "host": {
                  "workflowReferenceName": "2c68b745-2840-ec11-8c62-000d3a32c9cd"
                },
                "body": {
                  "text": "@variables('Service_Url')",
                  "text_1": "@variables('UserName')",
                  "text_2": "@variables('Password')",
                  "text_3": "@variables('account_id')",
                  "text_4": "@variables('group_id')",
                  "text_5": "@variables('user_id')",
                  "text_7": "@variables('role_name')",
                  "text_6": "@triggerOutputs()?['body/cr420_studysitecontactid']",
                  "text_8": "No",
                  "text_9": "@variables('ECC Queue Record GUID')"
                }
              }
            }
          },
          "runAfter": {
            "Condition_5": [
              "Succeeded"
            ]
          },
          "else": {
            "actions": {
              "Switch": {
                "runAfter": {},
                "cases": {
                  "Case_2": {
                    "case": "update",
                    "actions": {
                      "Condition": {
                        "actions": {
                          "Run_a_Child_Flow_Update_Study_Site_Contact": {
                            "runAfter": {},
                            "type": "Workflow",
                            "inputs": {
                              "host": {
                                "workflowReferenceName": "15443fd2-2740-ec11-8c62-000d3a340c80"
                              },
                              "body": {
                                "text_1": "@variables('Service_Url')",
                                "text_2": "@variables('UserName')",
                                "text_3": "@variables('Password')",
                                "text_4": "@variables('user_id')",
                                "text_5": "@variables('SoftDelete')",
                                "text_6": "@variables('account_id')",
                                "text_7": "@variables('group_id')",
                                "text": "@variables('role_name')",
                                "text_8": "No",
                                "text_9": "@triggerOutputs()?['body/cr420_studysitecontactid']",
                                "text_10": "@variables('ECC Queue Record GUID')"
                              }
                            }
                          }
                        },
                        "runAfter": {},
                        "else": {
                          "actions": {
                            "Run_a_Child_Flow_Soft_Delete": {
                              "runAfter": {},
                              "type": "Workflow",
                              "inputs": {
                                "host": {
                                  "workflowReferenceName": "15443fd2-2740-ec11-8c62-000d3a340c80"
                                },
                                "body": {
                                  "text_1": "@variables('Service_Url')",
                                  "text_2": "@variables('UserName')",
                                  "text_3": "@variables('Password')",
                                  "text_4": "@variables('user_id')",
                                  "text_5": "True",
                                  "text_6": "@variables('account_id')",
                                  "text_7": "@variables('group_id')",
                                  "text": "@variables('role_name')",
                                  "text_8": "No",
                                  "text_9": "@triggerOutputs()?['body/cr420_studysitecontactid']",
                                  "text_10": "@variables('ECC Queue Record GUID')"
                                }
                              }
                            }
                          }
                        },
                        "expression": {
                          "equals": [
                            "@triggerOutputs()?['body/statecode']",
                            0
                          ]
                        },
                        "type": "If"
                      }
                    }
                  }
                },
                "default": {
                  "actions": {}
                },
                "expression": "@toLower(variables('SDK Message'))",
                "metadata": {
                  "operationMetadataId": "7e358c4d-f68b-4097-974d-790803200100"
                },
                "type": "Switch"
              }
            }
          },
          "expression": {
            "and": [
              {
                "equals": [
                  "@variables('SDK Message')",
                  "Create"
                ]
              },
              {
                "equals": [
                  "@triggerOutputs()?['body/mib_uuid']",
                  "@null"
                ]
              }
            ]
          },
          "metadata": {
            "operationMetadataId": "ce72db7b-d435-40b1-8285-7ecceb913385"
          },
          "type": "If"
        },
        "Initialize_variable_-_Blank_Value": {
          "runAfter": {},
          "metadata": {
            "operationMetadataId": "7fdef036-0b0d-4032-bef4-dba7e07d6439"
          },
          "type": "InitializeVariable",
          "inputs": {
            "variables": [
              {
                "name": "Blank Value",
                "type": "string"
              }
            ]
          }
        },
        "Initialize_variable_-_ECC_Queue_Record_GUID": {
          "runAfter": {
            "Initialize_variable_StudySiteUUID": [
              "Succeeded"
            ]
          },
          "metadata": {
            "operationMetadataId": "8c3a751d-2a88-4b59-be81-92b5ce80ac5f"
          },
          "type": "InitializeVariable",
          "inputs": {
            "variables": [
              {
                "name": "ECC Queue Record GUID",
                "type": "string"
              }
            ]
          }
        },
        "Condition_5": {
          "actions": {
            "Set_variable_11": {
              "runAfter": {},
              "metadata": {
                "operationMetadataId": "670b4c83-b9a1-4ec1-a6d6-02a65c38c2c6"
              },
              "type": "SetVariable",
              "inputs": {
                "name": "ECC Queue Record GUID",
                "value": "@variables('Blank Value')"
              }
            }
          },
          "runAfter": {
            "Apply_to_each": [
              "Succeeded"
            ]
          },
          "else": {
            "actions": {
              "Set_variable_10": {
                "runAfter": {},
                "metadata": {
                  "operationMetadataId": "c972f3c8-59be-432d-8eaa-d4d8b190c674"
                },
                "type": "SetVariable",
                "inputs": {
                  "name": "ECC Queue Record GUID",
                  "value": "@triggerOutputs()?['body/mib_eccqueuerecordguid']"
                }
              }
            }
          },
          "expression": {
            "equals": [
              "@empty(triggerOutputs()?['body/mib_eccqueuerecordguid'])",
              "@true"
            ]
          },
          "metadata": {
            "operationMetadataId": "016d365c-e3ec-4bf9-b11a-096bed0a5d44"
          },
          "type": "If"
        }
      },
      "outputs": {}
    }
  },
  "schemaVersion": "1.0.0.0"
}