{
  "properties": {
    "connectionReferences": {
      "shared_commondataserviceforapps": {
        "runtimeSource": "embedded",
        "connection": {
          "connectionReferenceLogicalName": "mib_MicrosoftDataverseMIBAdmin"
        },
        "api": {
          "name": "shared_commondataserviceforapps"
        }
      },
      "shared_commondataserviceforapps_1": {
        "runtimeSource": "embedded",
        "connection": {
          "connectionReferenceLogicalName": "mib_sharedcommondataserviceforapps_7311c"
        },
        "api": {
          "name": "shared_commondataserviceforapps"
        }
      }
    },
    "definition": {
      "$schema": "https://schema.management.azure.com/providers/Microsoft.Logic/schemas/2016-06-01/workflowdefinition.json#",
      "contentVersion": "1.0.0.0",
      "parameters": {
        "$connections": {
          "defaultValue": {},
          "type": "Object"
        },
        "$authentication": {
          "defaultValue": {},
          "type": "SecureObject"
        }
      },
      "triggers": {
        "When_a_row_is_added,_modified_or_deleted": {
          "metadata": {
            "operationMetadataId": "81fb9677-bf7c-4784-b05d-a297c301c7a4"
          },
          "type": "OpenApiConnectionWebhook",
          "inputs": {
            "host": {
              "connectionName": "shared_commondataserviceforapps",
              "operationId": "SubscribeWebhookTrigger",
              "apiId": "/providers/Microsoft.PowerApps/apis/shared_commondataserviceforapps"
            },
            "parameters": {
              "subscriptionRequest/message": 4,
              "subscriptionRequest/entityname": "new_study",
              "subscriptionRequest/scope": 4,
              "subscriptionRequest/filteringattributes": "new_name,mib_title,mib_lastresubmissiondate"
            },
            "authentication": "@parameters('$authentication')"
          }
        }
      },
      "actions": {
        "Initialize_variable_-_UUID": {
          "runAfter": {
            "Initialize_variable_-_Site_Account_management_UUID": [
              "Succeeded"
            ]
          },
          "metadata": {
            "operationMetadataId": "a3b4df2a-b98e-4663-a9b5-97c4aab2281c"
          },
          "type": "InitializeVariable",
          "inputs": {
            "variables": [
              {
                "name": "UUID",
                "type": "string",
                "value": "@triggerOutputs()?['body/mib_uuid']"
              }
            ]
          }
        },
        "Initialize_Service_Url_variable": {
          "runAfter": {
            "Initialize_variable_-_UUID": [
              "Succeeded"
            ]
          },
          "metadata": {
            "operationMetadataId": "1f91515b-fcb0-4402-ae80-11f7cc71fb2a"
          },
          "type": "InitializeVariable",
          "inputs": {
            "variables": [
              {
                "name": "Service_Url",
                "type": "string"
              }
            ]
          }
        },
        "Initialize_UserName_variable": {
          "runAfter": {
            "Initialize_Service_Url_variable": [
              "Succeeded"
            ]
          },
          "metadata": {
            "operationMetadataId": "027d6945-3ac6-4827-9aaa-b69b395c4d6b"
          },
          "type": "InitializeVariable",
          "inputs": {
            "variables": [
              {
                "name": "UserName",
                "type": "string"
              }
            ]
          }
        },
        "Initialize_Password_variable": {
          "runAfter": {
            "Initialize_UserName_variable": [
              "Succeeded"
            ]
          },
          "metadata": {
            "operationMetadataId": "230e6660-7d03-4d4a-a0c6-25a95198ef29"
          },
          "type": "InitializeVariable",
          "inputs": {
            "variables": [
              {
                "name": "Password",
                "type": "string"
              }
            ]
          }
        },
        "Initialize_variable_-_TIMS_CustomField_UUID": {
          "runAfter": {
            "Initialize_Password_variable": [
              "Succeeded"
            ]
          },
          "metadata": {
            "operationMetadataId": "a7d5d6f7-3597-4b20-8549-86bcbad53e38"
          },
          "type": "InitializeVariable",
          "inputs": {
            "variables": [
              {
                "name": "TIMS CustomField UUID",
                "type": "string",
                "value": "@triggerOutputs()?['body/mib_timsuuid']"
              }
            ]
          }
        },
        "Get_Default_System_Configuration": {
          "runAfter": {
            "Initialize_variable_-_ECC_Queue_Record_GUID": [
              "Succeeded"
            ]
          },
          "metadata": {
            "operationMetadataId": "8a71b411-4fce-4320-8a40-04f4a31ff786"
          },
          "type": "OpenApiConnection",
          "inputs": {
            "host": {
              "connectionName": "shared_commondataserviceforapps",
              "operationId": "ListRecords",
              "apiId": "/providers/Microsoft.PowerApps/apis/shared_commondataserviceforapps"
            },
            "parameters": {
              "entityName": "mib_systemconfigurations",
              "$filter": "mib_name eq 'Default'",
              "$top": 1
            },
            "authentication": "@parameters('$authentication')"
          }
        },
        "Foreach_System_Configuration": {
          "foreach": "@outputs('Get_Default_System_Configuration')?['body/value']",
          "actions": {
            "Set_Password_variable": {
              "runAfter": {
                "Set_UserName_variable": [
                  "Succeeded"
                ]
              },
              "metadata": {
                "operationMetadataId": "c0eae423-0b28-4560-8d3e-d6140e97606b"
              },
              "type": "SetVariable",
              "inputs": {
                "name": "Password",
                "value": "@items('Foreach_System_Configuration')?['mib_ambrapassword']"
              }
            },
            "Set_Service_Url_variable": {
              "runAfter": {},
              "metadata": {
                "operationMetadataId": "1e8db24d-a41b-459a-831c-cf4631922fe6"
              },
              "type": "SetVariable",
              "inputs": {
                "name": "Service_Url",
                "value": "@items('Foreach_System_Configuration')?['mib_ambraserviceurl']"
              }
            },
            "Set_UserName_variable": {
              "runAfter": {
                "Set_Service_Url_variable": [
                  "Succeeded"
                ]
              },
              "metadata": {
                "operationMetadataId": "c77f099e-2012-41e9-8539-7b869d3c9a03"
              },
              "type": "SetVariable",
              "inputs": {
                "name": "UserName",
                "value": "@items('Foreach_System_Configuration')?['mib_ambrausername']"
              }
            },
            "Set_variable": {
              "runAfter": {
                "Set_Password_variable": [
                  "Succeeded"
                ]
              },
              "metadata": {
                "operationMetadataId": "4e88ac78-e340-4b21-a292-ca00e6e667c7"
              },
              "type": "SetVariable",
              "inputs": {
                "name": "Site Account management UUID",
                "value": "@items('Foreach_System_Configuration')?['mib_siteaccountuuid']"
              }
            }
          },
          "runAfter": {
            "Get_Default_System_Configuration": [
              "Succeeded"
            ]
          },
          "metadata": {
            "operationMetadataId": "836596a1-aec3-4b55-bb3e-f6cd1f76fd0f"
          },
          "type": "Foreach"
        },
        "Initialize_variable_-_Operation_Type": {
          "runAfter": {
            "Initialize_variable_-_Blank_Value": [
              "Succeeded"
            ]
          },
          "metadata": {
            "operationMetadataId": "6549e212-3b1a-4c57-9cdf-3a4a6e6cebaf"
          },
          "type": "InitializeVariable",
          "inputs": {
            "variables": [
              {
                "name": "SDK Message",
                "type": "string",
                "value": "@{triggerOutputs()?['body/sdkMessage']}"
              }
            ]
          }
        },
        "Initialize_variable_-_Site_Account_management_UUID": {
          "runAfter": {
            "Initialize_variable_-_Operation_Type": [
              "Succeeded"
            ]
          },
          "metadata": {
            "operationMetadataId": "32f0a54d-8a44-4174-aea6-cafaed0c74af"
          },
          "type": "InitializeVariable",
          "inputs": {
            "variables": [
              {
                "name": "Site Account management UUID",
                "type": "string"
              }
            ]
          }
        },
        "If_'Create'_or_UUID_is_empty,_study_does_not_exist_in_Ambra": {
          "actions": {
            "Create_Trial_Account_In_Ambra_-_1": {
              "runAfter": {},
              "metadata": {
                "operationMetadataId": "45ed9464-0458-4b35-a96e-27a67f98bcf9"
              },
              "type": "Workflow",
              "inputs": {
                "host": {
                  "workflowReferenceName": "deaa91d7-b52c-ec11-b6e5-000d3a372b43"
                },
                "body": {
                  "text": "@variables('Service_Url')",
                  "text_1": "@variables('UserName')",
                  "text_2": "@variables('Password')",
                  "text_3": "@triggerOutputs()?['body/new_name']",
                  "text_4": "@triggerOutputs()?['body/mib_title']",
                  "text_5": "@triggerOutputs()?['body/new_studyid']",
                  "text_6": "@variables('Site Account management UUID')",
                  "boolean": "@triggerOutputs()?['body/mib_isretry']",
                  "text_7": "@variables('ECC Queue Record GUID')"
                },
                "retryPolicy": {
                  "type": "none"
                }
              }
            },
            "Add_New_Trial_Account_Timed_Out": {
              "runAfter": {
                "Create_Trial_Account_In_Ambra_-_1": [
                  "TimedOut"
                ]
              },
              "metadata": {
                "operationMetadataId": "81e1cc5c-4075-4544-82aa-c8e63a8f6c07"
              },
              "type": "OpenApiConnection",
              "inputs": {
                "host": {
                  "connectionName": "shared_commondataserviceforapps_1",
                  "operationId": "CreateRecord",
                  "apiId": "/providers/Microsoft.PowerApps/apis/shared_commondataserviceforapps"
                },
                "parameters": {
                  "entityName": "mib_eccqueues",
                  "item/mib_status": "The process to create trial account has timed out",
                  "item/mib_processeddatetime": "@utcNow()",
                  "item/mib_relatedrecord_new_study@odata.bind": "/new_studies/@{triggerOutputs()?['body/new_study_id']}",
                  "item/mib_state": 913380006
                },
                "authentication": "@parameters('$authentication')"
              }
            }
          },
          "runAfter": {
            "Condition_5": [
              "Succeeded"
            ]
          },
          "else": {
            "actions": {
              "Update_Trial_Account_in_Ambra": {
                "runAfter": {},
                "metadata": {
                  "operationMetadataId": "731d6fb9-552e-4891-a4f4-c4826f5af4d6"
                },
                "type": "Workflow",
                "inputs": {
                  "host": {
                    "workflowReferenceName": "0a4693fd-c52c-ec11-b6e5-000d3a372b43"
                  },
                  "body": {
                    "text": "@variables('UUID')",
                    "text_1": "@variables('Service_Url')",
                    "text_2": "@variables('UserName')",
                    "text_3": "@variables('Password')",
                    "text_4": "@triggerOutputs()?['body/new_studyid']",
                    "text_5": "@triggerOutputs()?['body/new_name']",
                    "text_6": "@triggerOutputs()?['body/mib_title']",
                    "text_7": "@variables('TIMS CustomField UUID')",
                    "boolean": "@triggerOutputs()?['body/mib_isretry']",
                    "text_8": "@variables('ECC Queue Record GUID')"
                  },
                  "retryPolicy": {
                    "type": "none"
                  }
                }
              }
            }
          },
          "expression": {
            "or": [
              {
                "equals": [
                  "@toLower(variables('SDK Message'))",
                  "create"
                ]
              },
              {
                "equals": [
                  "@triggerOutputs()?['body/mib_uuid']",
                  "@null"
                ]
              },
              {
                "equals": [
                  "@length(triggerOutputs()?['body/mib_uuid'])",
                  0
                ]
              }
            ]
          },
          "metadata": {
            "operationMetadataId": "0d9c42de-5eec-43b4-a678-5fa13a433dbf"
          },
          "type": "If"
        },
        "Initialize_variable_-_Blank_Value": {
          "runAfter": {},
          "metadata": {
            "operationMetadataId": "7fdef036-0b0d-4032-bef4-dba7e07d6439"
          },
          "type": "InitializeVariable",
          "inputs": {
            "variables": [
              {
                "name": "Blank Value",
                "type": "string"
              }
            ]
          }
        },
        "Initialize_variable_-_ECC_Queue_Record_GUID": {
          "runAfter": {
            "Initialize_variable_-_TIMS_CustomField_UUID": [
              "Succeeded"
            ]
          },
          "metadata": {
            "operationMetadataId": "8c3a751d-2a88-4b59-be81-92b5ce80ac5f"
          },
          "type": "InitializeVariable",
          "inputs": {
            "variables": [
              {
                "name": "ECC Queue Record GUID",
                "type": "string"
              }
            ]
          }
        },
        "Condition_5": {
          "actions": {
            "Set_variable_11": {
              "runAfter": {},
              "metadata": {
                "operationMetadataId": "670b4c83-b9a1-4ec1-a6d6-02a65c38c2c6"
              },
              "type": "SetVariable",
              "inputs": {
                "name": "ECC Queue Record GUID",
                "value": "@variables('Blank Value')"
              }
            }
          },
          "runAfter": {
            "Foreach_System_Configuration": [
              "Succeeded"
            ]
          },
          "else": {
            "actions": {
              "Set_variable_10": {
                "runAfter": {},
                "metadata": {
                  "operationMetadataId": "c972f3c8-59be-432d-8eaa-d4d8b190c674"
                },
                "type": "SetVariable",
                "inputs": {
                  "name": "ECC Queue Record GUID",
                  "value": "@triggerOutputs()?['body/mib_eccqueuerecordguid']"
                }
              }
            }
          },
          "expression": {
            "equals": [
              "@empty(triggerOutputs()?['body/mib_eccqueuerecordguid'])",
              "@true"
            ]
          },
          "metadata": {
            "operationMetadataId": "016d365c-e3ec-4bf9-b11a-096bed0a5d44"
          },
          "type": "If"
        }
      },
      "outputs": {}
    }
  },
  "schemaVersion": "1.0.0.0"
}