{
  "properties": {
    "connectionReferences": {
      "shared_commondataserviceforapps": {
        "runtimeSource": "embedded",
        "connection": {
          "connectionReferenceLogicalName": "mib_MicrosoftDataverseMIBAdmin"
        },
        "api": {
          "name": "shared_commondataserviceforapps"
        }
      }
    },
    "definition": {
      "$schema": "https://schema.management.azure.com/providers/Microsoft.Logic/schemas/2016-06-01/workflowdefinition.json#",
      "contentVersion": "1.0.0.0",
      "parameters": {
        "$connections": {
          "defaultValue": {},
          "type": "Object"
        },
        "$authentication": {
          "defaultValue": {},
          "type": "SecureObject"
        }
      },
      "triggers": {
        "When_a_row_is_added,_modified_or_deleted": {
          "metadata": {
            "operationMetadataId": "bd06dd43-cafd-4e36-a2df-ebd95090c531"
          },
          "type": "OpenApiConnectionWebhook",
          "inputs": {
            "host": {
              "connectionName": "shared_commondataserviceforapps",
              "operationId": "SubscribeWebhookTrigger",
              "apiId": "/providers/Microsoft.PowerApps/apis/shared_commondataserviceforapps"
            },
            "parameters": {
              "subscriptionRequest/message": 4,
              "subscriptionRequest/entityname": "cr6ee_studysite",
              "subscriptionRequest/scope": 4,
              "subscriptionRequest/filteringattributes": "cr420_sitequalificationstatus,cr420_ambrasiteid,mib_softdelete,cr6ee_sitename,mib_lastresubmissiondate"
            },
            "authentication": "@parameters('$authentication')"
          }
        }
      },
      "actions": {
        "Initialize_variable_-_Operation_Type": {
          "runAfter": {
            "Initialize_variable_-_Site_ID": [
              "Succeeded"
            ]
          },
          "metadata": {
            "operationMetadataId": "b973b0c8-2531-45b6-9a97-26da9ee58067"
          },
          "type": "InitializeVariable",
          "inputs": {
            "variables": [
              {
                "name": "SDK Message",
                "type": "string",
                "value": "@{triggerOutputs()?['body/sdkMessage']}"
              }
            ]
          }
        },
        "Initialize_variable_-_UUID": {
          "runAfter": {
            "Initialize_variable_-_Operation_Type": [
              "Succeeded"
            ]
          },
          "metadata": {
            "operationMetadataId": "02fe8a26-c469-4d31-8f46-daa3716bc98b"
          },
          "type": "InitializeVariable",
          "inputs": {
            "variables": [
              {
                "name": "UUID",
                "type": "string",
                "value": "@triggerOutputs()?['body/mib_uuid']"
              }
            ]
          }
        },
        "Initialize_Service_Url_variable": {
          "runAfter": {
            "Initialize_variable_-_UUID": [
              "Succeeded"
            ]
          },
          "metadata": {
            "operationMetadataId": "3f49148e-f732-48d1-93b0-a93d77441ad1"
          },
          "type": "InitializeVariable",
          "inputs": {
            "variables": [
              {
                "name": "Service_Url",
                "type": "string"
              }
            ]
          }
        },
        "Initialize_UserName_variable": {
          "runAfter": {
            "Initialize_Service_Url_variable": [
              "Succeeded"
            ]
          },
          "metadata": {
            "operationMetadataId": "2c706162-6b92-4872-821b-8112cbb1f3a8"
          },
          "type": "InitializeVariable",
          "inputs": {
            "variables": [
              {
                "name": "UserName",
                "type": "string"
              }
            ]
          }
        },
        "Initialize_Password_variable": {
          "runAfter": {
            "Initialize_UserName_variable": [
              "Succeeded"
            ]
          },
          "metadata": {
            "operationMetadataId": "386ed41b-3ca0-446b-aa9b-6da7fb74cb94"
          },
          "type": "InitializeVariable",
          "inputs": {
            "variables": [
              {
                "name": "Password",
                "type": "string"
              }
            ]
          }
        },
        "Initialize_variable_-_Study_UUID": {
          "runAfter": {
            "Initialize_Password_variable": [
              "Succeeded"
            ]
          },
          "metadata": {
            "operationMetadataId": "98e62089-5472-44a5-9773-2167f0349449"
          },
          "type": "InitializeVariable",
          "inputs": {
            "variables": [
              {
                "name": "Study UUID",
                "type": "string"
              }
            ]
          }
        },
        "Initialize_variable_-_Site_ID_Custom_Field_UUID": {
          "runAfter": {
            "Initialize_variable_-_Study_UUID": [
              "Succeeded"
            ]
          },
          "metadata": {
            "operationMetadataId": "1a4dce9a-76ed-4376-a0e4-70b08a66adf1"
          },
          "type": "InitializeVariable",
          "inputs": {
            "variables": [
              {
                "name": "Site ID Custom Field UUID",
                "type": "string"
              }
            ]
          }
        },
        "Get_Default_System_Configuration": {
          "runAfter": {
            "Initialize_variable_-Qualified_Status": [
              "Succeeded"
            ]
          },
          "metadata": {
            "operationMetadataId": "ebc5dcc3-0d9e-47bb-b5b9-a66ab65c2662"
          },
          "type": "OpenApiConnection",
          "inputs": {
            "host": {
              "connectionName": "shared_commondataserviceforapps",
              "operationId": "ListRecords",
              "apiId": "/providers/Microsoft.PowerApps/apis/shared_commondataserviceforapps"
            },
            "parameters": {
              "entityName": "mib_systemconfigurations",
              "$filter": "mib_name eq 'Default'",
              "$top": 1
            },
            "authentication": "@parameters('$authentication')"
          }
        },
        "Foreach_System_Configuration": {
          "foreach": "@outputs('Get_Default_System_Configuration')?['body/value']",
          "actions": {
            "Set_Password_variable": {
              "runAfter": {
                "Set_UserName_variable": [
                  "Succeeded"
                ]
              },
              "metadata": {
                "operationMetadataId": "b52ea2cd-1cf7-41d0-ade3-31123760584e"
              },
              "type": "SetVariable",
              "inputs": {
                "name": "Password",
                "value": "@items('Foreach_System_Configuration')?['mib_ambrapassword']"
              }
            },
            "Set_Service_Url_variable": {
              "runAfter": {},
              "metadata": {
                "operationMetadataId": "b6e7b5fa-9b6e-46ca-88ab-a09079f880e0"
              },
              "type": "SetVariable",
              "inputs": {
                "name": "Service_Url",
                "value": "@items('Foreach_System_Configuration')?['mib_ambraserviceurl']"
              }
            },
            "Set_UserName_variable": {
              "runAfter": {
                "Set_Service_Url_variable": [
                  "Succeeded"
                ]
              },
              "metadata": {
                "operationMetadataId": "c78b18a8-fb83-478b-a315-c6b5d0038ec1"
              },
              "type": "SetVariable",
              "inputs": {
                "name": "UserName",
                "value": "@items('Foreach_System_Configuration')?['mib_ambrausername']"
              }
            }
          },
          "runAfter": {
            "Get_Default_System_Configuration": [
              "Succeeded"
            ]
          },
          "metadata": {
            "operationMetadataId": "b7876236-b375-4969-991d-d45ef618129a"
          },
          "type": "Foreach"
        },
        "Condition": {
          "actions": {},
          "runAfter": {
            "Condition_4": [
              "Succeeded"
            ]
          },
          "else": {
            "actions": {
              "Get_a_row_by_ID": {
                "runAfter": {},
                "metadata": {
                  "operationMetadataId": "6d860190-646c-4a30-bfb4-8fa9b0eba989"
                },
                "type": "OpenApiConnection",
                "inputs": {
                  "host": {
                    "connectionName": "shared_commondataserviceforapps",
                    "operationId": "GetItem",
                    "apiId": "/providers/Microsoft.PowerApps/apis/shared_commondataserviceforapps"
                  },
                  "parameters": {
                    "entityName": "new_studies",
                    "recordId": "@triggerOutputs()?['body/_new_study_value']"
                  },
                  "authentication": "@parameters('$authentication')"
                }
              },
              "Set_variable": {
                "runAfter": {
                  "Get_a_row_by_ID": [
                    "Succeeded"
                  ]
                },
                "metadata": {
                  "operationMetadataId": "6860ead7-e55a-4dbf-a7d2-0e4a96d83522"
                },
                "type": "SetVariable",
                "inputs": {
                  "name": "Study UUID",
                  "value": "@outputs('Get_a_row_by_ID')?['body/mib_uuid']"
                }
              },
              "Set_variable_2": {
                "runAfter": {
                  "Set_variable": [
                    "Succeeded"
                  ]
                },
                "metadata": {
                  "operationMetadataId": "f55aa8d6-b0ef-4687-98e3-86c8b396bcd0"
                },
                "type": "SetVariable",
                "inputs": {
                  "name": "Site ID Custom Field UUID",
                  "value": "@outputs('Get_a_row_by_ID')?['body/mib_siteidcfuuid']"
                }
              }
            }
          },
          "expression": {
            "equals": [
              "@empty(triggerOutputs()?['body/_new_study_value'])",
              "@true"
            ]
          },
          "metadata": {
            "operationMetadataId": "f89c1f25-cc8b-4fec-91d4-685cdba645b5"
          },
          "type": "If"
        },
        "Condition_2": {
          "actions": {},
          "runAfter": {
            "Condition": [
              "Succeeded"
            ]
          },
          "else": {
            "actions": {
              "Get_a_row_by_ID_2": {
                "runAfter": {},
                "metadata": {
                  "operationMetadataId": "39bcc9e6-270a-48d0-b86c-abd68ba718a7"
                },
                "type": "OpenApiConnection",
                "inputs": {
                  "host": {
                    "connectionName": "shared_commondataserviceforapps",
                    "operationId": "GetItem",
                    "apiId": "/providers/Microsoft.PowerApps/apis/shared_commondataserviceforapps"
                  },
                  "parameters": {
                    "entityName": "new_sites",
                    "recordId": "@triggerOutputs()?['body/_new_site_value']"
                  },
                  "authentication": "@parameters('$authentication')"
                }
              },
              "Set_variable_3": {
                "runAfter": {
                  "Get_a_row_by_ID_2": [
                    "Succeeded"
                  ]
                },
                "metadata": {
                  "operationMetadataId": "f9ee2c28-3b39-4316-837d-d95ac7209f2a"
                },
                "type": "SetVariable",
                "inputs": {
                  "name": "Global Site UUID",
                  "value": "@outputs('Get_a_row_by_ID_2')?['body/mib_uuid']"
                }
              }
            }
          },
          "expression": {
            "equals": [
              "@empty(triggerOutputs()?['body/_new_site_value'])",
              "@true"
            ]
          },
          "metadata": {
            "operationMetadataId": "3aecb46e-0fec-4d2d-8f0f-02a0dc3d8153"
          },
          "type": "If"
        },
        "Initialize_variable_-_Global_Site_UUID": {
          "runAfter": {
            "Initialize_variable_-_Site_ID_Custom_Field_UUID": [
              "Succeeded"
            ]
          },
          "metadata": {
            "operationMetadataId": "8c3a751d-2a88-4b59-be81-92b5ce80ac5f"
          },
          "type": "InitializeVariable",
          "inputs": {
            "variables": [
              {
                "name": "Global Site UUID",
                "type": "string"
              }
            ]
          }
        },
        "Condition_3": {
          "actions": {
            "Set_variable_4": {
              "runAfter": {},
              "metadata": {
                "operationMetadataId": "2cbca533-00ed-4c09-8e2f-98809657eb30"
              },
              "type": "SetVariable",
              "inputs": {
                "name": "Qualified Status",
                "value": 0
              }
            }
          },
          "runAfter": {
            "Condition_2": [
              "Succeeded"
            ]
          },
          "else": {
            "actions": {
              "Switch_2": {
                "runAfter": {},
                "cases": {
                  "Case": {
                    "case": 207740000,
                    "actions": {
                      "Set_variable_5": {
                        "runAfter": {},
                        "type": "SetVariable",
                        "inputs": {
                          "name": "Qualified Status",
                          "value": 1
                        }
                      }
                    }
                  },
                  "Case_2": {
                    "case": 207740001,
                    "actions": {
                      "Set_variable_6": {
                        "runAfter": {},
                        "type": "SetVariable",
                        "inputs": {
                          "name": "Qualified Status",
                          "value": 1
                        }
                      }
                    }
                  }
                },
                "default": {
                  "actions": {
                    "Set_variable_7": {
                      "runAfter": {},
                      "type": "SetVariable",
                      "inputs": {
                        "name": "Qualified Status",
                        "value": 0
                      }
                    }
                  }
                },
                "expression": "@triggerOutputs()?['body/cr420_sitequalificationstatus']",
                "metadata": {
                  "operationMetadataId": "3111ffce-b76d-48b7-b77e-e326f4264604"
                },
                "type": "Switch"
              }
            }
          },
          "expression": {
            "equals": [
              "@triggerOutputs()?['body/cr420_sitequalificationstatus']",
              "@int(207740001)"
            ]
          },
          "metadata": {
            "operationMetadataId": "231a6820-9cb8-4eb2-897a-2998ade749ef"
          },
          "type": "If"
        },
        "Initialize_variable_-Qualified_Status": {
          "runAfter": {
            "Initialize_variable_-_ECC_Queue_Record_GUID": [
              "Succeeded"
            ]
          },
          "metadata": {
            "operationMetadataId": "04e0a342-8817-4ddf-90a6-65b9b2641d89"
          },
          "type": "InitializeVariable",
          "inputs": {
            "variables": [
              {
                "name": "Qualified Status",
                "type": "integer"
              }
            ]
          }
        },
        "Condition_4": {
          "actions": {
            "Set_variable_8": {
              "runAfter": {},
              "metadata": {
                "operationMetadataId": "670b4c83-b9a1-4ec1-a6d6-02a65c38c2c6"
              },
              "type": "SetVariable",
              "inputs": {
                "name": "Site ID",
                "value": "@variables('Blank Value')"
              }
            }
          },
          "runAfter": {
            "Condition_5": [
              "Succeeded"
            ]
          },
          "else": {
            "actions": {
              "Set_variable_9": {
                "runAfter": {},
                "metadata": {
                  "operationMetadataId": "c972f3c8-59be-432d-8eaa-d4d8b190c674"
                },
                "type": "SetVariable",
                "inputs": {
                  "name": "Site ID",
                  "value": "@triggerOutputs()?['body/cr420_ambrasiteid']"
                }
              }
            }
          },
          "expression": {
            "equals": [
              "@empty(triggerOutputs()?['body/cr420_ambrasiteid'])",
              "@true"
            ]
          },
          "metadata": {
            "operationMetadataId": "016d365c-e3ec-4bf9-b11a-096bed0a5d44"
          },
          "type": "If"
        },
        "Initialize_variable_-_Blank_Value": {
          "runAfter": {},
          "metadata": {
            "operationMetadataId": "7fdef036-0b0d-4032-bef4-dba7e07d6439"
          },
          "type": "InitializeVariable",
          "inputs": {
            "variables": [
              {
                "name": "Blank Value",
                "type": "string"
              }
            ]
          }
        },
        "Initialize_variable_-_Site_ID": {
          "runAfter": {
            "Initialize_variable_-_Blank_Value": [
              "Succeeded"
            ]
          },
          "metadata": {
            "operationMetadataId": "292adef0-4578-422b-ae04-fcbe0677f6b0"
          },
          "type": "InitializeVariable",
          "inputs": {
            "variables": [
              {
                "name": "Site ID",
                "type": "string"
              }
            ]
          }
        },
        "If_'Create'_or_UUID_is_empty,_study_site_does_not_exist_in_Ambra": {
          "actions": {
            "Run_a_Child_Flow_4": {
              "runAfter": {},
              "metadata": {
                "operationMetadataId": "54c183d8-6c2e-4ba4-9b07-dea8524099c1"
              },
              "type": "Workflow",
              "inputs": {
                "host": {
                  "workflowReferenceName": "26a3b1df-d32c-ec11-b6e5-000d3a36265a"
                },
                "body": {
                  "text": "@variables('Service_Url')",
                  "text_1": "@variables('UserName')",
                  "text_2": "@variables('Password')",
                  "text_3": "@variables('Study UUID')",
                  "text_4": "@variables('Site ID Custom Field UUID')",
                  "text_5": "@triggerOutputs()?['body/cr6ee_sitename']",
                  "text_6": "@triggerOutputs()?['body/cr6ee_studysiteid']",
                  "text_7": "@variables('Global Site UUID')",
                  "boolean": false,
                  "text_9": "@variables('ECC Queue Record GUID')",
                  "text_10": "@triggerOutputs()?['body/_new_study_value']",
                  "text_8": "@variables('Site ID')"
                },
                "retryPolicy": {
                  "type": "none"
                }
              }
            }
          },
          "runAfter": {
            "Condition_3": [
              "Succeeded"
            ]
          },
          "else": {
            "actions": {
              "Run_a_Child_Flow_3": {
                "runAfter": {},
                "metadata": {
                  "operationMetadataId": "f4b86b34-1f7b-4372-b1df-56fefa4b4a1e"
                },
                "type": "Workflow",
                "inputs": {
                  "host": {
                    "workflowReferenceName": "96b6d4c1-d92c-ec11-b6e5-000d3a36265a"
                  },
                  "body": {
                    "text": "@variables('UUID')",
                    "text_2": "@variables('Service_Url')",
                    "text_3": "@variables('UserName')",
                    "text_4": "@variables('Password')",
                    "text_5": "@variables('Study UUID')",
                    "text_6": "@triggerOutputs()?['body/cr6ee_studysiteid']",
                    "text_7": "@string(triggerOutputs()?['body/mib_softdelete'])",
                    "text_9": "@triggerOutputs()?['body/cr6ee_sitename']",
                    "text_10": "@variables('Site ID Custom Field UUID')",
                    "text_11": "@variables('Global Site UUID')",
                    "number": "@variables('Qualified Status')",
                    "boolean": false,
                    "text_8": "@variables('ECC Queue Record GUID')",
                    "text_1": "@variables('Site ID')"
                  },
                  "retryPolicy": {
                    "type": "none"
                  }
                }
              }
            }
          },
          "expression": {
            "or": [
              {
                "equals": [
                  "@toLower(variables('SDK Message'))",
                  ""
                ]
              },
              {
                "equals": [
                  "@triggerOutputs()?['body/mib_uuid']",
                  "@null"
                ]
              },
              {
                "equals": [
                  "@length(triggerOutputs()?['body/mib_uuid'])",
                  ""
                ]
              }
            ]
          },
          "metadata": {
            "operationMetadataId": "ff7be4b9-8b7f-4eea-b788-da3896a61717"
          },
          "type": "If"
        },
        "Condition_5": {
          "actions": {
            "Set_variable_11": {
              "runAfter": {},
              "metadata": {
                "operationMetadataId": "670b4c83-b9a1-4ec1-a6d6-02a65c38c2c6"
              },
              "type": "SetVariable",
              "inputs": {
                "name": "ECC Queue Record GUID",
                "value": "@variables('Blank Value')"
              }
            }
          },
          "runAfter": {
            "Foreach_System_Configuration": [
              "Succeeded"
            ]
          },
          "else": {
            "actions": {
              "Set_variable_10": {
                "runAfter": {},
                "metadata": {
                  "operationMetadataId": "c972f3c8-59be-432d-8eaa-d4d8b190c674"
                },
                "type": "SetVariable",
                "inputs": {
                  "name": "ECC Queue Record GUID",
                  "value": "@triggerOutputs()?['body/mib_eccqueuerecordguid']"
                }
              }
            }
          },
          "expression": {
            "equals": [
              "@empty(triggerOutputs()?['body/mib_eccqueuerecordguid'])",
              "@true"
            ]
          },
          "metadata": {
            "operationMetadataId": "016d365c-e3ec-4bf9-b11a-096bed0a5d44"
          },
          "type": "If"
        },
        "Initialize_variable_-_ECC_Queue_Record_GUID": {
          "runAfter": {
            "Initialize_variable_-_Global_Site_UUID": [
              "Succeeded"
            ]
          },
          "metadata": {
            "operationMetadataId": "8c3a751d-2a88-4b59-be81-92b5ce80ac5f"
          },
          "type": "InitializeVariable",
          "inputs": {
            "variables": [
              {
                "name": "ECC Queue Record GUID",
                "type": "string"
              }
            ]
          }
        }
      },
      "outputs": {}
    }
  },
  "schemaVersion": "1.0.0.0"
}