{
  "properties": {
    "connectionReferences": {
      "shared_commondataserviceforapps": {
        "runtimeSource": "embedded",
        "connection": {
          "connectionReferenceLogicalName": "mib_sharedcommondataserviceforapps_3fd47"
        },
        "api": {
          "name": "shared_commondataserviceforapps"
        }
      }
    },
    "definition": {
      "$schema": "https://schema.management.azure.com/providers/Microsoft.Logic/schemas/2016-06-01/workflowdefinition.json#",
      "contentVersion": "1.0.0.0",
      "parameters": {
        "$connections": {
          "defaultValue": {},
          "type": "Object"
        },
        "$authentication": {
          "defaultValue": {},
          "type": "SecureObject"
        }
      },
      "triggers": {
        "manual": {
          "metadata": {
            "operationMetadataId": "dd71d782-c8d7-47e5-bfe7-85e43af4699c"
          },
          "type": "Request",
          "kind": "Http",
          "inputs": {}
        }
      },
      "actions": {
        "Apply_to_each": {
          "foreach": "@triggerBody()?['InputParameters']",
          "actions": {
            "Parse_JSON": {
              "runAfter": {},
              "metadata": {
                "operationMetadataId": "d88c3156-5a30-4ecd-8292-6ce4469236a1"
              },
              "type": "ParseJson",
              "inputs": {
                "content": "@items('Apply_to_each')",
                "schema": {
                  "type": "object",
                  "properties": {
                    "sid": {
                      "type": "string"
                    }
                  }
                }
              }
            },
            "Condition": {
              "actions": {
                "Set_variable": {
                  "runAfter": {},
                  "metadata": {
                    "operationMetadataId": "17f60442-685c-4fb5-979b-8f592af15103"
                  },
                  "type": "SetVariable",
                  "inputs": {
                    "name": "isSiteEntity",
                    "value": "@true"
                  }
                },
                "Get_a_row_by_ID": {
                  "runAfter": {
                    "Set_variable": [
                      "Succeeded"
                    ]
                  },
                  "metadata": {
                    "operationMetadataId": "dcd756d6-d3dc-49a9-98e1-1d9b9c74ea2e"
                  },
                  "type": "OpenApiConnection",
                  "inputs": {
                    "host": {
                      "connectionName": "shared_commondataserviceforapps",
                      "operationId": "GetItem",
                      "apiId": "/providers/Microsoft.PowerApps/apis/shared_commondataserviceforapps"
                    },
                    "parameters": {
                      "entityName": "new_sites",
                      "recordId": "@body('Parse_JSON')?['value']?['Id']",
                      "$select": "mib_uuid"
                    },
                    "authentication": "@parameters('$authentication')"
                  }
                },
                "Set_variable_3": {
                  "runAfter": {
                    "Get_a_row_by_ID": [
                      "Succeeded"
                    ]
                  },
                  "metadata": {
                    "operationMetadataId": "6ce2e5b2-9527-4258-ac41-2daa5588aae9"
                  },
                  "type": "SetVariable",
                  "inputs": {
                    "name": "Parent UUID",
                    "value": "@outputs('Get_a_row_by_ID')?['body/mib_uuid']"
                  }
                }
              },
              "runAfter": {
                "Parse_JSON": [
                  "Succeeded"
                ]
              },
              "expression": {
                "and": [
                  {
                    "equals": [
                      "@body('Parse_JSON')?['key']",
                      "Target"
                    ]
                  },
                  {
                    "equals": [
                      "@body('Parse_JSON')?['value']?['LogicalName']",
                      "new_site"
                    ]
                  }
                ]
              },
              "metadata": {
                "operationMetadataId": "fae1b247-793a-4c0d-be56-03a7bdc74f5a"
              },
              "type": "If"
            },
            "Condition_2": {
              "actions": {
                "Set_variable_2": {
                  "runAfter": {},
                  "metadata": {
                    "operationMetadataId": "22c3aa5c-bfcd-4f67-8064-73bfa69eb45b"
                  },
                  "type": "SetVariable",
                  "inputs": {
                    "name": "isRelationshipCheck",
                    "value": "@true"
                  }
                }
              },
              "runAfter": {
                "Condition": [
                  "Succeeded"
                ]
              },
              "expression": {
                "and": [
                  {
                    "equals": [
                      "@body('Parse_JSON')?['key']",
                      "Relationship"
                    ]
                  },
                  {
                    "equals": [
                      "@body('Parse_JSON')?['value']?['SchemaName']",
                      "new_Site_Contact_Contact"
                    ]
                  }
                ]
              },
              "metadata": {
                "operationMetadataId": "577dcdfd-7c59-4af7-a161-005ec839beaf"
              },
              "type": "If"
            },
            "Condition_3": {
              "actions": {
                "Apply_to_each_2": {
                  "foreach": "@body('Parse_JSON')?['value']",
                  "actions": {
                    "Parse_JSON_2": {
                      "runAfter": {},
                      "metadata": {
                        "operationMetadataId": "8c862a09-479d-4f9c-9626-8840ac1270ab"
                      },
                      "type": "ParseJson",
                      "inputs": {
                        "content": "@items('Apply_to_each_2')",
                        "schema": {
                          "type": "object",
                          "properties": {}
                        }
                      }
                    },
                    "Condition_4": {
                      "actions": {
                        "Get_a_row_by_ID_2": {
                          "runAfter": {},
                          "metadata": {
                            "operationMetadataId": "16b8223d-57ee-46e4-a01c-924afddbe9c7"
                          },
                          "type": "OpenApiConnection",
                          "inputs": {
                            "host": {
                              "connectionName": "shared_commondataserviceforapps",
                              "operationId": "GetItem",
                              "apiId": "/providers/Microsoft.PowerApps/apis/shared_commondataserviceforapps"
                            },
                            "parameters": {
                              "entityName": "contacts",
                              "recordId": "@body('Parse_JSON_2')?['Id']",
                              "$select": "mib_uuid,firstname,lastname,fullname,emailaddress1,mib_ambrauserid,mib_eccqueuerecordguid"
                            },
                            "authentication": "@parameters('$authentication')"
                          }
                        },
                        "Set_variable_7": {
                          "runAfter": {
                            "Get_a_row_by_ID_2": [
                              "Succeeded"
                            ]
                          },
                          "metadata": {
                            "operationMetadataId": "47ce63b3-d6a3-4826-b17e-b82c6519ae8f"
                          },
                          "type": "SetVariable",
                          "inputs": {
                            "name": "Contact GUID",
                            "value": "@{body('Parse_JSON_2')?['Id']}"
                          }
                        },
                        "Set_variable_4": {
                          "runAfter": {
                            "Set_variable_7": [
                              "Succeeded"
                            ]
                          },
                          "metadata": {
                            "operationMetadataId": "1f7c679c-2014-455c-bb78-a188be250c34"
                          },
                          "type": "SetVariable",
                          "inputs": {
                            "name": "UUID",
                            "value": "@outputs('Get_a_row_by_ID_2')?['body/mib_uuid']"
                          }
                        },
                        "Set_variable_5": {
                          "runAfter": {
                            "Set_variable_4": [
                              "Succeeded"
                            ]
                          },
                          "metadata": {
                            "operationMetadataId": "8c105a3b-2d63-42da-b491-fcc37b0b5752"
                          },
                          "type": "SetVariable",
                          "inputs": {
                            "name": "Contact Full Name",
                            "value": "@outputs('Get_a_row_by_ID_2')?['body/fullname']"
                          }
                        },
                        "Set_variable_9": {
                          "runAfter": {
                            "Set_variable_5": [
                              "Succeeded"
                            ]
                          },
                          "metadata": {
                            "operationMetadataId": "8c105a3b-2d63-42da-b491-fcc37b0b5752"
                          },
                          "type": "SetVariable",
                          "inputs": {
                            "name": "First Name",
                            "value": "@outputs('Get_a_row_by_ID_2')?['body/firstname']"
                          }
                        },
                        "Set_variable_10": {
                          "runAfter": {
                            "Set_variable_9": [
                              "Succeeded"
                            ]
                          },
                          "metadata": {
                            "operationMetadataId": "8c105a3b-2d63-42da-b491-fcc37b0b5752"
                          },
                          "type": "SetVariable",
                          "inputs": {
                            "name": "Last Name",
                            "value": "@outputs('Get_a_row_by_ID_2')?['body/lastname']"
                          }
                        },
                        "Set_variable_6": {
                          "runAfter": {
                            "Set_variable_10": [
                              "Succeeded"
                            ]
                          },
                          "metadata": {
                            "operationMetadataId": "8c29fc1e-d256-4de8-93f0-c93117653682"
                          },
                          "type": "SetVariable",
                          "inputs": {
                            "name": "Contact Email Address",
                            "value": "@outputs('Get_a_row_by_ID_2')?['body/emailaddress1']"
                          }
                        },
                        "Set_variable_8": {
                          "runAfter": {
                            "Set_variable_6": [
                              "Succeeded"
                            ]
                          },
                          "metadata": {
                            "operationMetadataId": "93f60502-66d6-4f96-bf83-6ea39c3cb374"
                          },
                          "type": "SetVariable",
                          "inputs": {
                            "name": "Ambra User ID",
                            "value": "@outputs('Get_a_row_by_ID_2')?['body/mib_ambrauserid']"
                          }
                        },
                        "Condition_5": {
                          "actions": {
                            "Set_variable_12": {
                              "runAfter": {},
                              "metadata": {
                                "operationMetadataId": "670b4c83-b9a1-4ec1-a6d6-02a65c38c2c6"
                              },
                              "type": "SetVariable",
                              "inputs": {
                                "name": "ECC Queue Record GUID",
                                "value": "@variables('Blank Value')"
                              }
                            }
                          },
                          "runAfter": {
                            "Set_variable_8": [
                              "Succeeded"
                            ]
                          },
                          "else": {
                            "actions": {
                              "Set_variable_11": {
                                "runAfter": {},
                                "metadata": {
                                  "operationMetadataId": "c972f3c8-59be-432d-8eaa-d4d8b190c674"
                                },
                                "type": "SetVariable",
                                "inputs": {
                                  "name": "ECC Queue Record GUID",
                                  "value": "@outputs('Get_a_row_by_ID_2')?['body/mib_eccqueuerecordguid']"
                                }
                              }
                            }
                          },
                          "expression": {
                            "equals": [
                              "@empty(outputs('Get_a_row_by_ID_2')?['body/mib_eccqueuerecordguid'])",
                              "@true"
                            ]
                          },
                          "metadata": {
                            "operationMetadataId": "016d365c-e3ec-4bf9-b11a-096bed0a5d44"
                          },
                          "type": "If"
                        }
                      },
                      "runAfter": {
                        "Parse_JSON_2": [
                          "Succeeded"
                        ]
                      },
                      "expression": {
                        "equals": [
                          "@body('Parse_JSON_2')?['LogicalName']",
                          "contact"
                        ]
                      },
                      "metadata": {
                        "operationMetadataId": "c35359d9-e3aa-4d64-9941-affbe6a1433d"
                      },
                      "type": "If"
                    }
                  },
                  "runAfter": {},
                  "metadata": {
                    "operationMetadataId": "39a0196f-d6a4-47e7-bcb3-f935f2deef8d"
                  },
                  "type": "Foreach"
                }
              },
              "runAfter": {
                "Condition_2": [
                  "Succeeded"
                ]
              },
              "expression": {
                "equals": [
                  "@body('Parse_JSON')?['key']",
                  "RelatedEntities"
                ]
              },
              "metadata": {
                "operationMetadataId": "c35359d9-e3aa-4d64-9941-affbe6a1433d"
              },
              "type": "If"
            }
          },
          "runAfter": {
            "Foreach_System_Configuration": [
              "Succeeded"
            ]
          },
          "metadata": {
            "operationMetadataId": "3c0e03e6-270b-4c10-8a60-c0351df1c44b"
          },
          "type": "Foreach"
        },
        "Initialize_variable_-_Operation_Type": {
          "runAfter": {
            "Initialize_variable_2": [
              "Succeeded"
            ]
          },
          "metadata": {
            "operationMetadataId": "1149397e-2a01-4218-a0b0-25d22cf9d034"
          },
          "type": "InitializeVariable",
          "inputs": {
            "variables": [
              {
                "name": "Operation Type",
                "type": "string",
                "value": "@{triggerBody()?['MessageName']}"
              }
            ]
          }
        },
        "Initialize_variable_-_UUID": {
          "runAfter": {
            "Initialize_variable_-_Operation_Type": [
              "Succeeded"
            ]
          },
          "metadata": {
            "operationMetadataId": "8fb85ed4-18e2-42b1-b136-f04b6ae723ef"
          },
          "type": "InitializeVariable",
          "inputs": {
            "variables": [
              {
                "name": "UUID",
                "type": "string"
              }
            ]
          }
        },
        "Initialize_variable_-_Parent_UUID": {
          "runAfter": {
            "Initialize_variable_-_UUID": [
              "Succeeded"
            ]
          },
          "metadata": {
            "operationMetadataId": "b358196b-292b-45cc-a635-5878160d9ac0"
          },
          "type": "InitializeVariable",
          "inputs": {
            "variables": [
              {
                "name": "Parent UUID",
                "type": "string"
              }
            ]
          }
        },
        "Initialize_variable": {
          "runAfter": {
            "Initialize_variable_-_Blank_Value": [
              "Succeeded"
            ]
          },
          "metadata": {
            "operationMetadataId": "b2f7d5a8-016b-45e3-bca4-38b1bd5ad449"
          },
          "type": "InitializeVariable",
          "inputs": {
            "variables": [
              {
                "name": "isSiteEntity",
                "type": "boolean",
                "value": "@false"
              }
            ]
          }
        },
        "Initialize_variable_2": {
          "runAfter": {
            "Initialize_variable": [
              "Succeeded"
            ]
          },
          "metadata": {
            "operationMetadataId": "b5c17d9f-b958-4724-9cb2-aea9d1e609ae"
          },
          "type": "InitializeVariable",
          "inputs": {
            "variables": [
              {
                "name": "isRelationshipCheck",
                "type": "boolean",
                "value": "@false"
              }
            ]
          }
        },
        "Condition_to_run_the_child_flow_or_not": {
          "actions": {
            "Switch": {
              "runAfter": {},
              "cases": {
                "Associate": {
                  "case": "Associate",
                  "actions": {
                    "Run_a_Child_Flow": {
                      "runAfter": {},
                      "type": "Workflow",
                      "inputs": {
                        "host": {
                          "workflowReferenceName": "2ab29c3a-9b26-ec11-b6e5-000d3a33e3b6"
                        },
                        "body": {
                          "text": "@variables('Service_Url')",
                          "text_1": "@variables('UserName')",
                          "text_2": "@variables('Password')",
                          "text_3": "@variables('SiteAccountUUID')",
                          "text_4": "@variables('Parent UUID')",
                          "text_5": "@variables('Contact Full Name')",
                          "text_6": "@variables('Contact GUID')",
                          "text_7": "@variables('Contact Email Address')",
                          "text_8": "@variables('First Name')",
                          "text_9": "@variables('Last Name')",
                          "text_10": "@variables('ECC Queue Record GUID')"
                        }
                      }
                    }
                  }
                },
                "Disassociate": {
                  "case": "Disassociate",
                  "actions": {
                    "Run_a_Child_Flow_2": {
                      "runAfter": {},
                      "type": "Workflow",
                      "inputs": {
                        "host": {
                          "workflowReferenceName": "637db3bf-6e27-ec11-b6e5-000d3a33e3b6"
                        },
                        "body": {
                          "text": "@variables('Service_Url')",
                          "text_1": "@variables('UserName')",
                          "text_2": "@variables('Password')",
                          "text_3": "@variables('SiteAccountUUID')",
                          "text_4": "@variables('Parent UUID')",
                          "text_5": "@variables('Contact Full Name')",
                          "text_6": "@variables('Contact GUID')",
                          "text_7": "@variables('Contact Email Address')",
                          "text_8": "@variables('UUID')",
                          "text_9": "@variables('Ambra User ID')",
                          "text_10": "@variables('ECC Queue Record GUID')"
                        }
                      }
                    }
                  }
                }
              },
              "default": {
                "actions": {}
              },
              "expression": "@variables('Operation Type')",
              "metadata": {
                "operationMetadataId": "f36967fc-ebc2-427a-824a-25f8b4e51437"
              },
              "type": "Switch"
            }
          },
          "runAfter": {
            "Compose_5": [
              "Succeeded"
            ]
          },
          "expression": {
            "and": [
              {
                "equals": [
                  "@variables('isSiteEntity')",
                  "@true"
                ]
              },
              {
                "equals": [
                  "@variables('isRelationshipCheck')",
                  "@true"
                ]
              },
              {
                "not": {
                  "equals": [
                    "@variables('Parent UUID')",
                    ""
                  ]
                }
              }
            ]
          },
          "metadata": {
            "operationMetadataId": "c1826980-3e12-4294-b77e-94ca243ad195"
          },
          "type": "If"
        },
        "Get_Default_System_Configuration": {
          "runAfter": {
            "Initialize_variable_ECC_queue_record_GUID": [
              "Succeeded"
            ]
          },
          "metadata": {
            "operationMetadataId": "e8912f6b-3285-4b90-a76b-b37cb2e3f1ef"
          },
          "type": "OpenApiConnection",
          "inputs": {
            "host": {
              "connectionName": "shared_commondataserviceforapps",
              "operationId": "ListRecords",
              "apiId": "/providers/Microsoft.PowerApps/apis/shared_commondataserviceforapps"
            },
            "parameters": {
              "entityName": "mib_systemconfigurations",
              "$filter": "mib_name eq 'Default'",
              "$top": 1
            },
            "authentication": "@parameters('$authentication')"
          }
        },
        "Foreach_System_Configuration": {
          "foreach": "@outputs('Get_Default_System_Configuration')?['body/value']",
          "actions": {
            "Set_Password_variable": {
              "runAfter": {
                "Set_UserName_variable": [
                  "Succeeded"
                ]
              },
              "metadata": {
                "operationMetadataId": "c9c19550-da1d-4bd6-b89c-95ff284bf503"
              },
              "type": "SetVariable",
              "inputs": {
                "name": "Password",
                "value": "@items('Foreach_System_Configuration')?['mib_ambrapassword']"
              }
            },
            "Set_Service_Url_variable": {
              "runAfter": {},
              "metadata": {
                "operationMetadataId": "b4fe5fd7-3798-4de3-888e-50c637bc5b2f"
              },
              "type": "SetVariable",
              "inputs": {
                "name": "Service_Url",
                "value": "@items('Foreach_System_Configuration')?['mib_ambraserviceurl']"
              }
            },
            "Set_UserName_variable": {
              "runAfter": {
                "Set_Service_Url_variable": [
                  "Succeeded"
                ]
              },
              "metadata": {
                "operationMetadataId": "c045708e-eee8-4ca0-a3ec-44648ab6753b"
              },
              "type": "SetVariable",
              "inputs": {
                "name": "UserName",
                "value": "@items('Foreach_System_Configuration')?['mib_ambrausername']"
              }
            },
            "Set_variable_-_SiteAccountUUID": {
              "runAfter": {
                "Set_Password_variable": [
                  "Succeeded"
                ]
              },
              "metadata": {
                "operationMetadataId": "13109ef6-017c-4a9c-8ece-ec8f46d6f02f"
              },
              "type": "SetVariable",
              "inputs": {
                "name": "SiteAccountUUID",
                "value": "@items('Foreach_System_Configuration')?['mib_siteaccountuuid']"
              }
            }
          },
          "runAfter": {
            "Get_Default_System_Configuration": [
              "Succeeded"
            ]
          },
          "metadata": {
            "operationMetadataId": "15914d7c-6c7d-4ffc-9ab3-480c3ea49d00"
          },
          "type": "Foreach"
        },
        "Initialize_Service_Url_variable": {
          "runAfter": {
            "Initialize_variable_-_Parent_UUID": [
              "Succeeded"
            ]
          },
          "metadata": {
            "operationMetadataId": "a99ca118-f191-4f8c-89b2-03ab33fdb6f1"
          },
          "type": "InitializeVariable",
          "inputs": {
            "variables": [
              {
                "name": "Service_Url",
                "type": "string"
              }
            ]
          }
        },
        "Initialize_UserName_variable": {
          "runAfter": {
            "Initialize_Service_Url_variable": [
              "Succeeded"
            ]
          },
          "metadata": {
            "operationMetadataId": "0ea63d42-fc7d-4cae-a7b4-7256b9ac8eed"
          },
          "type": "InitializeVariable",
          "inputs": {
            "variables": [
              {
                "name": "UserName",
                "type": "string"
              }
            ]
          }
        },
        "Initialize_Password_variable": {
          "runAfter": {
            "Initialize_UserName_variable": [
              "Succeeded"
            ]
          },
          "metadata": {
            "operationMetadataId": "04529d03-c151-4551-b63c-a5449ec9ee8b"
          },
          "type": "InitializeVariable",
          "inputs": {
            "variables": [
              {
                "name": "Password",
                "type": "string"
              }
            ]
          }
        },
        "Initialize_variable_-_SiteAccountUUID": {
          "runAfter": {
            "Initialize_Password_variable": [
              "Succeeded"
            ]
          },
          "metadata": {
            "operationMetadataId": "be5a05a3-5766-41bc-9781-bc93c329b6a7"
          },
          "type": "InitializeVariable",
          "inputs": {
            "variables": [
              {
                "name": "SiteAccountUUID",
                "type": "string"
              }
            ]
          }
        },
        "Initialize_variable_Contact_Name": {
          "runAfter": {
            "Initialize_variable_-_SiteAccountUUID": [
              "Succeeded"
            ]
          },
          "metadata": {
            "operationMetadataId": "a1145a22-f9c7-4811-a1b4-1a43559c70ed"
          },
          "type": "InitializeVariable",
          "inputs": {
            "variables": [
              {
                "name": "Contact Full Name",
                "type": "string"
              }
            ]
          }
        },
        "Initialize_variable_Email_Address": {
          "runAfter": {
            "Initialize_variable_Last_Name": [
              "Succeeded"
            ]
          },
          "metadata": {
            "operationMetadataId": "a98666a8-01c7-4dce-808e-392b05f25302"
          },
          "type": "InitializeVariable",
          "inputs": {
            "variables": [
              {
                "name": "Contact Email Address",
                "type": "string"
              }
            ]
          }
        },
        "Initialize_variable_Contact_GUID": {
          "runAfter": {
            "Initialize_variable_Email_Address": [
              "Succeeded"
            ]
          },
          "metadata": {
            "operationMetadataId": "918124a1-8d8c-43c9-baed-dd399c7c06c1"
          },
          "type": "InitializeVariable",
          "inputs": {
            "variables": [
              {
                "name": "Contact GUID",
                "type": "string"
              }
            ]
          }
        },
        "Compose": {
          "runAfter": {
            "Apply_to_each": [
              "Succeeded"
            ]
          },
          "metadata": {
            "operationMetadataId": "1294c8ef-f672-468e-879d-3d8e9769d481"
          },
          "type": "Compose",
          "inputs": "@variables('isSiteEntity')"
        },
        "Compose_2": {
          "runAfter": {
            "Compose": [
              "Succeeded"
            ]
          },
          "metadata": {
            "operationMetadataId": "165f1468-37eb-4591-8055-f329bedcc9a3"
          },
          "type": "Compose",
          "inputs": "@variables('isRelationshipCheck')"
        },
        "Compose_3": {
          "runAfter": {
            "Compose_2": [
              "Succeeded"
            ]
          },
          "metadata": {
            "operationMetadataId": "c43c0918-fbd1-4bd8-ba98-186bae53af3b"
          },
          "type": "Compose",
          "inputs": "@variables('Parent UUID')"
        },
        "Compose_4": {
          "runAfter": {
            "Compose_3": [
              "Succeeded"
            ]
          },
          "metadata": {
            "operationMetadataId": "b7b07e8b-420d-4edd-8ba3-e23feac45263"
          },
          "type": "Compose",
          "inputs": "@variables('UUID')"
        },
        "Compose_5": {
          "runAfter": {
            "Compose_4": [
              "Succeeded"
            ]
          },
          "metadata": {
            "operationMetadataId": "fc346eac-e5a3-42e0-a20a-9e2ac1bee9c5"
          },
          "type": "Compose",
          "inputs": "@variables('Ambra User ID')"
        },
        "Initialize_variable_Ambra_User_ID": {
          "runAfter": {
            "Initialize_variable_Contact_GUID": [
              "Succeeded"
            ]
          },
          "metadata": {
            "operationMetadataId": "5d6c6fbf-7922-4a81-83e0-b8081cee21be"
          },
          "type": "InitializeVariable",
          "inputs": {
            "variables": [
              {
                "name": "Ambra User ID",
                "type": "string"
              }
            ]
          }
        },
        "Initialize_variable_First_Name": {
          "runAfter": {
            "Initialize_variable_Contact_Name": [
              "Succeeded"
            ]
          },
          "metadata": {
            "operationMetadataId": "5d6c6fbf-7922-4a81-83e0-b8081cee21be"
          },
          "type": "InitializeVariable",
          "inputs": {
            "variables": [
              {
                "name": "First Name",
                "type": "string"
              }
            ]
          }
        },
        "Initialize_variable_Last_Name": {
          "runAfter": {
            "Initialize_variable_First_Name": [
              "Succeeded"
            ]
          },
          "metadata": {
            "operationMetadataId": "5d6c6fbf-7922-4a81-83e0-b8081cee21be"
          },
          "type": "InitializeVariable",
          "inputs": {
            "variables": [
              {
                "name": "Last Name",
                "type": "string"
              }
            ]
          }
        },
        "Initialize_variable_ECC_queue_record_GUID": {
          "runAfter": {
            "Initialize_variable_Ambra_User_ID": [
              "Succeeded"
            ]
          },
          "metadata": {
            "operationMetadataId": "5d6c6fbf-7922-4a81-83e0-b8081cee21be"
          },
          "type": "InitializeVariable",
          "inputs": {
            "variables": [
              {
                "name": "ECC Queue Record GUID",
                "type": "string"
              }
            ]
          }
        },
        "Initialize_variable_-_Blank_Value": {
          "runAfter": {},
          "metadata": {
            "operationMetadataId": "7fdef036-0b0d-4032-bef4-dba7e07d6439"
          },
          "type": "InitializeVariable",
          "inputs": {
            "variables": [
              {
                "name": "Blank Value",
                "type": "string"
              }
            ]
          }
        }
      },
      "outputs": {}
    }
  },
  "schemaVersion": "1.0.0.0"
}