{
  "properties": {
    "connectionReferences": {
      "shared_commondataserviceforapps": {
        "runtimeSource": "embedded",
        "connection": {
          "connectionReferenceLogicalName": "mib_MicrosoftDataverseMIBAdmin"
        },
        "api": {
          "name": "shared_commondataserviceforapps"
        }
      }
    },
    "definition": {
      "$schema": "https://schema.management.azure.com/providers/Microsoft.Logic/schemas/2016-06-01/workflowdefinition.json#",
      "contentVersion": "1.0.0.0",
      "parameters": {
        "$connections": {
          "defaultValue": {},
          "type": "Object"
        },
        "$authentication": {
          "defaultValue": {},
          "type": "SecureObject"
        }
      },
      "triggers": {
        "When_a_row_is_added,_modified_or_deleted": {
          "metadata": {
            "operationMetadataId": "8efc0bb4-d321-4e66-ab4d-531671198dde"
          },
          "type": "OpenApiConnectionWebhook",
          "inputs": {
            "host": {
              "connectionName": "shared_commondataserviceforapps",
              "operationId": "SubscribeWebhookTrigger",
              "apiId": "/providers/Microsoft.PowerApps/apis/shared_commondataserviceforapps"
            },
            "parameters": {
              "subscriptionRequest/message": 4,
              "subscriptionRequest/entityname": "new_siteequipment",
              "subscriptionRequest/scope": 4,
              "subscriptionRequest/filteringattributes": "new_make,mib_softdelete,new_model,new_scannertype,new_equipmentid,mib_serialnumber,mib_lastresubmissiondate"
            },
            "authentication": "@parameters('$authentication')"
          }
        }
      },
      "actions": {
        "Initialize_variable_-_Operation_Type": {
          "runAfter": {
            "Initialize_variable_-_Blank_Value": [
              "Succeeded"
            ]
          },
          "metadata": {
            "operationMetadataId": "0b861d5f-e9a4-411b-adfe-21457a039d53"
          },
          "type": "InitializeVariable",
          "inputs": {
            "variables": [
              {
                "name": "SDK Message",
                "type": "string",
                "value": "@{triggerOutputs()?['body/sdkMessage']}"
              }
            ]
          }
        },
        "Initialize_variable_-_UUID": {
          "runAfter": {
            "Initialize_variable_-_Operation_Type": [
              "Succeeded"
            ]
          },
          "metadata": {
            "operationMetadataId": "8bff75fb-de2b-4e6f-84e5-29d869f53d6b"
          },
          "type": "InitializeVariable",
          "inputs": {
            "variables": [
              {
                "name": "UUID",
                "type": "string",
                "value": "@triggerOutputs()?['body/mib_uuid']"
              }
            ]
          }
        },
        "Initialize_Service_Url_variable": {
          "runAfter": {
            "Initialize_variable_-_UUID": [
              "Succeeded"
            ]
          },
          "metadata": {
            "operationMetadataId": "ed4bd6c4-59ff-49ad-bd61-eb4aff59a136"
          },
          "type": "InitializeVariable",
          "inputs": {
            "variables": [
              {
                "name": "Service_Url",
                "type": "string"
              }
            ]
          }
        },
        "Initialize_UserName__variable": {
          "runAfter": {
            "Initialize_Service_Url_variable": [
              "Succeeded"
            ]
          },
          "metadata": {
            "operationMetadataId": "38be9f4e-1420-4bbd-a85a-5875c789388e"
          },
          "type": "InitializeVariable",
          "inputs": {
            "variables": [
              {
                "name": "UserName",
                "type": "string"
              }
            ]
          }
        },
        "Initialize_password_variable": {
          "runAfter": {
            "Initialize_UserName__variable": [
              "Succeeded"
            ]
          },
          "metadata": {
            "operationMetadataId": "5f9c2a0c-ee37-4417-a11d-e668f4dbb3c1"
          },
          "type": "InitializeVariable",
          "inputs": {
            "variables": [
              {
                "name": "Password",
                "type": "string"
              }
            ]
          }
        },
        "System_Configuration": {
          "runAfter": {
            "Initialize_variable_-_ECC_Queue_Record_GUID": [
              "Succeeded"
            ]
          },
          "metadata": {
            "operationMetadataId": "92b03a31-7cb2-4422-aca3-b8fb7d4a20c3"
          },
          "type": "OpenApiConnection",
          "inputs": {
            "host": {
              "connectionName": "shared_commondataserviceforapps",
              "operationId": "ListRecords",
              "apiId": "/providers/Microsoft.PowerApps/apis/shared_commondataserviceforapps"
            },
            "parameters": {
              "entityName": "mib_systemconfigurations",
              "$filter": "mib_name eq 'Default'",
              "$top": 1
            },
            "authentication": "@parameters('$authentication')"
          }
        },
        "Apply_to_each": {
          "foreach": "@outputs('System_Configuration')?['body/value']",
          "actions": {
            "Set_variable_Service_Url": {
              "runAfter": {},
              "metadata": {
                "operationMetadataId": "a81e17e7-abce-4f3d-a4ae-5dfeb68841ce"
              },
              "type": "SetVariable",
              "inputs": {
                "name": "Service_Url",
                "value": "@items('Apply_to_each')?['mib_ambraserviceurl']"
              }
            },
            "Set_variable_UserName": {
              "runAfter": {
                "Set_variable_Service_Url": [
                  "Succeeded"
                ]
              },
              "metadata": {
                "operationMetadataId": "3145109d-5502-429c-a7d5-3af2b2e659f4"
              },
              "type": "SetVariable",
              "inputs": {
                "name": "UserName",
                "value": "@items('Apply_to_each')?['mib_ambrausername']"
              }
            },
            "Set_variable_Password": {
              "runAfter": {
                "Set_variable_UserName": [
                  "Succeeded"
                ]
              },
              "metadata": {
                "operationMetadataId": "faa99300-1ca7-473b-be09-967996f2c774"
              },
              "type": "SetVariable",
              "inputs": {
                "name": "Password",
                "value": "@items('Apply_to_each')?['mib_ambrapassword']"
              }
            },
            "Set_variable_Site_Account_UUID": {
              "runAfter": {
                "Set_variable_Password": [
                  "Succeeded"
                ]
              },
              "metadata": {
                "operationMetadataId": "31354e8a-b98c-46d6-a999-037f7a634924"
              },
              "type": "SetVariable",
              "inputs": {
                "name": "Site Account UUID",
                "value": "@items('Apply_to_each')?['mib_siteaccountuuid']"
              }
            }
          },
          "runAfter": {
            "System_Configuration": [
              "Succeeded"
            ]
          },
          "metadata": {
            "operationMetadataId": "3098def8-7700-44b0-bd88-8a55a8770b2c"
          },
          "type": "Foreach"
        },
        "Initialize_variable_-_Site_Account_UUID": {
          "runAfter": {
            "Initialize_variable_-_SiteUUID": [
              "Succeeded"
            ]
          },
          "metadata": {
            "operationMetadataId": "d15f6c34-d069-4a29-9a69-1b9a288a0222"
          },
          "type": "InitializeVariable",
          "inputs": {
            "variables": [
              {
                "name": "Site Account UUID",
                "type": "string"
              }
            ]
          }
        },
        "Condition": {
          "actions": {},
          "runAfter": {
            "Apply_to_each": [
              "Succeeded"
            ]
          },
          "else": {
            "actions": {
              "Get_a_row_by_ID": {
                "runAfter": {},
                "metadata": {
                  "operationMetadataId": "7e810308-0493-45a2-a95e-ea2b61b0144f"
                },
                "type": "OpenApiConnection",
                "inputs": {
                  "host": {
                    "connectionName": "shared_commondataserviceforapps",
                    "operationId": "GetItem",
                    "apiId": "/providers/Microsoft.PowerApps/apis/shared_commondataserviceforapps"
                  },
                  "parameters": {
                    "entityName": "new_sites",
                    "recordId": "@triggerOutputs()?['body/_cr420_new_site_value']",
                    "$select": "mib_uuid"
                  },
                  "authentication": "@parameters('$authentication')"
                }
              },
              "Set_variable": {
                "runAfter": {
                  "Get_a_row_by_ID": [
                    "Succeeded"
                  ]
                },
                "metadata": {
                  "operationMetadataId": "2a811773-4484-456d-b4b9-de3ae8960bfd"
                },
                "type": "SetVariable",
                "inputs": {
                  "name": "Site UUID",
                  "value": "@outputs('Get_a_row_by_ID')?['body/mib_uuid']"
                }
              },
              "Fail_if_Site_ID_is_null": {
                "actions": {
                  "Add_a_ECC_Record:_Site_ID_is_null": {
                    "runAfter": {},
                    "metadata": {
                      "operationMetadataId": "db9054a8-fb28-4889-9fa4-02c92856397b"
                    },
                    "type": "OpenApiConnection",
                    "inputs": {
                      "host": {
                        "connectionName": "shared_commondataserviceforapps",
                        "operationId": "CreateRecord",
                        "apiId": "/providers/Microsoft.PowerApps/apis/shared_commondataserviceforapps"
                      },
                      "parameters": {
                        "entityName": "mib_eccqueues",
                        "item/mib_status": "Site UUID is null",
                        "item/mib_createddatetime": "@utcNow()",
                        "item/mib_name": "Site Equipment - @{triggerOutputs()?['body/new_make']}",
                        "item/mib_relatedrecord_new_SiteEquipment_new_siteequipment@odata.bind": "/new_siteequipments/@{triggerOutputs()?['body/new_siteequipmentid']}",
                        "item/mib_state": 913380006
                      },
                      "authentication": "@parameters('$authentication')"
                    }
                  },
                  "Terminate_-_Site_ID_is_null": {
                    "runAfter": {
                      "Update_a_row": [
                        "Succeeded"
                      ]
                    },
                    "metadata": {
                      "operationMetadataId": "2b5a6416-6b90-4a00-bd6a-a2a529a7cd8e"
                    },
                    "type": "Terminate",
                    "inputs": {
                      "runStatus": "Failed",
                      "runError": {
                        "message": "Site ID is null"
                      }
                    }
                  },
                  "Update_a_row": {
                    "runAfter": {
                      "Add_a_ECC_Record:_Site_ID_is_null": [
                        "Succeeded"
                      ]
                    },
                    "metadata": {
                      "operationMetadataId": "75f38cbf-e7ba-497c-9b11-88ccf058eef6"
                    },
                    "type": "OpenApiConnection",
                    "inputs": {
                      "host": {
                        "connectionName": "shared_commondataserviceforapps",
                        "operationId": "UpdateRecord",
                        "apiId": "/providers/Microsoft.PowerApps/apis/shared_commondataserviceforapps"
                      },
                      "parameters": {
                        "entityName": "new_siteequipments",
                        "recordId": "@triggerOutputs()?['body/new_siteequipmentid']",
                        "item/mib_status": "Site UUID is null",
                        "item/mib_flowstate": 913380001
                      },
                      "authentication": "@parameters('$authentication')"
                    }
                  }
                },
                "runAfter": {
                  "Set_variable": [
                    "Succeeded"
                  ]
                },
                "expression": {
                  "or": [
                    {
                      "equals": [
                        "@variables('Site UUID')",
                        "@null"
                      ]
                    },
                    {
                      "equals": [
                        "@length(variables('Site UUID'))",
                        0
                      ]
                    }
                  ]
                },
                "metadata": {
                  "operationMetadataId": "74f97c3f-82de-4c7a-b9e8-06392e381830"
                },
                "type": "If"
              }
            }
          },
          "expression": {
            "equals": [
              "@empty(triggerOutputs()?['body/_cr420_new_site_value'])",
              "@true"
            ]
          },
          "metadata": {
            "operationMetadataId": "325c47fc-5f52-4a6e-b05f-0c3ddeb2954b"
          },
          "type": "If"
        },
        "Initialize_variable_-_SiteUUID": {
          "runAfter": {
            "Initialize_password_variable": [
              "Succeeded"
            ]
          },
          "metadata": {
            "operationMetadataId": "30f4c1e3-f8c7-4cdb-916b-9a8381fdca20"
          },
          "type": "InitializeVariable",
          "inputs": {
            "variables": [
              {
                "name": "Site UUID",
                "type": "string"
              }
            ]
          }
        },
        "Initialize_variable_Manufacturer": {
          "runAfter": {
            "Initialize_variable_-_Site_Account_UUID": [
              "Succeeded"
            ]
          },
          "metadata": {
            "operationMetadataId": "b058923d-ddb4-4a44-901a-8c783c1d6c68"
          },
          "type": "InitializeVariable",
          "inputs": {
            "variables": [
              {
                "name": "Manufacturer",
                "type": "string",
                "value": "@triggerOutputs()?['body/new_make']"
              }
            ]
          }
        },
        "Initialize_variable_Model": {
          "runAfter": {
            "Initialize_variable_Manufacturer": [
              "Succeeded"
            ]
          },
          "metadata": {
            "operationMetadataId": "37ee0a9d-f03d-4a32-bcb1-2f9a2efddefb"
          },
          "type": "InitializeVariable",
          "inputs": {
            "variables": [
              {
                "name": "Model",
                "type": "string",
                "value": "@triggerOutputs()?['body/new_model']"
              }
            ]
          }
        },
        "Initialize_variable_Serial_Number": {
          "runAfter": {
            "Initialize_variable_Model": [
              "Succeeded"
            ]
          },
          "metadata": {
            "operationMetadataId": "ef8785d1-c609-4c09-b718-667f9fe7bc1c"
          },
          "type": "InitializeVariable",
          "inputs": {
            "variables": [
              {
                "name": "Serial No",
                "type": "string",
                "value": "@triggerOutputs()?['body/mib_serialnumber']"
              }
            ]
          }
        },
        "If_'Create'_or_UUID_is_null,_create_site_equipment": {
          "actions": {
            "Run_a_Child_Flow": {
              "runAfter": {},
              "metadata": {
                "operationMetadataId": "9f23c2f3-828e-47e1-9ef8-97c64be899cd"
              },
              "type": "Workflow",
              "inputs": {
                "host": {
                  "workflowReferenceName": "d6fcd27f-1921-ec11-b6e6-000d3a3019fc"
                },
                "body": {
                  "text": "@variables('Service_Url')",
                  "text_1": "@variables('UserName')",
                  "text_2": "@variables('Password')",
                  "text_3": "@variables('Site UUID')",
                  "text_4": "@triggerOutputs()?['body/new_make']",
                  "text_5": "@triggerOutputs()?['body/new_siteequipmentid']",
                  "text_6": "@triggerOutputs()?['body/new_scannertype']",
                  "text_7": "@triggerOutputs()?['body/new_make']",
                  "text_8": "@triggerOutputs()?['body/new_model']",
                  "text_9": "@variables('Serial No')",
                  "boolean": "@triggerOutputs()?['body/mib_isretry']",
                  "text_10": "@variables('ECC Queue Record GUID')"
                },
                "retryPolicy": {
                  "type": "none"
                }
              }
            }
          },
          "runAfter": {
            "Condition_5": [
              "Succeeded"
            ]
          },
          "else": {
            "actions": {
              "Switch": {
                "runAfter": {},
                "cases": {
                  "Case_Update": {
                    "case": "Update",
                    "actions": {
                      "Run_a_Child_Flow_update_and_remove_scanner_in_ambra": {
                        "runAfter": {},
                        "type": "Workflow",
                        "inputs": {
                          "host": {
                            "workflowReferenceName": "24e27abd-0c25-ec11-b6e5-000d3a33e3b6"
                          },
                          "body": {
                            "text": "@triggerOutputs()?['body/mib_uuid']",
                            "text_1": "@triggerOutputs()?['body/new_scannertype']",
                            "text_2": "@variables('Service_Url')",
                            "text_3": "@variables('UserName')",
                            "text_4": "@variables('Password')",
                            "text_5": "@variables('Site UUID')",
                            "text_6": "@triggerOutputs()?['body/new_siteequipmentid']",
                            "text_7": "@string(triggerOutputs()?['body/mib_softdelete'])",
                            "text_8": "@variables('Manufacturer')",
                            "text_9": "@variables('Model')",
                            "boolean": "@triggerOutputs()?['body/mib_isretry']",
                            "text_11": "@variables('ECC Queue Record GUID')",
                            "text_10": "@variables('Serial No')"
                          },
                          "retryPolicy": {
                            "type": "none"
                          }
                        }
                      }
                    }
                  },
                  "Case_Delete": {
                    "case": "Delete",
                    "actions": {
                      "Run_a_Child_Flow_2": {
                        "runAfter": {},
                        "type": "Workflow",
                        "inputs": {
                          "host": {
                            "workflowReferenceName": "24e27abd-0c25-ec11-b6e5-000d3a33e3b6"
                          },
                          "body": {
                            "text": "@triggerOutputs()?['body/mib_uuid']",
                            "text_1": "@triggerOutputs()?['body/new_scannertype']",
                            "text_2": "@variables('Service_Url')",
                            "text_3": "@variables('UserName')",
                            "text_4": "@variables('Password')",
                            "text_5": "@variables('Site UUID')",
                            "text_6": "@triggerOutputs()?['body/new_siteequipmentid']",
                            "text_7": "@utcNow()",
                            "text_8": "@variables('Manufacturer')",
                            "text_9": "@variables('Model')",
                            "boolean": "@triggerOutputs()?['body/mib_isretry']",
                            "text_11": "@variables('ECC Queue Record GUID')",
                            "text_10": "@triggerOutputs()?['body/mib_serialnumber']"
                          },
                          "retryPolicy": {
                            "type": "none"
                          }
                        }
                      }
                    }
                  }
                },
                "default": {
                  "actions": {}
                },
                "expression": "@variables('SDK Message')",
                "metadata": {
                  "operationMetadataId": "28d4f380-ff67-4a3f-912d-f32fe1bdaa24"
                },
                "type": "Switch"
              }
            }
          },
          "expression": {
            "or": [
              {
                "equals": [
                  "@variables('SDK Message')",
                  "Create"
                ]
              },
              {
                "equals": [
                  "@triggerOutputs()?['body/mib_uuid']",
                  "@null"
                ]
              }
            ]
          },
          "metadata": {
            "operationMetadataId": "ce72db7b-d435-40b1-8285-7ecceb913385"
          },
          "type": "If"
        },
        "Initialize_variable_-_Blank_Value": {
          "runAfter": {},
          "metadata": {
            "operationMetadataId": "7fdef036-0b0d-4032-bef4-dba7e07d6439"
          },
          "type": "InitializeVariable",
          "inputs": {
            "variables": [
              {
                "name": "Blank Value",
                "type": "string"
              }
            ]
          }
        },
        "Condition_5": {
          "actions": {
            "Set_variable_11": {
              "runAfter": {},
              "metadata": {
                "operationMetadataId": "670b4c83-b9a1-4ec1-a6d6-02a65c38c2c6"
              },
              "type": "SetVariable",
              "inputs": {
                "name": "ECC Queue Record GUID",
                "value": "@variables('Blank Value')"
              }
            }
          },
          "runAfter": {
            "Condition": [
              "Succeeded"
            ]
          },
          "else": {
            "actions": {
              "Set_variable_10": {
                "runAfter": {},
                "metadata": {
                  "operationMetadataId": "c972f3c8-59be-432d-8eaa-d4d8b190c674"
                },
                "type": "SetVariable",
                "inputs": {
                  "name": "ECC Queue Record GUID",
                  "value": "@triggerOutputs()?['body/mib_eccqueuerecordguid']"
                }
              }
            }
          },
          "expression": {
            "equals": [
              "@empty(triggerOutputs()?['body/mib_eccqueuerecordguid'])",
              "@true"
            ]
          },
          "metadata": {
            "operationMetadataId": "016d365c-e3ec-4bf9-b11a-096bed0a5d44"
          },
          "type": "If"
        },
        "Initialize_variable_-_ECC_Queue_Record_GUID": {
          "runAfter": {
            "Initialize_variable_Serial_Number": [
              "Succeeded"
            ]
          },
          "metadata": {
            "operationMetadataId": "8c3a751d-2a88-4b59-be81-92b5ce80ac5f"
          },
          "type": "InitializeVariable",
          "inputs": {
            "variables": [
              {
                "name": "ECC Queue Record GUID",
                "type": "string"
              }
            ]
          }
        }
      }
    }
  },
  "schemaVersion": "1.0.0.0"
}