{
  "properties": {
    "connectionReferences": {
      "shared_commondataserviceforapps": {
        "runtimeSource": "embedded",
        "connection": {
          "connectionReferenceLogicalName": "mib_MicrosoftDataverseMIBAdmin"
        },
        "api": {
          "name": "shared_commondataserviceforapps"
        }
      }
    },
    "definition": {
      "$schema": "https://schema.management.azure.com/providers/Microsoft.Logic/schemas/2016-06-01/workflowdefinition.json#",
      "contentVersion": "1.0.0.0",
      "parameters": {
        "$connections": {
          "defaultValue": {},
          "type": "Object"
        },
        "$authentication": {
          "defaultValue": {},
          "type": "SecureObject"
        }
      },
      "triggers": {
        "When_a_row_is_added,_modified_or_deleted": {
          "metadata": {
            "operationMetadataId": "317641d6-1363-4b80-8d13-d2ba7f53bd00"
          },
          "type": "OpenApiConnectionWebhook",
          "inputs": {
            "host": {
              "connectionName": "shared_commondataserviceforapps",
              "operationId": "SubscribeWebhookTrigger",
              "apiId": "/providers/Microsoft.PowerApps/apis/shared_commondataserviceforapps"
            },
            "parameters": {
              "subscriptionRequest/message": 1,
              "subscriptionRequest/entityname": "mib_tasktypes",
              "subscriptionRequest/scope": 4
            },
            "authentication": "@parameters('$authentication')"
          }
        }
      },
      "actions": {
        "List_rows_-_Study": {
          "runAfter": {},
          "metadata": {
            "operationMetadataId": "4a37a372-cb26-4a50-a9d5-e649c4d39b94"
          },
          "type": "OpenApiConnection",
          "inputs": {
            "host": {
              "connectionName": "shared_commondataserviceforapps",
              "operationId": "ListRecords",
              "apiId": "/providers/Microsoft.PowerApps/apis/shared_commondataserviceforapps"
            },
            "parameters": {
              "entityName": "new_studies"
            },
            "authentication": "@parameters('$authentication')"
          }
        },
        "Foreach_-_Study_": {
          "foreach": "@outputs('List_rows_-_Study')?['body/value']",
          "actions": {
            "Add_a_new_row_-_Study_Task_Types": {
              "runAfter": {},
              "metadata": {
                "operationMetadataId": "3481b7c9-0451-4eee-849a-d0fcfa50fb2d"
              },
              "type": "OpenApiConnection",
              "inputs": {
                "host": {
                  "connectionName": "shared_commondataserviceforapps",
                  "operationId": "CreateRecord",
                  "apiId": "/providers/Microsoft.PowerApps/apis/shared_commondataserviceforapps"
                },
                "parameters": {
                  "entityName": "mib_studytasktypeses",
                  "item/mib_name": "@triggerOutputs()?['body/mib_tasktypesid']",
                  "item/mib_study@odata.bind": "/new_studies(@{items('Foreach_-_Study_')?['new_studyid']})",
                  "item/mib_tasktypes@odata.bind": "/mib_tasktypeses(@{triggerOutputs()?['body/mib_tasktypesid']})",
                  "item/mib_expeditedtatdays": "@triggerOutputs()?['body/mib_expeditedtatdays']",
                  "item/mib_standardtatdays": "@triggerOutputs()?['body/mib_standardtatdays']"
                },
                "authentication": "@parameters('$authentication')"
              }
            }
          },
          "runAfter": {
            "List_rows_-_Study": [
              "Succeeded"
            ]
          },
          "metadata": {
            "operationMetadataId": "01158f79-bd41-49ea-8013-b2640a4c1bfb"
          },
          "type": "Foreach"
        }
      },
      "outputs": {}
    }
  },
  "schemaVersion": "1.0.0.0"
}