{
  "properties": {
    "connectionReferences": {
      "shared_commondataserviceforapps": {
        "runtimeSource": "embedded",
        "connection": {
          "connectionReferenceLogicalName": "mib_sharedcommondataserviceforapps_4e197"
        },
        "api": {
          "name": "shared_commondataserviceforapps"
        }
      }
    },
    "definition": {
      "$schema": "https://schema.management.azure.com/providers/Microsoft.Logic/schemas/2016-06-01/workflowdefinition.json#",
      "contentVersion": "1.0.0.0",
      "parameters": {
        "$connections": {
          "defaultValue": {},
          "type": "Object"
        },
        "$authentication": {
          "defaultValue": {},
          "type": "SecureObject"
        }
      },
      "triggers": {
        "When_a_row_is_added,_modified_or_deleted": {
          "metadata": {
            "operationMetadataId": "694acde2-0715-4138-a08f-5061bff167cf"
          },
          "type": "OpenApiConnectionWebhook",
          "inputs": {
            "host": {
              "connectionName": "shared_commondataserviceforapps",
              "operationId": "SubscribeWebhookTrigger",
              "apiId": "/providers/Microsoft.PowerApps/apis/shared_commondataserviceforapps"
            },
            "parameters": {
              "subscriptionRequest/message": 1,
              "subscriptionRequest/entityname": "new_study",
              "subscriptionRequest/scope": 4
            },
            "authentication": "@parameters('$authentication')"
          }
        }
      },
      "actions": {
        "List_rows_-_Task_Types": {
          "runAfter": {},
          "metadata": {
            "operationMetadataId": "88f70434-5aeb-4516-8dc1-ba2784d85753"
          },
          "type": "OpenApiConnection",
          "inputs": {
            "host": {
              "connectionName": "shared_commondataserviceforapps",
              "operationId": "ListRecords",
              "apiId": "/providers/Microsoft.PowerApps/apis/shared_commondataserviceforapps"
            },
            "parameters": {
              "entityName": "mib_tasktypeses",
              "$filter": "mib_softdelete ne true"
            },
            "authentication": "@parameters('$authentication')"
          }
        },
        "Foreach_-_Task_Types": {
          "foreach": "@outputs('List_rows_-_Task_Types')?['body/value']",
          "actions": {
            "Add_a_new_row_-_Study_Task_Types": {
              "runAfter": {},
              "metadata": {
                "operationMetadataId": "957dbc0b-b523-4214-b300-4b77af6c0170"
              },
              "type": "OpenApiConnection",
              "inputs": {
                "host": {
                  "connectionName": "shared_commondataserviceforapps",
                  "operationId": "CreateRecord",
                  "apiId": "/providers/Microsoft.PowerApps/apis/shared_commondataserviceforapps"
                },
                "parameters": {
                  "entityName": "mib_studytasktypeses",
                  "item/mib_name": "@items('Foreach_-_Task_Types')?['mib_tasktypesid']",
                  "item/mib_study@odata.bind": "/new_studies(@{triggerOutputs()?['body/new_studyid']})",
                  "item/mib_tasktypes@odata.bind": "/mib_tasktypeses(@{items('Foreach_-_Task_Types')?['mib_tasktypesid']})",
                  "item/mib_expeditedtatdays": "@items('Foreach_-_Task_Types')?['mib_expeditedtatdays']",
                  "item/mib_softdelete": false,
                  "item/mib_softdeletepicklist": 2,
                  "item/mib_standardtatdays": "@items('Foreach_-_Task_Types')?['mib_standardtatdays']"
                },
                "authentication": "@parameters('$authentication')"
              }
            }
          },
          "runAfter": {
            "List_rows_-_Task_Types": [
              "Succeeded"
            ]
          },
          "metadata": {
            "operationMetadataId": "78deb0ce-99a9-4c03-ad47-04372e4b96e5"
          },
          "type": "Foreach"
        }
      },
      "outputs": {}
    }
  },
  "schemaVersion": "1.0.0.0"
}