{
  "properties": {
    "connectionReferences": {
      "shared_commondataserviceforapps": {
        "runtimeSource": "embedded",
        "connection": {
          "connectionReferenceLogicalName": "mib_MicrosoftDataverseMIBAdmin"
        },
        "api": {
          "name": "shared_commondataserviceforapps"
        }
      }
    },
    "definition": {
      "$schema": "https://schema.management.azure.com/providers/Microsoft.Logic/schemas/2016-06-01/workflowdefinition.json#",
      "contentVersion": "1.0.0.0",
      "parameters": {
        "$connections": {
          "defaultValue": {},
          "type": "Object"
        },
        "$authentication": {
          "defaultValue": {},
          "type": "SecureObject"
        }
      },
      "triggers": {
        "When_a_row_is_added,_modified_or_deleted": {
          "metadata": {
            "operationMetadataId": "6a882a56-8563-4081-be0d-82e6617efaa5"
          },
          "type": "OpenApiConnectionWebhook",
          "inputs": {
            "host": {
              "connectionName": "shared_commondataserviceforapps",
              "operationId": "SubscribeWebhookTrigger",
              "apiId": "/providers/Microsoft.PowerApps/apis/shared_commondataserviceforapps"
            },
            "parameters": {
              "subscriptionRequest/message": 1,
              "subscriptionRequest/entityname": "new_dicomtags",
              "subscriptionRequest/scope": 4,
              "subscriptionRequest/filterexpression": "mib_isanonymized eq true or mib_isblinded eq true"
            },
            "authentication": "@parameters('$authentication')"
          }
        }
      },
      "actions": {
        "List_rows-Study_Configuration(Status_is_equal_draft)": {
          "runAfter": {
            "Condition_-_Selected_Study_Id_length": [
              "Succeeded"
            ]
          },
          "metadata": {
            "operationMetadataId": "400c31e0-0ac7-4cd2-b561-077905ecf324"
          },
          "type": "OpenApiConnection",
          "inputs": {
            "host": {
              "connectionName": "shared_commondataserviceforapps",
              "operationId": "ListRecords",
              "apiId": "/providers/Microsoft.PowerApps/apis/shared_commondataserviceforapps"
            },
            "parameters": {
              "entityName": "new_studyversions",
              "$filter": "mib_status eq 1 and (@{variables('SelectedStudyIdsString')})"
            },
            "authentication": "@parameters('$authentication')"
          }
        },
        "Apply_to_each-Study_Configuration(Status_is_Equal_Draft)": {
          "foreach": "@outputs('List_rows-Study_Configuration(Status_is_equal_draft)')?['body/value']",
          "actions": {
            "Condition_-_DOB_Anonymization_Rule": {
              "actions": {
                "Add_a_new_row-Anonymized_DICOM_Tags_2": {
                  "runAfter": {},
                  "metadata": {
                    "operationMetadataId": "7dfc7938-5dfb-4466-ae5e-6016e76402da"
                  },
                  "type": "OpenApiConnection",
                  "inputs": {
                    "host": {
                      "connectionName": "shared_commondataserviceforapps",
                      "operationId": "CreateRecord",
                      "apiId": "/providers/Microsoft.PowerApps/apis/shared_commondataserviceforapps"
                    },
                    "parameters": {
                      "entityName": "mib_anonymizeddicomtagses",
                      "item/mib_dicomtag@odata.bind": "/new_dicomtagses(@{triggerOutputs()?['body/new_dicomtagsid']})",
                      "item/mib_name": "@triggerOutputs()?['body/new_dicomname']",
                      "item/mib_studyconfiguration@odata.bind": "/new_studyversions(@{items('Apply_to_each-Study_Configuration(Status_is_Equal_Draft)')?['new_studyversionid']})",
                      "item/mib_candeleted": false,
                      "item/mib_isanonymized": false,
                      "item/mib_isblinded": "@triggerOutputs()?['body/mib_isblinded']",
                      "item/mib_keyword": "@triggerOutputs()?['body/new_keyword']",
                      "item/mib_tag": "@triggerOutputs()?['body/new_tag']",
                      "item/mib_vm": "@triggerOutputs()?['body/new_vm']",
                      "item/mib_vr": "@triggerOutputs()?['body/new_vr']"
                    },
                    "authentication": "@parameters('$authentication')"
                  }
                }
              },
              "runAfter": {},
              "else": {
                "actions": {
                  "Add_a_new_row-Anonymized_DICOM_Tags": {
                    "runAfter": {},
                    "metadata": {
                      "operationMetadataId": "7dfc7938-5dfb-4466-ae5e-6016e76402da"
                    },
                    "type": "OpenApiConnection",
                    "inputs": {
                      "host": {
                        "connectionName": "shared_commondataserviceforapps",
                        "operationId": "CreateRecord",
                        "apiId": "/providers/Microsoft.PowerApps/apis/shared_commondataserviceforapps"
                      },
                      "parameters": {
                        "entityName": "mib_anonymizeddicomtagses",
                        "item/mib_dicomtag@odata.bind": "/new_dicomtagses(@{triggerOutputs()?['body/new_dicomtagsid']})",
                        "item/mib_name": "@triggerOutputs()?['body/new_dicomname']",
                        "item/mib_studyconfiguration@odata.bind": "/new_studyversions(@{items('Apply_to_each-Study_Configuration(Status_is_Equal_Draft)')?['new_studyversionid']})",
                        "item/mib_candeleted": false,
                        "item/mib_isanonymized": "@triggerOutputs()?['body/mib_isanonymized']",
                        "item/mib_isblinded": "@triggerOutputs()?['body/mib_isblinded']",
                        "item/mib_keyword": "@triggerOutputs()?['body/new_keyword']",
                        "item/mib_tag": "@triggerOutputs()?['body/new_tag']",
                        "item/mib_vm": "@triggerOutputs()?['body/new_vm']",
                        "item/mib_vr": "@triggerOutputs()?['body/new_vr']"
                      },
                      "authentication": "@parameters('$authentication')"
                    }
                  }
                }
              },
              "expression": {
                "and": [
                  {
                    "equals": [
                      "@items('Apply_to_each-Study_Configuration(Status_is_Equal_Draft)')?['mib_dobanonymizationrule']",
                      2
                    ]
                  },
                  {
                    "equals": [
                      "@triggerOutputs()?['body/new_tag']",
                      "(0010,0030)"
                    ]
                  }
                ]
              },
              "metadata": {
                "operationMetadataId": "d2f63444-fb3d-474a-87e6-110f084bb920"
              },
              "type": "If"
            }
          },
          "runAfter": {
            "List_rows-Study_Configuration(Status_is_equal_draft)": [
              "Succeeded"
            ]
          },
          "metadata": {
            "operationMetadataId": "ed7e7aa2-d6d0-4508-ab75-25e0e38bf10a"
          },
          "type": "Foreach"
        },
        "Initialize_variable_-_SelectedStudyIdsArray": {
          "runAfter": {},
          "metadata": {
            "operationMetadataId": "be073294-f7dc-4afb-9403-e5f8d486542c"
          },
          "type": "InitializeVariable",
          "inputs": {
            "variables": [
              {
                "name": "SelectedStudyIdsArray",
                "type": "array"
              }
            ]
          }
        },
        "Initialize_variable_-_SelectedStudyIdsString": {
          "runAfter": {
            "Condition_-_Selected_Ids_are_null_or_not": [
              "Succeeded"
            ]
          },
          "metadata": {
            "operationMetadataId": "b867d1a2-1d4e-4927-bc2f-d39c336477b2"
          },
          "type": "InitializeVariable",
          "inputs": {
            "variables": [
              {
                "name": "SelectedStudyIdsString",
                "type": "string"
              }
            ]
          }
        },
        "Condition_-_Selected_Study_Id_length": {
          "actions": {
            "Apply_to_each_-_Selected_Study_Ids": {
              "foreach": "@variables('SelectedStudyIdsArray')",
              "actions": {
                "Append_to_string_variable_-_Study_GUID": {
                  "runAfter": {},
                  "metadata": {
                    "operationMetadataId": "d8902da2-32ee-488d-a453-086e3db057bd"
                  },
                  "type": "AppendToStringVariable",
                  "inputs": {
                    "name": "SelectedStudyIdsString",
                    "value": "_mib_study_value  eq '@{items('Apply_to_each_-_Selected_Study_Ids')}'"
                  }
                },
                "Increment_variable_-_count": {
                  "runAfter": {
                    "Append_to_string_variable_-_Study_GUID": [
                      "Succeeded"
                    ]
                  },
                  "metadata": {
                    "operationMetadataId": "93d8b7fc-28b2-44bb-a903-574b4a6bb537"
                  },
                  "type": "IncrementVariable",
                  "inputs": {
                    "name": "Count",
                    "value": 1
                  }
                },
                "Condition_-_check_count_with_length": {
                  "actions": {
                    "Append_to_string_variable_-_OR_operator": {
                      "runAfter": {},
                      "metadata": {
                        "operationMetadataId": "b4edcfbb-ca10-4990-9e50-931cb94f3043"
                      },
                      "type": "AppendToStringVariable",
                      "inputs": {
                        "name": "SelectedStudyIdsString",
                        "value": " or "
                      }
                    }
                  },
                  "runAfter": {
                    "Increment_variable_-_count": [
                      "Succeeded"
                    ]
                  },
                  "expression": {
                    "lessOrEquals": [
                      "@variables('Count')",
                      "@sub(length(variables('SelectedStudyIdsArray')), 1)"
                    ]
                  },
                  "metadata": {
                    "operationMetadataId": "c7fb71fe-8631-4eb5-ba6e-0cad0b8186c2"
                  },
                  "type": "If"
                }
              },
              "runAfter": {},
              "metadata": {
                "operationMetadataId": "c27443f8-7321-4fa6-af8d-665ce931be5e"
              },
              "type": "Foreach"
            }
          },
          "runAfter": {
            "Initialize_variable_-_Count": [
              "Succeeded"
            ]
          },
          "expression": {
            "greater": [
              "@length(variables('SelectedStudyIdsArray'))",
              0
            ]
          },
          "metadata": {
            "operationMetadataId": "c0b19e63-6c73-476a-96cf-9c8d517802bd"
          },
          "type": "If"
        },
        "Initialize_variable_-_Count": {
          "runAfter": {
            "Initialize_variable_-_SelectedStudyIdsString": [
              "Succeeded"
            ]
          },
          "metadata": {
            "operationMetadataId": "e876b978-e9a6-4c8d-a5d9-c4ad9c613ccc"
          },
          "type": "InitializeVariable",
          "inputs": {
            "variables": [
              {
                "name": "Count",
                "type": "integer",
                "value": 0
              }
            ]
          }
        },
        "Condition_-_Selected_Ids_are_null_or_not": {
          "actions": {},
          "runAfter": {
            "Initialize_variable_-_SelectedStudyIdsArray": [
              "Succeeded"
            ]
          },
          "else": {
            "actions": {
              "Set_variable_-_Selected_Study_Ids_Array_set": {
                "runAfter": {},
                "metadata": {
                  "operationMetadataId": "75ac83e2-c4c2-4413-ac12-464bba0b8b94"
                },
                "type": "SetVariable",
                "inputs": {
                  "name": "SelectedStudyIdsArray",
                  "value": "@split(triggerOutputs()?['body/mib_selectedstudyid'], ',')"
                }
              }
            }
          },
          "expression": {
            "equals": [
              "@triggerOutputs()?['body/mib_selectedstudyid']",
              "@null"
            ]
          },
          "metadata": {
            "operationMetadataId": "488fdc47-33f8-4c5f-af88-e376e999b13d"
          },
          "type": "If"
        }
      },
      "outputs": {}
    }
  },
  "schemaVersion": "1.0.0.0"
}