{
  "properties": {
    "connectionReferences": {
      "shared_commondataserviceforapps": {
        "runtimeSource": "embedded",
        "connection": {},
        "api": {
          "name": "shared_commondataserviceforapps"
        }
      }
    },
    "definition": {
      "$schema": "https://schema.management.azure.com/providers/Microsoft.Logic/schemas/2016-06-01/workflowdefinition.json#",
      "contentVersion": "1.0.0.0",
      "parameters": {
        "$connections": {
          "defaultValue": {},
          "type": "Object"
        },
        "$authentication": {
          "defaultValue": {},
          "type": "SecureObject"
        }
      },
      "triggers": {
        "When_a_row_is_added,_modified_or_deleted": {
          "metadata": {
            "operationMetadataId": "6a882a56-8563-4081-be0d-82e6617efaa5"
          },
          "type": "OpenApiConnectionWebhook",
          "inputs": {
            "host": {
              "connectionName": "shared_commondataserviceforapps",
              "operationId": "SubscribeWebhookTrigger",
              "apiId": "/providers/Microsoft.PowerApps/apis/shared_commondataserviceforapps"
            },
            "parameters": {
              "subscriptionRequest/message": 3,
              "subscriptionRequest/entityname": "new_dicomtags",
              "subscriptionRequest/scope": 4
            },
            "authentication": "@parameters('$authentication')"
          }
        }
      },
      "actions": {
        "Initialize_variable_-_SelectedStudyIdsArray": {
          "runAfter": {},
          "metadata": {
            "operationMetadataId": "be073294-f7dc-4afb-9403-e5f8d486542c"
          },
          "type": "InitializeVariable",
          "inputs": {
            "variables": [
              {
                "name": "SelectedStudyIdsArray",
                "type": "array"
              }
            ]
          }
        },
        "Initialize_variable_-_SelectedStudyIdsString": {
          "runAfter": {
            "Condition_-_Selected_Ids_are_null_or_not": [
              "Succeeded"
            ]
          },
          "metadata": {
            "operationMetadataId": "b867d1a2-1d4e-4927-bc2f-d39c336477b2"
          },
          "type": "InitializeVariable",
          "inputs": {
            "variables": [
              {
                "name": "SelectedStudyIdsString",
                "type": "string"
              }
            ]
          }
        },
        "Initialize_variable_-_Count": {
          "runAfter": {
            "Initialize_variable_-_SelectedStudyIdsString": [
              "Succeeded"
            ]
          },
          "metadata": {
            "operationMetadataId": "e876b978-e9a6-4c8d-a5d9-c4ad9c613ccc"
          },
          "type": "InitializeVariable",
          "inputs": {
            "variables": [
              {
                "name": "Count",
                "type": "integer",
                "value": 0
              }
            ]
          }
        },
        "Condition": {
          "actions": {
            "Condition_-_Selected_Study_Id_length": {
              "actions": {
                "Apply_to_each_-_Selected_Study_Ids": {
                  "foreach": "@variables('SelectedStudyIdsArray')",
                  "actions": {
                    "Append_to_string_variable_-_Study_GUID": {
                      "runAfter": {},
                      "metadata": {
                        "operationMetadataId": "d8902da2-32ee-488d-a453-086e3db057bd"
                      },
                      "type": "AppendToStringVariable",
                      "inputs": {
                        "name": "SelectedStudyIdsString",
                        "value": "_mib_study_value  eq '@{items('Apply_to_each_-_Selected_Study_Ids')}'"
                      }
                    },
                    "Increment_variable_-_count": {
                      "runAfter": {
                        "Append_to_string_variable_-_Study_GUID": [
                          "Succeeded"
                        ]
                      },
                      "metadata": {
                        "operationMetadataId": "93d8b7fc-28b2-44bb-a903-574b4a6bb537"
                      },
                      "type": "IncrementVariable",
                      "inputs": {
                        "name": "Count",
                        "value": 1
                      }
                    },
                    "Condition_-_check_count_with_length": {
                      "actions": {
                        "Append_to_string_variable_-_OR_operator": {
                          "runAfter": {},
                          "metadata": {
                            "operationMetadataId": "b4edcfbb-ca10-4990-9e50-931cb94f3043"
                          },
                          "type": "AppendToStringVariable",
                          "inputs": {
                            "name": "SelectedStudyIdsString",
                            "value": " or "
                          }
                        }
                      },
                      "runAfter": {
                        "Increment_variable_-_count": [
                          "Succeeded"
                        ]
                      },
                      "expression": {
                        "lessOrEquals": [
                          "@variables('Count')",
                          "@sub(length(variables('SelectedStudyIdsArray')), 1)"
                        ]
                      },
                      "metadata": {
                        "operationMetadataId": "c7fb71fe-8631-4eb5-ba6e-0cad0b8186c2"
                      },
                      "type": "If"
                    }
                  },
                  "runAfter": {},
                  "metadata": {
                    "operationMetadataId": "c27443f8-7321-4fa6-af8d-665ce931be5e"
                  },
                  "type": "Foreach"
                }
              },
              "runAfter": {},
              "expression": {
                "greater": [
                  "@length(variables('SelectedStudyIdsArray'))",
                  0
                ]
              },
              "metadata": {
                "operationMetadataId": "c0b19e63-6c73-476a-96cf-9c8d517802bd"
              },
              "type": "If"
            },
            "List_rows-Study_Configuration(Status_is_equal_draft)": {
              "runAfter": {
                "Condition_-_Selected_Study_Id_length": [
                  "Succeeded"
                ]
              },
              "metadata": {
                "operationMetadataId": "400c31e0-0ac7-4cd2-b561-077905ecf324"
              },
              "type": "OpenApiConnection",
              "inputs": {
                "host": {
                  "connectionName": "shared_commondataserviceforapps",
                  "operationId": "ListRecords",
                  "apiId": "/providers/Microsoft.PowerApps/apis/shared_commondataserviceforapps"
                },
                "parameters": {
                  "entityName": "new_studyversions",
                  "$filter": "mib_status eq 1 and (@{variables('SelectedStudyIdsString')})"
                },
                "authentication": "@parameters('$authentication')"
              }
            },
            "Apply_to_each_-_Study_Configuration(Status_is_Equal_Draft)": {
              "foreach": "@outputs('List_rows-Study_Configuration(Status_is_equal_draft)')?['body/value']",
              "actions": {
                "List_rows-_Anonymized_or_Blinded_DICOM_Tags": {
                  "runAfter": {},
                  "metadata": {
                    "operationMetadataId": "3a7fedd3-f7ab-4da9-97b3-0c70934159ac"
                  },
                  "type": "OpenApiConnection",
                  "inputs": {
                    "host": {
                      "connectionName": "shared_commondataserviceforapps",
                      "operationId": "ListRecords",
                      "apiId": "/providers/Microsoft.PowerApps/apis/shared_commondataserviceforapps"
                    },
                    "parameters": {
                      "entityName": "mib_anonymizeddicomtagses",
                      "$filter": "_mib_studyconfiguration_value eq '@{items('Apply_to_each_-_Study_Configuration(Status_is_Equal_Draft)')?['new_studyversionid']}' and \n_mib_dicomtag_value eq '@{triggerOutputs()?['body/new_dicomtagsid']}'\n"
                    },
                    "authentication": "@parameters('$authentication')"
                  }
                },
                "Apply_to_each-_Anonymized_Dicom_Tags": {
                  "foreach": "@outputs('List_rows-_Anonymized_or_Blinded_DICOM_Tags')?['body/value']",
                  "actions": {
                    "Condition_DOB_Anonymized_Rule": {
                      "actions": {
                        "Update_a_row_-_Anonymized_or_Blinded_Tags_3": {
                          "runAfter": {},
                          "metadata": {
                            "operationMetadataId": "b487fa00-deab-44ca-a364-142d24ac53ba"
                          },
                          "type": "OpenApiConnection",
                          "inputs": {
                            "host": {
                              "connectionName": "shared_commondataserviceforapps",
                              "operationId": "UpdateRecord",
                              "apiId": "/providers/Microsoft.PowerApps/apis/shared_commondataserviceforapps"
                            },
                            "parameters": {
                              "entityName": "mib_anonymizeddicomtagses",
                              "recordId": "@items('Apply_to_each-_Anonymized_Dicom_Tags')?['mib_anonymizeddicomtagsid']",
                              "item/mib_dicomtag@odata.bind": "/new_dicomtagses(@{triggerOutputs()?['body/new_dicomtagsid']})",
                              "item/mib_name": "@triggerOutputs()?['body/new_dicomname']",
                              "item/mib_studyconfiguration@odata.bind": "/new_studyversions(@{items('Apply_to_each_-_Study_Configuration(Status_is_Equal_Draft)')?['new_studyversionid']}) ",
                              "item/mib_isanonymized": false,
                              "item/mib_isblinded": "@triggerOutputs()?['body/mib_isblinded']",
                              "item/mib_keyword": "@triggerOutputs()?['body/new_keyword']",
                              "item/mib_tag": "@triggerOutputs()?['body/new_tag']",
                              "item/mib_vm": "@triggerOutputs()?['body/new_vm']",
                              "item/mib_vr": "@triggerOutputs()?['body/new_vr']"
                            },
                            "authentication": "@parameters('$authentication')"
                          }
                        }
                      },
                      "runAfter": {},
                      "else": {
                        "actions": {
                          "Update_a_row_-_Anonymized_or_Blinded_Tags": {
                            "runAfter": {},
                            "metadata": {
                              "operationMetadataId": "b487fa00-deab-44ca-a364-142d24ac53ba"
                            },
                            "type": "OpenApiConnection",
                            "inputs": {
                              "host": {
                                "connectionName": "shared_commondataserviceforapps",
                                "operationId": "UpdateRecord",
                                "apiId": "/providers/Microsoft.PowerApps/apis/shared_commondataserviceforapps"
                              },
                              "parameters": {
                                "entityName": "mib_anonymizeddicomtagses",
                                "recordId": "@items('Apply_to_each-_Anonymized_Dicom_Tags')?['mib_anonymizeddicomtagsid']",
                                "item/mib_dicomtag@odata.bind": "/new_dicomtagses(@{triggerOutputs()?['body/new_dicomtagsid']})",
                                "item/mib_name": "@triggerOutputs()?['body/new_dicomname']",
                                "item/mib_studyconfiguration@odata.bind": "/new_studyversions(@{items('Apply_to_each_-_Study_Configuration(Status_is_Equal_Draft)')?['new_studyversionid']}) ",
                                "item/mib_isanonymized": "@triggerOutputs()?['body/mib_isanonymized']",
                                "item/mib_isblinded": "@triggerOutputs()?['body/mib_isblinded']",
                                "item/mib_keyword": "@triggerOutputs()?['body/new_keyword']",
                                "item/mib_tag": "@triggerOutputs()?['body/new_tag']",
                                "item/mib_vm": "@triggerOutputs()?['body/new_vm']",
                                "item/mib_vr": "@triggerOutputs()?['body/new_vr']"
                              },
                              "authentication": "@parameters('$authentication')"
                            }
                          }
                        }
                      },
                      "expression": {
                        "and": [
                          {
                            "equals": [
                              "@items('Apply_to_each_-_Study_Configuration(Status_is_Equal_Draft)')?['mib_dobanonymizationrule']",
                              2
                            ]
                          },
                          {
                            "equals": [
                              "@triggerOutputs()?['body/new_tag']",
                              "(0010,0030)"
                            ]
                          }
                        ]
                      },
                      "metadata": {
                        "operationMetadataId": "d7551b6b-a137-49b2-b13a-58d34a481091"
                      },
                      "type": "If"
                    }
                  },
                  "runAfter": {
                    "List_rows-_Anonymized_or_Blinded_DICOM_Tags": [
                      "Succeeded"
                    ]
                  },
                  "metadata": {
                    "operationMetadataId": "b3c7825c-c255-49b3-8262-6bf54630bec1"
                  },
                  "type": "Foreach"
                }
              },
              "runAfter": {
                "List_rows-Study_Configuration(Status_is_equal_draft)": [
                  "Succeeded"
                ]
              },
              "metadata": {
                "operationMetadataId": "69f14efb-7167-40de-abf4-608d2472d3b4"
              },
              "type": "Foreach"
            }
          },
          "runAfter": {
            "Initialize_variable_-_Count": [
              "Succeeded"
            ]
          },
          "else": {
            "actions": {
              "List_rows-Study_Configuration(Status_is_equal_draft)_2": {
                "runAfter": {},
                "metadata": {
                  "operationMetadataId": "400c31e0-0ac7-4cd2-b561-077905ecf324"
                },
                "type": "OpenApiConnection",
                "inputs": {
                  "host": {
                    "connectionName": "shared_commondataserviceforapps",
                    "operationId": "ListRecords",
                    "apiId": "/providers/Microsoft.PowerApps/apis/shared_commondataserviceforapps"
                  },
                  "parameters": {
                    "entityName": "new_studyversions",
                    "$filter": "mib_status eq 1"
                  },
                  "authentication": "@parameters('$authentication')"
                }
              },
              "Apply_to_each_-_Study_Configuration(Status_is_Equal_Draft)_2": {
                "foreach": "@outputs('List_rows-Study_Configuration(Status_is_equal_draft)_2')?['body/value']",
                "actions": {
                  "List_rows-_Anonymized_or_Blinded_DICOM_Tags_2": {
                    "runAfter": {},
                    "metadata": {
                      "operationMetadataId": "3a7fedd3-f7ab-4da9-97b3-0c70934159ac"
                    },
                    "type": "OpenApiConnection",
                    "inputs": {
                      "host": {
                        "connectionName": "shared_commondataserviceforapps",
                        "operationId": "ListRecords",
                        "apiId": "/providers/Microsoft.PowerApps/apis/shared_commondataserviceforapps"
                      },
                      "parameters": {
                        "entityName": "mib_anonymizeddicomtagses",
                        "$filter": "_mib_studyconfiguration_value eq '@{items('Apply_to_each_-_Study_Configuration(Status_is_Equal_Draft)_2')?['new_studyversionid']}' and \n_mib_dicomtag_value eq '@{triggerOutputs()?['body/new_dicomtagsid']}'\n"
                      },
                      "authentication": "@parameters('$authentication')"
                    }
                  },
                  "Apply_to_each-_Anonymized_Dicom_Tags_2": {
                    "foreach": "@outputs('List_rows-_Anonymized_or_Blinded_DICOM_Tags_2')?['body/value']",
                    "actions": {
                      "Condition_2_-_DOB_Anonymized_Rule": {
                        "actions": {
                          "Update_a_row_-_Anonymized_or_Blinded_Tags_4": {
                            "runAfter": {},
                            "metadata": {
                              "operationMetadataId": "b487fa00-deab-44ca-a364-142d24ac53ba"
                            },
                            "type": "OpenApiConnection",
                            "inputs": {
                              "host": {
                                "connectionName": "shared_commondataserviceforapps",
                                "operationId": "UpdateRecord",
                                "apiId": "/providers/Microsoft.PowerApps/apis/shared_commondataserviceforapps"
                              },
                              "parameters": {
                                "entityName": "mib_anonymizeddicomtagses",
                                "recordId": "@items('Apply_to_each-_Anonymized_Dicom_Tags_2')?['mib_anonymizeddicomtagsid']",
                                "item/mib_dicomtag@odata.bind": "/new_dicomtagses(@{triggerOutputs()?['body/new_dicomtagsid']})",
                                "item/mib_name": "@triggerOutputs()?['body/new_dicomname']",
                                "item/mib_studyconfiguration@odata.bind": "/new_studyversions(@{items('Apply_to_each_-_Study_Configuration(Status_is_Equal_Draft)_2')?['new_studyversionid']}) ",
                                "item/mib_isanonymized": false,
                                "item/mib_isblinded": "@triggerOutputs()?['body/mib_isblinded']",
                                "item/mib_keyword": "@triggerOutputs()?['body/new_keyword']",
                                "item/mib_tag": "@triggerOutputs()?['body/new_tag']",
                                "item/mib_vm": "@triggerOutputs()?['body/new_vm']",
                                "item/mib_vr": "@triggerOutputs()?['body/new_vr']"
                              },
                              "authentication": "@parameters('$authentication')"
                            }
                          }
                        },
                        "runAfter": {},
                        "else": {
                          "actions": {
                            "Update_a_row_-_Anonymized_or_Blinded_Tags_2": {
                              "runAfter": {},
                              "metadata": {
                                "operationMetadataId": "b487fa00-deab-44ca-a364-142d24ac53ba"
                              },
                              "type": "OpenApiConnection",
                              "inputs": {
                                "host": {
                                  "connectionName": "shared_commondataserviceforapps",
                                  "operationId": "UpdateRecord",
                                  "apiId": "/providers/Microsoft.PowerApps/apis/shared_commondataserviceforapps"
                                },
                                "parameters": {
                                  "entityName": "mib_anonymizeddicomtagses",
                                  "recordId": "@items('Apply_to_each-_Anonymized_Dicom_Tags_2')?['mib_anonymizeddicomtagsid']",
                                  "item/mib_dicomtag@odata.bind": "/new_dicomtagses(@{triggerOutputs()?['body/new_dicomtagsid']})",
                                  "item/mib_name": "@triggerOutputs()?['body/new_dicomname']",
                                  "item/mib_studyconfiguration@odata.bind": "/new_studyversions(@{items('Apply_to_each_-_Study_Configuration(Status_is_Equal_Draft)_2')?['new_studyversionid']}) ",
                                  "item/mib_isanonymized": "@triggerOutputs()?['body/mib_isanonymized']",
                                  "item/mib_isblinded": "@triggerOutputs()?['body/mib_isblinded']",
                                  "item/mib_keyword": "@triggerOutputs()?['body/new_keyword']",
                                  "item/mib_tag": "@triggerOutputs()?['body/new_tag']",
                                  "item/mib_vm": "@triggerOutputs()?['body/new_vm']",
                                  "item/mib_vr": "@triggerOutputs()?['body/new_vr']"
                                },
                                "authentication": "@parameters('$authentication')"
                              }
                            }
                          }
                        },
                        "expression": {
                          "and": [
                            {
                              "equals": [
                                "@items('Apply_to_each_-_Study_Configuration(Status_is_Equal_Draft)_2')?['mib_dobanonymizationrule']",
                                2
                              ]
                            },
                            {
                              "equals": [
                                "@triggerOutputs()?['body/new_tag']",
                                "(0010,0030)"
                              ]
                            }
                          ]
                        },
                        "metadata": {
                          "operationMetadataId": "19e86d0c-f547-46ae-8dc8-28a5db6f9e15"
                        },
                        "type": "If"
                      }
                    },
                    "runAfter": {
                      "List_rows-_Anonymized_or_Blinded_DICOM_Tags_2": [
                        "Succeeded"
                      ]
                    },
                    "metadata": {
                      "operationMetadataId": "b3c7825c-c255-49b3-8262-6bf54630bec1"
                    },
                    "type": "Foreach"
                  }
                },
                "runAfter": {
                  "List_rows-Study_Configuration(Status_is_equal_draft)_2": [
                    "Succeeded"
                  ]
                },
                "metadata": {
                  "operationMetadataId": "69f14efb-7167-40de-abf4-608d2472d3b4"
                },
                "type": "Foreach"
              }
            }
          },
          "expression": {
            "equals": [
              "@triggerOutputs()?['body/mib_isstudiesselected']",
              "@true"
            ]
          },
          "metadata": {
            "operationMetadataId": "53e86e88-0a66-4c13-b212-0b8f35921d4c"
          },
          "type": "If"
        },
        "Condition_-_Selected_Ids_are_null_or_not": {
          "actions": {},
          "runAfter": {
            "Initialize_variable_-_SelectedStudyIdsArray": [
              "Succeeded"
            ]
          },
          "else": {
            "actions": {
              "Set_variable_-_Selected_Study_Ids_Array_set": {
                "runAfter": {},
                "metadata": {
                  "operationMetadataId": "75ac83e2-c4c2-4413-ac12-464bba0b8b94"
                },
                "type": "SetVariable",
                "inputs": {
                  "name": "SelectedStudyIdsArray",
                  "value": "@split(triggerOutputs()?['body/mib_selectedstudyid'], ',')"
                }
              }
            }
          },
          "expression": {
            "equals": [
              "@triggerOutputs()?['body/mib_selectedstudyid']",
              "@null"
            ]
          },
          "metadata": {
            "operationMetadataId": "488fdc47-33f8-4c5f-af88-e376e999b13d"
          },
          "type": "If"
        }
      },
      "outputs": {}
    }
  },
  "schemaVersion": "1.0.0.0"
}