{
  "properties": {
    "connectionReferences": {
      "shared_commondataserviceforapps_1": {
        "runtimeSource": "embedded",
        "connection": {
          "connectionReferenceLogicalName": "mib_MicrosoftDataverseMIBAdmin"
        },
        "api": {
          "name": "shared_commondataserviceforapps"
        }
      }
    },
    "definition": {
      "$schema": "https://schema.management.azure.com/providers/Microsoft.Logic/schemas/2016-06-01/workflowdefinition.json#",
      "contentVersion": "1.0.0.0",
      "parameters": {
        "$connections": {
          "defaultValue": {},
          "type": "Object"
        },
        "$authentication": {
          "defaultValue": {},
          "type": "SecureObject"
        }
      },
      "triggers": {
        "manual": {
          "metadata": {
            "operationMetadataId": "12471148-62d6-4597-af51-8c2485182a30"
          },
          "type": "Request",
          "kind": "Button",
          "inputs": {
            "schema": {
              "type": "object",
              "properties": {},
              "required": []
            }
          }
        }
      },
      "actions": {
        "List_Site_Events": {
          "runAfter": {
            "Initialize_Count_variable": [
              "Succeeded"
            ]
          },
          "metadata": {
            "operationMetadataId": "343b3683-d17c-4d38-b99a-20765c9f9719"
          },
          "type": "OpenApiConnection",
          "inputs": {
            "host": {
              "connectionName": "shared_commondataserviceforapps_1",
              "operationId": "ListRecords",
              "apiId": "/providers/Microsoft.PowerApps/apis/shared_commondataserviceforapps"
            },
            "parameters": {
              "entityName": "mib_siteevents"
            },
            "authentication": {
              "type": "Raw",
              "value": "@json(decodeBase64(triggerOutputs().headers['X-MS-APIM-Tokens']))['$ConnectionKey']"
            }
          }
        },
        "Foreach_Site_Event": {
          "foreach": "@outputs('List_Site_Events')?['body/value']",
          "actions": {
            "Delete_Site_Event": {
              "runAfter": {},
              "metadata": {
                "operationMetadataId": "dac19abf-f42f-4af6-97c0-d26e6e776d19"
              },
              "type": "OpenApiConnection",
              "inputs": {
                "host": {
                  "connectionName": "shared_commondataserviceforapps_1",
                  "operationId": "DeleteRecord",
                  "apiId": "/providers/Microsoft.PowerApps/apis/shared_commondataserviceforapps"
                },
                "parameters": {
                  "entityName": "mib_siteevents",
                  "recordId": "@items('Foreach_Site_Event')?['mib_siteeventid']"
                },
                "authentication": {
                  "type": "Raw",
                  "value": "@json(decodeBase64(triggerOutputs().headers['X-MS-APIM-Tokens']))['$ConnectionKey']"
                }
              }
            },
            "Increment_Count_variable_by_one": {
              "runAfter": {
                "Delete_Site_Event": [
                  "Succeeded"
                ]
              },
              "metadata": {
                "operationMetadataId": "ee611c69-215f-40a8-b760-f26c368ac865"
              },
              "type": "IncrementVariable",
              "inputs": {
                "name": "Count",
                "value": 1
              }
            }
          },
          "runAfter": {
            "List_Site_Events": [
              "Succeeded"
            ]
          },
          "metadata": {
            "operationMetadataId": "1e33338c-0af6-4c5f-8429-0872c2fbad8a"
          },
          "type": "Foreach",
          "runtimeConfiguration": {
            "concurrency": {
              "repetitions": 20
            }
          }
        },
        "Response": {
          "runAfter": {
            "Foreach_Site_Event": [
              "Succeeded"
            ]
          },
          "metadata": {
            "operationMetadataId": "4bf589f4-a116-4213-8bd5-096ff5a4f8fd"
          },
          "type": "Response",
          "kind": "Http",
          "inputs": {
            "statusCode": 200,
            "body": {
              "DateTime": "@utcnow()",
              "Count": "@variables('Count')"
            }
          }
        },
        "Initialize_Count_variable": {
          "runAfter": {},
          "metadata": {
            "operationMetadataId": "75beb16f-c9b9-41ed-9204-a4b3b57f379d"
          },
          "type": "InitializeVariable",
          "inputs": {
            "variables": [
              {
                "name": "Count",
                "type": "integer",
                "value": 0
              }
            ]
          }
        }
      },
      "outputs": {}
    }
  },
  "schemaVersion": "1.0.0.0"
}