{
  "properties": {
    "connectionReferences": {
      "shared_commondataserviceforapps": {
        "runtimeSource": "embedded",
        "connection": {
          "connectionReferenceLogicalName": "mib_MicrosoftDataverseMIBAdmin"
        },
        "api": {
          "name": "shared_commondataserviceforapps"
        }
      },
      "shared_commondataserviceforapps_2": {
        "runtimeSource": "embedded",
        "connection": {
          "connectionReferenceLogicalName": "mib_MicrosoftDataverseMIBAdmin"
        },
        "api": {
          "name": "shared_commondataserviceforapps"
        }
      }
    },
    "definition": {
      "$schema": "https://schema.management.azure.com/providers/Microsoft.Logic/schemas/2016-06-01/workflowdefinition.json#",
      "contentVersion": "1.0.0.0",
      "parameters": {
        "$connections": {
          "defaultValue": {},
          "type": "Object"
        },
        "$authentication": {
          "defaultValue": {},
          "type": "SecureObject"
        }
      },
      "triggers": {
        "When_a_event_sequence_is_modified_": {
          "metadata": {
            "operationMetadataId": "4011357d-8557-4cc0-9472-e20bd9f746dd"
          },
          "type": "OpenApiConnectionWebhook",
          "inputs": {
            "host": {
              "connectionName": "shared_commondataserviceforapps",
              "operationId": "SubscribeWebhookTrigger",
              "apiId": "/providers/Microsoft.PowerApps/apis/shared_commondataserviceforapps"
            },
            "parameters": {
              "subscriptionRequest/message": 3,
              "subscriptionRequest/entityname": "mib_studyevent",
              "subscriptionRequest/scope": 4
            },
            "authentication": "@parameters('$authentication')"
          }
        }
      },
      "actions": {
        "Condition_2": {
          "actions": {
            "Terminate_2": {
              "runAfter": {},
              "metadata": {
                "operationMetadataId": "2c9c910c-e962-4561-bc76-6cfcb68f3cb4"
              },
              "type": "Terminate",
              "inputs": {
                "runStatus": "Cancelled"
              }
            }
          },
          "runAfter": {
            "List_rows_-_Study_Sites": [
              "Succeeded"
            ]
          },
          "else": {
            "actions": {
              "Apply_to_each": {
                "foreach": "@outputs('List_rows_-_Study_Sites')?['body/value']",
                "actions": {
                  "List_rows_of_study_site_events": {
                    "runAfter": {},
                    "metadata": {
                      "operationMetadataId": "3bc3007c-1797-424c-968b-82491d0ce25e"
                    },
                    "type": "OpenApiConnection",
                    "inputs": {
                      "host": {
                        "connectionName": "shared_commondataserviceforapps",
                        "operationId": "ListRecords",
                        "apiId": "/providers/Microsoft.PowerApps/apis/shared_commondataserviceforapps"
                      },
                      "parameters": {
                        "entityName": "mib_studysiteevents",
                        "$filter": "_mib_siteevent_value eq '@{triggerOutputs()?['body/_mib_siteeventnamelookup_value']}' and _mib_cr6ee_studysite_value eq '@{items('Apply_to_each')?['cr6ee_studysiteid']}'"
                      },
                      "authentication": "@parameters('$authentication')"
                    }
                  },
                  "Condition": {
                    "actions": {},
                    "runAfter": {
                      "List_rows_of_study_site_events": [
                        "Succeeded"
                      ]
                    },
                    "else": {
                      "actions": {
                        "Apply_to_each_3": {
                          "foreach": "@outputs('List_rows_of_study_site_events')?['body/value']",
                          "actions": {
                            "Update_a_row": {
                              "runAfter": {},
                              "metadata": {
                                "operationMetadataId": "f6457fc6-acae-4afe-944c-dc7d54e62d05"
                              },
                              "type": "OpenApiConnection",
                              "inputs": {
                                "host": {
                                  "connectionName": "shared_commondataserviceforapps_2",
                                  "operationId": "UpdateRecord",
                                  "apiId": "/providers/Microsoft.PowerApps/apis/shared_commondataserviceforapps"
                                },
                                "parameters": {
                                  "entityName": "mib_studysiteevents",
                                  "recordId": "@items('Apply_to_each_3')?['mib_studysiteeventid']",
                                  "item/mib_eventsequence": "@triggerOutputs()?['body/mib_eventsequence']",
                                  "item/mib_sitequalificationmarker": "@triggerOutputs()?['body/mib_sitequalificationmarker']"
                                },
                                "authentication": "@parameters('$authentication')"
                              }
                            }
                          },
                          "runAfter": {},
                          "metadata": {
                            "operationMetadataId": "c830fb7d-be84-4e92-971f-1792a23b9248"
                          },
                          "type": "Foreach"
                        }
                      }
                    },
                    "expression": {
                      "equals": [
                        "@empty(outputs('List_rows_of_study_site_events')?['body/value'])",
                        "@true"
                      ]
                    },
                    "metadata": {
                      "operationMetadataId": "d2d9f9c1-6815-43c3-8c8b-426acc9be978"
                    },
                    "type": "If"
                  }
                },
                "runAfter": {},
                "metadata": {
                  "operationMetadataId": "061608de-8fe8-43ab-8367-e7509a622b3c"
                },
                "type": "Foreach"
              }
            }
          },
          "expression": {
            "equals": [
              "@empty(outputs('List_rows_-_Study_Sites')?['body/value'])",
              "@true"
            ]
          },
          "metadata": {
            "operationMetadataId": "342b3bfd-bb88-46eb-b51d-ba4a628be58c"
          },
          "type": "If"
        },
        "List_rows_-_Study_Sites": {
          "runAfter": {},
          "metadata": {
            "operationMetadataId": "a7ceaaa2-405d-43b8-8bc9-3379239a69ad"
          },
          "type": "OpenApiConnection",
          "inputs": {
            "host": {
              "connectionName": "shared_commondataserviceforapps_2",
              "operationId": "ListRecords",
              "apiId": "/providers/Microsoft.PowerApps/apis/shared_commondataserviceforapps"
            },
            "parameters": {
              "entityName": "cr6ee_studysites",
              "$filter": "_new_study_value eq '@{triggerOutputs()?['body/_mib_new_study_value']}'"
            },
            "authentication": "@parameters('$authentication')"
          }
        }
      },
      "outputs": {}
    }
  },
  "schemaVersion": "1.0.0.0"
}