{
  "properties": {
    "connectionReferences": {
      "shared_commondataserviceforapps": {
        "runtimeSource": "embedded",
        "connection": {
          "connectionReferenceLogicalName": "mib_MicrosoftDataverseMIBAdmin"
        },
        "api": {
          "name": "shared_commondataserviceforapps"
        }
      }
    },
    "definition": {
      "$schema": "https://schema.management.azure.com/providers/Microsoft.Logic/schemas/2016-06-01/workflowdefinition.json#",
      "contentVersion": "1.0.0.0",
      "parameters": {
        "$connections": {
          "defaultValue": {},
          "type": "Object"
        },
        "$authentication": {
          "defaultValue": {},
          "type": "SecureObject"
        }
      },
      "triggers": {
        "When_a_row_is_added,_modified_or_deleted_2": {
          "metadata": {
            "operationMetadataId": "5d4f825c-ae99-4f50-99a8-b288d5756fd5"
          },
          "type": "OpenApiConnectionWebhook",
          "inputs": {
            "host": {
              "connectionName": "shared_commondataserviceforapps",
              "operationId": "SubscribeWebhookTrigger",
              "apiId": "/providers/Microsoft.PowerApps/apis/shared_commondataserviceforapps"
            },
            "parameters": {
              "subscriptionRequest/message": 1,
              "subscriptionRequest/entityname": "mib_studyevent",
              "subscriptionRequest/scope": 4,
              "subscriptionRequest/name": "d7dc64fa-3600-ec11-94ef-0022481e1941"
            },
            "authentication": "@parameters('$authentication')"
          }
        }
      },
      "actions": {
        "List_rows_of_study_site": {
          "runAfter": {},
          "metadata": {
            "operationMetadataId": "d225963f-31ea-409d-8995-50e3b9cbba87"
          },
          "type": "OpenApiConnection",
          "inputs": {
            "host": {
              "connectionName": "shared_commondataserviceforapps",
              "operationId": "ListRecords",
              "apiId": "/providers/Microsoft.PowerApps/apis/shared_commondataserviceforapps"
            },
            "parameters": {
              "entityName": "cr6ee_studysites",
              "$filter": "_new_study_value eq '@{triggerOutputs()?['body/_mib_new_study_value']}'"
            },
            "authentication": "@parameters('$authentication')"
          }
        },
        "Apply_to_each_Study_Site": {
          "foreach": "@outputs('List_rows_of_study_site')?['body/value']",
          "actions": {
            "Add_a_new_row_in_study_site_event": {
              "runAfter": {},
              "metadata": {
                "operationMetadataId": "7cc0ceac-4245-42e0-8022-ba3ea080a936"
              },
              "type": "OpenApiConnection",
              "inputs": {
                "host": {
                  "connectionName": "shared_commondataserviceforapps",
                  "operationId": "CreateRecord",
                  "apiId": "/providers/Microsoft.PowerApps/apis/shared_commondataserviceforapps"
                },
                "parameters": {
                  "entityName": "mib_studysiteevents",
                  "item/mib_studyeventnamelookup@odata.bind": "/mib_studyevents(@{triggerOutputs()?['body/mib_studyeventid']})",
                  "item/mib_siteevent@odata.bind": "/mib_studysiteevents(@{triggerOutputs()?['body/_mib_siteeventnamelookup_value']})",
                  "item/mib_eventsequence": "@triggerOutputs()?['body/mib_eventsequence']",
                  "item/mib_sitequalificationmarker": "@triggerOutputs()?['body/mib_sitequalificationmarker']",
                  "item/mib_cr6ee_StudySite@odata.bind": "/cr6ee_studysites(@{items('Apply_to_each_Study_Site')?['cr6ee_studysiteid']})"
                },
                "authentication": "@parameters('$authentication')"
              }
            }
          },
          "runAfter": {
            "List_rows_of_study_site": [
              "Succeeded"
            ]
          },
          "metadata": {
            "operationMetadataId": "a4901b91-3905-4c00-b3c6-fa74403c9ab8"
          },
          "type": "Foreach"
        }
      },
      "outputs": {}
    }
  },
  "schemaVersion": "1.0.0.0"
}