{
  "properties": {
    "connectionReferences": {
      "shared_commondataserviceforapps": {
        "runtimeSource": "embedded",
        "connection": {
          "connectionReferenceLogicalName": "mib_MicrosoftDataverseMIBAdmin"
        },
        "api": {
          "name": "shared_commondataserviceforapps"
        }
      },
      "shared_office365_1": {
        "runtimeSource": "embedded",
        "connection": {
          "connectionReferenceLogicalName": "mib_sharedoffice365_7e85d"
        },
        "api": {
          "name": "shared_office365"
        }
      }
    },
    "definition": {
      "$schema": "https://schema.management.azure.com/providers/Microsoft.Logic/schemas/2016-06-01/workflowdefinition.json#",
      "contentVersion": "1.0.0.0",
      "parameters": {
        "$connections": {
          "defaultValue": {},
          "type": "Object"
        },
        "$authentication": {
          "defaultValue": {},
          "type": "SecureObject"
        }
      },
      "triggers": {
        "When_a_row_is_added,_modified_or_deleted": {
          "metadata": {
            "operationMetadataId": "30b0710e-2f01-4494-9803-629acf0e540f"
          },
          "type": "OpenApiConnectionWebhook",
          "inputs": {
            "host": {
              "connectionName": "shared_commondataserviceforapps",
              "operationId": "SubscribeWebhookTrigger",
              "apiId": "/providers/Microsoft.PowerApps/apis/shared_commondataserviceforapps"
            },
            "parameters": {
              "subscriptionRequest/message": 3,
              "subscriptionRequest/entityname": "mib_ambraqcform",
              "subscriptionRequest/scope": 4,
              "subscriptionRequest/filteringattributes": "ownerid,mib_versionnumber"
            },
            "authentication": "@parameters('$authentication')"
          }
        }
      },
      "actions": {
        "Initialize_variable": {
          "runAfter": {},
          "metadata": {
            "operationMetadataId": "1176e762-27bd-4971-b082-6c4f7d7d4514"
          },
          "type": "InitializeVariable",
          "inputs": {
            "variables": [
              {
                "name": "Emails",
                "type": "string"
              }
            ]
          }
        },
        "List_rows": {
          "runAfter": {
            "Initialize_variable": [
              "Succeeded"
            ]
          },
          "metadata": {
            "operationMetadataId": "bbfa46ce-e1a4-40f9-939e-52090d18df13"
          },
          "type": "OpenApiConnection",
          "inputs": {
            "host": {
              "connectionName": "shared_commondataserviceforapps",
              "operationId": "ListRecords",
              "apiId": "/providers/Microsoft.PowerApps/apis/shared_commondataserviceforapps"
            },
            "parameters": {
              "entityName": "systemusers",
              "fetchXml": "<fetch mapping=\"logical\" output-format=\"xml-platform\" version=\"1.0\" distinct=\"true\" > \n  <entity name=\"systemuser\" > \n    <attribute name=\"fullname\" /> \n    <attribute name=\"systemuserid\" /> \n    <attribute name=\"internalemailaddress\" /> \n    <order descending=\"false\" attribute=\"fullname\" /> \n    <link-entity name=\"teammembership\" visible=\"false\" to=\"systemuserid\" from=\"systemuserid\" intersect=\"true\" > \n      <link-entity name=\"team\" to=\"teamid\" from=\"teamid\" alias=\"ac\" > \n        <filter type=\"and\" > \n          <condition value=\"@{triggerOutputs()?['body/_ownerid_value']}\" attribute=\"teamid\" operator=\"eq\" /> \n        </filter> \n      </link-entity> \n    </link-entity> \n  </entity> \n</fetch>"
            },
            "authentication": "@parameters('$authentication')"
          }
        },
        "Condition": {
          "actions": {},
          "runAfter": {
            "List_rows": [
              "Succeeded"
            ]
          },
          "else": {
            "actions": {
              "Apply_to_each": {
                "foreach": "@outputs('List_rows')?['body/value']",
                "actions": {
                  "Append_to_string_variable": {
                    "runAfter": {},
                    "metadata": {
                      "operationMetadataId": "9a950182-2eb4-4ba7-8a99-cb6317a79e52"
                    },
                    "type": "AppendToStringVariable",
                    "inputs": {
                      "name": "Emails",
                      "value": "@{items('Apply_to_each')?['internalemailaddress']};"
                    }
                  }
                },
                "runAfter": {},
                "metadata": {
                  "operationMetadataId": "80d0135b-cf02-49ed-8cc4-a8dab8ded574"
                },
                "type": "Foreach"
              }
            }
          },
          "expression": {
            "equals": [
              "@empty(outputs('List_rows')?['body/value'])",
              "@true"
            ]
          },
          "metadata": {
            "operationMetadataId": "d0d6d5dc-51ba-4507-b737-75500eb9bf1d"
          },
          "type": "If"
        },
        "Condition_2": {
          "actions": {},
          "runAfter": {
            "Condition": [
              "Succeeded"
            ]
          },
          "else": {
            "actions": {
              "Get_a_row_by_ID": {
                "runAfter": {},
                "metadata": {
                  "operationMetadataId": "4b5e1211-9636-4537-94a1-8d62eee56b40"
                },
                "type": "OpenApiConnection",
                "inputs": {
                  "host": {
                    "connectionName": "shared_commondataserviceforapps",
                    "operationId": "GetItem",
                    "apiId": "/providers/Microsoft.PowerApps/apis/shared_commondataserviceforapps"
                  },
                  "parameters": {
                    "entityName": "systemusers",
                    "recordId": "@triggerOutputs()?['body/_createdby_value']"
                  },
                  "authentication": "@parameters('$authentication')"
                }
              },
              "Send_an_email_(V2)_2": {
                "runAfter": {
                  "Get_a_row_by_ID": [
                    "Succeeded"
                  ]
                },
                "metadata": {
                  "operationMetadataId": "68e9b63c-b858-477f-8d89-5092041aeedb"
                },
                "type": "OpenApiConnection",
                "inputs": {
                  "host": {
                    "connectionName": "shared_office365_1",
                    "operationId": "SendEmailV2",
                    "apiId": "/providers/Microsoft.PowerApps/apis/shared_office365"
                  },
                  "parameters": {
                    "emailMessage/To": "@variables('Emails')",
                    "emailMessage/Subject": "New QC form template for review",
                    "emailMessage/Body": "<p>A new QC form template is ready for review.<br>\n<br>\n<strong>Name:</strong> @{triggerOutputs()?['body/mib_filename']}<br>\n<strong>Version: </strong><strong>@{triggerOutputs()?['body/mib_versionnumber']}</strong><strong></strong><br>\n<strong>Uploaded by:</strong> @{outputs('Get_a_row_by_ID')?['body/firstname']} @{outputs('Get_a_row_by_ID')?['body/lastname']}</p>"
                  },
                  "authentication": "@parameters('$authentication')"
                }
              }
            }
          },
          "expression": {
            "equals": [
              "@length(variables('Emails'))",
              0
            ]
          },
          "metadata": {
            "operationMetadataId": "9b7c7ea9-43c7-4097-8cb1-13cc5360c39c"
          },
          "type": "If"
        }
      },
      "outputs": {}
    }
  },
  "schemaVersion": "1.0.0.0"
}