{
  "properties": {
    "connectionReferences": {},
    "definition": {
      "$schema": "https://schema.management.azure.com/providers/Microsoft.Logic/schemas/2016-06-01/workflowdefinition.json#",
      "contentVersion": "1.0.0.0",
      "parameters": {
        "$authentication": {
          "defaultValue": {},
          "type": "SecureObject"
        }
      },
      "triggers": {
        "manual": {
          "metadata": {
            "operationMetadataId": "57e03e9c-0e9f-44ca-9287-8fbbf2f61747"
          },
          "type": "Request",
          "kind": "Button",
          "inputs": {
            "schema": {
              "type": "object",
              "properties": {},
              "required": []
            }
          }
        }
      },
      "actions": {
        "Process_Removal": {
          "actions": {
            "Finalize_Output": {
              "runAfter": {
                "Remove_Invalid_Characters": [
                  "Succeeded"
                ]
              },
              "metadata": {
                "operationMetadataId": "0d28e7de-91bc-4b73-bbcf-7e234975a185"
              },
              "type": "Compose",
              "inputs": "@join(body('Remove_Invalid_Characters'), '')"
            },
            "Remove_Invalid_Characters": {
              "runAfter": {},
              "metadata": {
                "operationMetadataId": "5c6134a6-c3ce-4094-993b-fd1409f24071"
              },
              "type": "Select",
              "inputs": {
                "from": "@range(0, length(outputs('String_To_Modify')))",
                "select": "@if(contains(outputs('Invalid_Characters'), substring(outputs('String_To_Modify'), item(), 1)),'',substring(outputs('String_To_Modify'), item(), 1))"
              }
            }
          },
          "runAfter": {
            "String_To_Modify": [
              "Succeeded"
            ]
          },
          "metadata": {
            "operationMetadataId": "cec38b02-eeb0-4b74-96d4-0a0eb6212d60"
          },
          "type": "Scope"
        },
        "Invalid_Characters": {
          "runAfter": {
            "Parse_JSON": [
              "Succeeded"
            ]
          },
          "metadata": {
            "operationMetadataId": "ba9fa3d8-d6a3-469a-a1b3-19ad13568f5d"
          },
          "type": "Compose",
          "inputs": [
            "\u0000",
            "\u0001"
          ]
        },
        "String_To_Modify": {
          "runAfter": {
            "Invalid_Characters": [
              "Succeeded"
            ]
          },
          "metadata": {
            "operationMetadataId": "729b509a-6cf6-4e09-97cc-138775157dc5"
          },
          "type": "Compose",
          "inputs": "@body('Parse_JSON')?['value']"
        },
        "Respond_to_a_PowerApp_or_flow": {
          "runAfter": {
            "Process_Removal": [
              "Succeeded"
            ]
          },
          "metadata": {
            "operationMetadataId": "5367b7e7-8999-4c4e-88c2-3f8679d1b9ea"
          },
          "type": "Response",
          "kind": "PowerApp",
          "inputs": {
            "statusCode": 200,
            "body": {
              "return_value": "@{outputs('Finalize_Output')}"
            },
            "schema": {
              "type": "object",
              "properties": {
                "return_value": {
                  "title": "return_value",
                  "x-ms-dynamically-added": true,
                  "type": "string"
                }
              }
            }
          }
        },
        "Initialize_varJSON": {
          "runAfter": {},
          "metadata": {
            "operationMetadataId": "1cb247a7-463f-4ba5-b560-7930b3f2b64e"
          },
          "type": "InitializeVariable",
          "inputs": {
            "variables": [
              {
                "name": "varJSON",
                "type": "string",
                "value": "{\n\n  \"name\": \"Requesting Physician\",\n\n  \"group\": 50,\n\n  \"element\": 4146,\n\n  \"vr\": \"PN\",\n\n  \"vl\": 24,\n\n  \"initialTagValue\": 3280946,\n\n  \"simpleValue\": \"BLACKWELL^KEITH^E^^M.D.\\u0000\",\n\n  \"value\": \"BLACKWELL^KEITH^E^^M.D.\\u0000\",\n\n  \"items\": null\n\n}"
              }
            ]
          }
        },
        "Parse_JSON": {
          "runAfter": {
            "Initialize_varJSON": [
              "Succeeded"
            ]
          },
          "metadata": {
            "operationMetadataId": "142bbd1a-cf99-430e-8d07-eb8ece0fb077"
          },
          "type": "ParseJson",
          "inputs": {
            "content": "@variables('varJSON')",
            "schema": {
              "type": "object",
              "properties": {
                "name": {
                  "type": "string"
                },
                "group": {
                  "type": "integer"
                },
                "element": {
                  "type": "integer"
                },
                "simpleValue": {
                  "type": [
                    "string",
                    "null"
                  ]
                },
                "value": {
                  "type": [
                    "string",
                    "null"
                  ]
                },
                "items": {
                  "type": [
                    "array",
                    "null"
                  ]
                }
              }
            }
          }
        }
      },
      "outputs": {}
    }
  },
  "schemaVersion": "1.0.0.0"
}