{
  "properties": {
    "connectionReferences": {
      "shared_commondataserviceforapps": {
        "runtimeSource": "embedded",
        "connection": {
          "connectionReferenceLogicalName": "mib_MicrosoftDataverseMIBAdmin"
        },
        "api": {
          "name": "shared_commondataserviceforapps"
        }
      }
    },
    "definition": {
      "$schema": "https://schema.management.azure.com/providers/Microsoft.Logic/schemas/2016-06-01/workflowdefinition.json#",
      "contentVersion": "1.0.0.0",
      "parameters": {
        "$connections": {
          "defaultValue": {},
          "type": "Object"
        },
        "$authentication": {
          "defaultValue": {},
          "type": "SecureObject"
        }
      },
      "triggers": {
        "When_a_row_is_added,_modified_or_deleted": {
          "metadata": {
            "operationMetadataId": "55c0dbb7-b19b-4429-9223-8cdfc9828e87"
          },
          "type": "OpenApiConnectionWebhook",
          "inputs": {
            "host": {
              "connectionName": "shared_commondataserviceforapps",
              "operationId": "SubscribeWebhookTrigger",
              "apiId": "/providers/Microsoft.PowerApps/apis/shared_commondataserviceforapps"
            },
            "parameters": {
              "subscriptionRequest/message": 3,
              "subscriptionRequest/entityname": "new_studyversion",
              "subscriptionRequest/scope": 4
            },
            "authentication": "@parameters('$authentication')"
          }
        }
      },
      "actions": {
        "Condition": {
          "actions": {
            "List_rows_-_Actual_Visits": {
              "runAfter": {},
              "metadata": {
                "operationMetadataId": "d85a29ef-7f06-47b3-9f5a-7fb6e4c1feef"
              },
              "type": "OpenApiConnection",
              "inputs": {
                "host": {
                  "connectionName": "shared_commondataserviceforapps",
                  "operationId": "ListRecords",
                  "apiId": "/providers/Microsoft.PowerApps/apis/shared_commondataserviceforapps"
                },
                "parameters": {
                  "entityName": "cr420_subjectvisits",
                  "fetchXml": "<fetch version=\"1.0\" output-format=\"xml-platform\" mapping=\"logical\" distinct=\"false\">\n  <entity name=\"cr420_subjectvisit\">\n    <attribute name=\"cr420_planneddate\" />\n<attribute name=\"mib_expedited\" />\n<attribute name=\"cr420_visitname\" />\n<attribute name=\"cr420_visitwindow\" />\n<attribute name=\"mib_arm\" />\n    <attribute name=\"cr420_subjectvisitid\" />\n <attribute name=\"mib_visitschedule\" />\n    <order attribute=\"cr420_visitmissing\" descending=\"false\" />\n    <link-entity name=\"new_studyvisit\" from=\"new_studyvisitid\" to=\"new_armvisit\" visible=\"false\" link-type=\"outer\" alias=\"a_1a8b1f94a7b7eb118236002248218473\">\n      <attribute name=\"new_visitwindow\" />\n      <attribute name=\"new_visitname\" />\n    </link-entity>\n    <link-entity name=\"new_studysitesubjects\" from=\"new_studysitesubjectsid\" to=\"new_studysitesubject\" link-type=\"inner\" alias=\"am\">\n<attribute name=\"new_subjectnumber\" />\n<attribute name=\"new_subjectid\" />\n<attribute name=\"new_baselinedate\" />\n<attribute name=\"new_enrollmentdate\" />\n<attribute name=\"new_randomizationdate\" />\n<attribute name=\"new_schedulingdate\" />\n<attribute name=\"new_screeningdate\" />\n<attribute name=\"new_dosingdate\" />\n<attribute name=\"mib_firstvisit\" />\n<attribute name=\"new_name\" />\n      <link-entity name=\"cr6ee_studysite\" from=\"cr6ee_studysiteid\" to=\"new_studysite\" link-type=\"inner\" alias=\"an\">\n        <link-entity name=\"new_study\" from=\"new_studyid\" to=\"new_study\" link-type=\"inner\" alias=\"ao\">\n          <filter type=\"and\">\n            <condition attribute=\"new_studyid\" operator=\"eq\" value=\"@{triggerOutputs()?['body/_mib_study_value']}\" />\n          </filter>\n        </link-entity>\n      </link-entity>\n    </link-entity>\n  </entity>\n</fetch>"
                },
                "authentication": "@parameters('$authentication')"
              }
            },
            "Apply_to_each": {
              "foreach": "@outputs('List_rows_-_Actual_Visits')?['body/value']",
              "actions": {
                "Compose": {
                  "runAfter": {},
                  "metadata": {
                    "operationMetadataId": "733f2a92-d460-4740-a428-40165a2cf42e"
                  },
                  "type": "Compose",
                  "inputs": "@outputs('List_rows_-_Actual_Visits')?['body/value']"
                },
                "Set_variable": {
                  "runAfter": {
                    "Compose": [
                      "Succeeded"
                    ]
                  },
                  "metadata": {
                    "operationMetadataId": "db40ca39-76ff-43bc-8b0b-754dde35c2e0"
                  },
                  "type": "SetVariable",
                  "inputs": {
                    "name": "VisitScheduleName",
                    "value": "@{items('Apply_to_each')?['_mib_visitschedule_value@OData.Community.Display.V1.FormattedValue']}"
                  }
                },
                "List_rows_-_ExpectedVisitSchedules": {
                  "runAfter": {
                    "Set_variable_2": [
                      "Succeeded"
                    ]
                  },
                  "metadata": {
                    "operationMetadataId": "9f2c82b0-ab3c-44d6-8584-00c6d336958b"
                  },
                  "type": "OpenApiConnection",
                  "inputs": {
                    "host": {
                      "connectionName": "shared_commondataserviceforapps",
                      "operationId": "ListRecords",
                      "apiId": "/providers/Microsoft.PowerApps/apis/shared_commondataserviceforapps"
                    },
                    "parameters": {
                      "entityName": "mib_expectedvisitschedules",
                      "fetchXml": "<fetch version=\"1.0\" output-format=\"xml-platform\" mapping=\"logical\" distinct=\"false\">\n  <entity name=\"mib_expectedvisitschedule\">\n    <attribute name=\"mib_expectedvisitscheduleid\" />\n    <attribute name=\"mib_name\" />\n    <attribute name=\"createdon\" />\n<attribute name=\"mib_softdelete\" />\n    <order attribute=\"createdon\" descending=\"true\" />\n    <filter type=\"and\">\n      <condition attribute=\"mib_name\" operator=\"eq\"  value=\"@{variables('VisitScheduleName')}\" />\n    </filter>\n    <link-entity name=\"new_studyversion\" from=\"new_studyversionid\" to=\"mib_studyconfiguration\" link-type=\"inner\" alias=\"ae\">\n      <link-entity name=\"new_study\" from=\"new_studyid\" to=\"mib_study\" link-type=\"inner\" alias=\"af\">\n        <filter type=\"and\">\n          <condition attribute=\"new_studyid\" operator=\"eq\"  value=\"@{variables('StudyId')}\" />\n        </filter>\n      </link-entity>\n    </link-entity>\n  </entity>\n</fetch>",
                      "$top": 1
                    },
                    "authentication": "@parameters('$authentication')"
                  }
                },
                "Apply_to_each_2": {
                  "foreach": "@outputs('List_rows_-_ExpectedVisitSchedules')?['body/value']",
                  "actions": {
                    "Condition_2": {
                      "actions": {
                        "Compose_2": {
                          "runAfter": {},
                          "metadata": {
                            "operationMetadataId": "8755c919-c934-4f11-ba15-af0c915e71f2"
                          },
                          "type": "Compose",
                          "inputs": "@items('Apply_to_each')?['cr420_visitname']"
                        },
                        "Compose_3": {
                          "runAfter": {
                            "Compose_2": [
                              "Succeeded"
                            ]
                          },
                          "metadata": {
                            "operationMetadataId": "09948692-546d-4c93-811e-cd1c7b8f3acb"
                          },
                          "type": "Compose",
                          "inputs": "@items('Apply_to_each')?['cr420_subjectvisitid']"
                        },
                        "Compose_4": {
                          "runAfter": {
                            "Compose_3": [
                              "Succeeded"
                            ]
                          },
                          "metadata": {
                            "operationMetadataId": "c9410fc7-823d-4daf-8cc4-417481ae5b93"
                          },
                          "type": "Compose",
                          "inputs": "@items('Apply_to_each')?['cr420_planneddate']"
                        },
                        "Condition_3": {
                          "actions": {
                            "Compose_5": {
                              "runAfter": {},
                              "metadata": {
                                "operationMetadataId": "5786f90a-77f0-44b4-8513-0102c3838c19"
                              },
                              "type": "Compose",
                              "inputs": "@items('Apply_to_each')?['cr420_visitname']"
                            },
                            "Try_-_Scope": {
                              "actions": {
                                "Delete_a_row": {
                                  "runAfter": {},
                                  "metadata": {
                                    "operationMetadataId": "e9df0971-5e24-4572-b4fe-8659a373ae48"
                                  },
                                  "type": "OpenApiConnection",
                                  "inputs": {
                                    "host": {
                                      "connectionName": "shared_commondataserviceforapps",
                                      "operationId": "DeleteRecord",
                                      "apiId": "/providers/Microsoft.PowerApps/apis/shared_commondataserviceforapps"
                                    },
                                    "parameters": {
                                      "entityName": "cr420_subjectvisits",
                                      "recordId": "@items('Apply_to_each')?['cr420_subjectvisitid']"
                                    },
                                    "authentication": "@parameters('$authentication')"
                                  }
                                }
                              },
                              "runAfter": {
                                "Compose_5": [
                                  "Succeeded"
                                ]
                              },
                              "metadata": {
                                "operationMetadataId": "a2d05559-4ffe-4c22-bc31-21c0616e4ae2"
                              },
                              "type": "Scope"
                            },
                            "Catch_-_Scope": {
                              "actions": {},
                              "runAfter": {
                                "Try_-_Scope": [
                                  "Failed",
                                  "TimedOut"
                                ]
                              },
                              "metadata": {
                                "operationMetadataId": "11d05723-1dea-4de8-a670-9b2877876625"
                              },
                              "type": "Scope"
                            },
                            "Finally_-_Scope": {
                              "actions": {
                                "Compose_11": {
                                  "runAfter": {},
                                  "metadata": {
                                    "operationMetadataId": "a2118d4a-366c-4083-b045-c6b161a85204"
                                  },
                                  "type": "Compose",
                                  "inputs": "@true"
                                }
                              },
                              "runAfter": {
                                "Catch_-_Scope": [
                                  "Succeeded"
                                ]
                              },
                              "metadata": {
                                "operationMetadataId": "c47fe55a-4ff2-441b-a318-923626112d90"
                              },
                              "type": "Scope"
                            }
                          },
                          "runAfter": {
                            "Compose_4": [
                              "Succeeded"
                            ]
                          },
                          "expression": {
                            "greater": [
                              "@items('Apply_to_each')?['cr420_planneddate']",
                              "@utcNow()"
                            ]
                          },
                          "metadata": {
                            "operationMetadataId": "84adb5c4-904c-40da-a7ba-c32731e27fbe"
                          },
                          "type": "If"
                        }
                      },
                      "runAfter": {},
                      "else": {
                        "actions": {
                          "List_rows_-_ARM_Visits": {
                            "runAfter": {},
                            "metadata": {
                              "operationMetadataId": "85fa8901-549d-4e5d-83cd-5b48bcb1e020"
                            },
                            "type": "OpenApiConnection",
                            "inputs": {
                              "host": {
                                "connectionName": "shared_commondataserviceforapps",
                                "operationId": "ListRecords",
                                "apiId": "/providers/Microsoft.PowerApps/apis/shared_commondataserviceforapps"
                              },
                              "parameters": {
                                "entityName": "mib_expectedarmvisits",
                                "fetchXml": "<fetch version=\"1.0\" output-format=\"xml-platform\" mapping=\"logical\" distinct=\"false\">\n  <entity name=\"mib_expectedarmvisit\">\n    <attribute name=\"mib_expectedarmvisitid\" />\n    <attribute name=\"mib_name\" />\n    <attribute name=\"createdon\" />\n<attribute name=\"mib_softdelete\" />\n    <order attribute=\"createdon\" descending=\"true\" />\n    <filter type=\"and\">\n      <condition attribute=\"mib_name\" operator=\"eq\" value=\"@{variables('VisitName')}\" />\n    </filter>\n    <link-entity name=\"new_studyversion\" from=\"new_studyversionid\" to=\"mib_studyconfiguration\" link-type=\"inner\" alias=\"ai\">\n      <link-entity name=\"new_study\" from=\"new_studyid\" to=\"mib_study\" link-type=\"inner\" alias=\"aj\">\n        <filter type=\"and\">\n          <condition attribute=\"new_studyid\" operator=\"eq\"  value=\"@{variables('StudyId')}\" />\n        </filter>\n      </link-entity>\n    </link-entity>\n  </entity>\n</fetch>",
                                "$top": 1
                              },
                              "authentication": "@parameters('$authentication')"
                            }
                          },
                          "Compose_6": {
                            "runAfter": {
                              "List_rows_-_ARM_Visits": [
                                "Succeeded"
                              ]
                            },
                            "metadata": {
                              "operationMetadataId": "f125ae0e-1c84-4a65-82ac-802e721f754f"
                            },
                            "type": "Compose",
                            "inputs": "@outputs('List_rows_-_ARM_Visits')?['body/value']"
                          },
                          "Apply_to_each_3": {
                            "foreach": "@outputs('List_rows_-_ARM_Visits')?['body/value']",
                            "actions": {
                              "Compose_9": {
                                "runAfter": {},
                                "metadata": {
                                  "operationMetadataId": "c8ddb0bb-eb1e-4f29-9014-6d0d81999afa"
                                },
                                "type": "Compose",
                                "inputs": "@items('Apply_to_each_3')?['mib_softdelete']"
                              },
                              "Condition_4": {
                                "actions": {
                                  "Compose_7": {
                                    "runAfter": {},
                                    "metadata": {
                                      "operationMetadataId": "33eb6a1f-ad50-4f06-a925-44c93f30fa89"
                                    },
                                    "type": "Compose",
                                    "inputs": "@items('Apply_to_each')?['cr420_subjectvisitid']"
                                  },
                                  "Compose_8": {
                                    "runAfter": {
                                      "Compose_7": [
                                        "Succeeded"
                                      ]
                                    },
                                    "metadata": {
                                      "operationMetadataId": "cd9127d4-83ee-47cf-9552-56dacf6f17aa"
                                    },
                                    "type": "Compose",
                                    "inputs": "@variables('VisitName')"
                                  },
                                  "Condition_5": {
                                    "actions": {
                                      "Try_-_Scope2": {
                                        "actions": {
                                          "Delete_a_row_2": {
                                            "runAfter": {},
                                            "metadata": {
                                              "operationMetadataId": "e2fb1c86-ee0f-4088-b667-5a4433646189"
                                            },
                                            "type": "OpenApiConnection",
                                            "inputs": {
                                              "host": {
                                                "connectionName": "shared_commondataserviceforapps",
                                                "operationId": "DeleteRecord",
                                                "apiId": "/providers/Microsoft.PowerApps/apis/shared_commondataserviceforapps"
                                              },
                                              "parameters": {
                                                "entityName": "cr420_subjectvisits",
                                                "recordId": "@items('Apply_to_each')?['cr420_subjectvisitid']"
                                              },
                                              "authentication": "@parameters('$authentication')"
                                            }
                                          }
                                        },
                                        "runAfter": {},
                                        "metadata": {
                                          "operationMetadataId": "3f3a9a9b-36cf-40fc-afee-bff15f7deedf"
                                        },
                                        "type": "Scope"
                                      },
                                      "Catch_-_Scope_2": {
                                        "actions": {},
                                        "runAfter": {
                                          "Try_-_Scope2": [
                                            "Failed",
                                            "TimedOut"
                                          ]
                                        },
                                        "metadata": {
                                          "operationMetadataId": "57a882af-9b48-4f0e-a784-232ac348e054"
                                        },
                                        "type": "Scope"
                                      },
                                      "Finally_-_Scope_2": {
                                        "actions": {
                                          "Compose_12": {
                                            "runAfter": {},
                                            "metadata": {
                                              "operationMetadataId": "cd63202d-c660-4e39-a76e-235f204c5216"
                                            },
                                            "type": "Compose",
                                            "inputs": "@true"
                                          }
                                        },
                                        "runAfter": {
                                          "Catch_-_Scope_2": [
                                            "Succeeded",
                                            "Failed",
                                            "Skipped",
                                            "TimedOut"
                                          ]
                                        },
                                        "metadata": {
                                          "operationMetadataId": "f75a8bdf-aa48-49b4-aea6-033e8bc6b855"
                                        },
                                        "type": "Scope"
                                      }
                                    },
                                    "runAfter": {
                                      "Compose_10": [
                                        "Succeeded"
                                      ]
                                    },
                                    "expression": {
                                      "greater": [
                                        "@items('Apply_to_each')?['cr420_planneddate']",
                                        "@utcNow()"
                                      ]
                                    },
                                    "metadata": {
                                      "operationMetadataId": "063e9a7e-6e99-42ca-9737-81663e95317b"
                                    },
                                    "type": "If"
                                  },
                                  "Compose_10": {
                                    "runAfter": {
                                      "Compose_8": [
                                        "Succeeded"
                                      ]
                                    },
                                    "metadata": {
                                      "operationMetadataId": "5adf0b17-3457-404a-96aa-8cb9af1d3b2e"
                                    },
                                    "type": "Compose",
                                    "inputs": "@items('Apply_to_each')?['cr420_planneddate']"
                                  }
                                },
                                "runAfter": {
                                  "Compose_9": [
                                    "Succeeded"
                                  ]
                                },
                                "expression": {
                                  "equals": [
                                    "@items('Apply_to_each_3')?['mib_softdelete']",
                                    "@bool(1)"
                                  ]
                                },
                                "metadata": {
                                  "operationMetadataId": "28c0659b-f07f-4e97-bef3-b829b65be363"
                                },
                                "type": "If"
                              }
                            },
                            "runAfter": {
                              "Compose_6": [
                                "Succeeded"
                              ]
                            },
                            "metadata": {
                              "operationMetadataId": "942d0e2e-007d-4799-9aaf-236aadf99eae"
                            },
                            "type": "Foreach"
                          }
                        }
                      },
                      "expression": {
                        "equals": [
                          "@items('Apply_to_each_2')?['mib_softdelete']",
                          "@bool(1)"
                        ]
                      },
                      "metadata": {
                        "operationMetadataId": "7287f698-e6a9-4e3a-9fb8-5d74238dd800"
                      },
                      "type": "If"
                    }
                  },
                  "runAfter": {
                    "List_rows_-_ExpectedVisitSchedules": [
                      "Succeeded"
                    ]
                  },
                  "metadata": {
                    "operationMetadataId": "120d3244-00ef-472d-814b-74ed63904f52"
                  },
                  "type": "Foreach"
                },
                "Set_variable_2": {
                  "runAfter": {
                    "Set_variable": [
                      "Succeeded"
                    ]
                  },
                  "metadata": {
                    "operationMetadataId": "7108e7b1-8cf8-4526-b318-04d3a01679fc"
                  },
                  "type": "SetVariable",
                  "inputs": {
                    "name": "VisitName",
                    "value": "@items('Apply_to_each')?['cr420_visitname']"
                  }
                }
              },
              "runAfter": {
                "List_rows_-_Actual_Visits": [
                  "Succeeded"
                ]
              },
              "metadata": {
                "operationMetadataId": "39a4aa87-bbe9-41c2-a05e-0bc7c8045f61"
              },
              "type": "Foreach"
            }
          },
          "runAfter": {
            "Initialize_variable_3": [
              "Succeeded"
            ]
          },
          "expression": {
            "equals": [
              "@triggerOutputs()?['body/mib_status']",
              6
            ]
          },
          "metadata": {
            "operationMetadataId": "8ad003eb-8e7f-4978-ac3e-3725c6f0e3e1"
          },
          "type": "If"
        },
        "Initialize_variable": {
          "runAfter": {},
          "metadata": {
            "operationMetadataId": "59f216d1-6920-471a-85c2-a89580173abf"
          },
          "type": "InitializeVariable",
          "inputs": {
            "variables": [
              {
                "name": "VisitScheduleName",
                "type": "string"
              }
            ]
          }
        },
        "Initialize_variable_2": {
          "runAfter": {
            "Initialize_variable": [
              "Succeeded"
            ]
          },
          "metadata": {
            "operationMetadataId": "846044eb-d3f9-41d9-863f-a6a5f3f5d710"
          },
          "type": "InitializeVariable",
          "inputs": {
            "variables": [
              {
                "name": "StudyId",
                "type": "string",
                "value": "@triggerOutputs()?['body/_mib_study_value']"
              }
            ]
          }
        },
        "Initialize_variable_3": {
          "runAfter": {
            "Initialize_variable_2": [
              "Succeeded"
            ]
          },
          "metadata": {
            "operationMetadataId": "72970fd6-aca0-4d47-8842-653704cf9cb7"
          },
          "type": "InitializeVariable",
          "inputs": {
            "variables": [
              {
                "name": "VisitName",
                "type": "string"
              }
            ]
          }
        }
      }
    }
  },
  "schemaVersion": "1.0.0.0"
}