{
  "properties": {
    "connectionReferences": {
      "shared_commondataserviceforapps": {
        "runtimeSource": "embedded",
        "connection": {
          "connectionReferenceLogicalName": "mib_MicrosoftDataverseMIBAdmin"
        },
        "api": {
          "name": "shared_commondataserviceforapps"
        }
      }
    },
    "definition": {
      "$schema": "https://schema.management.azure.com/providers/Microsoft.Logic/schemas/2016-06-01/workflowdefinition.json#",
      "contentVersion": "1.0.0.0",
      "parameters": {
        "$connections": {
          "defaultValue": {},
          "type": "Object"
        },
        "$authentication": {
          "defaultValue": {},
          "type": "SecureObject"
        }
      },
      "triggers": {
        "manual": {
          "metadata": {
            "operationMetadataId": "e7b4351f-dd79-4911-a0f6-4267ea3dfc85"
          },
          "type": "Request",
          "kind": "Button",
          "inputs": {
            "schema": {
              "type": "object",
              "properties": {
                "text": {
                  "title": "study_site_id",
                  "type": "string",
                  "x-ms-dynamically-added": true,
                  "description": "study_site_id",
                  "x-ms-content-hint": "TEXT"
                },
                "text_1": {
                  "title": "image_series_id",
                  "type": "string",
                  "x-ms-dynamically-added": true,
                  "description": "image_series_id",
                  "x-ms-content-hint": "TEXT"
                }
              },
              "required": [
                "text",
                "text_1"
              ]
            }
          }
        }
      },
      "actions": {
        "Get_a_row_by_Study_Site_": {
          "runAfter": {
            "Initialize_varSerialNumber": [
              "Succeeded"
            ]
          },
          "metadata": {
            "operationMetadataId": "8dd9b708-02f6-4598-bbda-7e0ea3690e4d"
          },
          "type": "OpenApiConnection",
          "inputs": {
            "host": {
              "connectionName": "shared_commondataserviceforapps",
              "operationId": "GetItem",
              "apiId": "/providers/Microsoft.PowerApps/apis/shared_commondataserviceforapps"
            },
            "parameters": {
              "entityName": "cr6ee_studysites",
              "recordId": "@triggerBody()['text']"
            },
            "authentication": {
              "type": "Raw",
              "value": "@json(decodeBase64(triggerOutputs().headers['X-MS-APIM-Tokens']))['$ConnectionKey']"
            }
          }
        },
        "Respond_to_a_PowerApp_or_flow": {
          "runAfter": {
            "Create_Study_Site_Equipment_if_not_found": [
              "Succeeded"
            ]
          },
          "metadata": {
            "operationMetadataId": "9c7d485e-814c-4b63-8c76-839f430f6737"
          },
          "type": "Response",
          "kind": "PowerApp",
          "inputs": {
            "statusCode": 200,
            "body": {
              "status": "200"
            },
            "schema": {
              "type": "object",
              "properties": {
                "status": {
                  "title": "status",
                  "x-ms-dynamically-added": true,
                  "type": "string"
                }
              }
            }
          }
        },
        "Get_Image_Dicom_Tags_by_Image_Series": {
          "runAfter": {
            "Get_a_row_by_Study_Site_": [
              "Succeeded"
            ]
          },
          "metadata": {
            "operationMetadataId": "7313bb16-67d6-4434-8784-a639a21e8110"
          },
          "type": "OpenApiConnection",
          "inputs": {
            "host": {
              "connectionName": "shared_commondataserviceforapps",
              "operationId": "ListRecords",
              "apiId": "/providers/Microsoft.PowerApps/apis/shared_commondataserviceforapps"
            },
            "parameters": {
              "entityName": "mib_imagedicomtags",
              "fetchXml": "<fetch version=\"1.0\" output-format=\"xml-platform\" mapping=\"logical\" distinct=\"false\">\n  <entity name=\"mib_imagedicomtag\">\n    <attribute name=\"mib_imagedicomtagid\" />\n    <attribute name=\"mib_name\" />\n    <attribute name=\"createdon\" />\n    <attribute name=\"mib_value\" />\n    <attribute name=\"mib_code\" />\n    <order attribute=\"mib_name\" descending=\"false\" />\n    <filter type=\"and\">\n      <filter type=\"and\">\n        <condition attribute=\"mib_imageseries\" operator=\"eq\" \n uitype=\"mib_imageseries\" value=\"@{triggerBody()['text_1']}\" />\n        <filter type=\"or\">\n          <condition attribute=\"mib_code\" operator=\"eq\" value=\"(0008,1010)\" />\n          <condition attribute=\"mib_code\" operator=\"eq\" value=\"(0008,0070)\" />\n          <condition attribute=\"mib_code\" operator=\"eq\" value=\"(0008,1090)\" />\n          <condition attribute=\"mib_code\" operator=\"eq\" value=\"(0018,1000)\" />\n        </filter>\n      </filter>\n    </filter>\n  </entity>\n</fetch>"
            },
            "authentication": {
              "type": "Raw",
              "value": "@json(decodeBase64(triggerOutputs().headers['X-MS-APIM-Tokens']))['$ConnectionKey']"
            }
          }
        },
        "Get_site": {
          "runAfter": {
            "For_each_Image_Dicom_Tag": [
              "Succeeded"
            ]
          },
          "metadata": {
            "operationMetadataId": "a2802058-0721-4009-bc1b-f1b1fe6982b9"
          },
          "type": "OpenApiConnection",
          "inputs": {
            "host": {
              "connectionName": "shared_commondataserviceforapps",
              "operationId": "ListRecords",
              "apiId": "/providers/Microsoft.PowerApps/apis/shared_commondataserviceforapps"
            },
            "parameters": {
              "entityName": "new_sites",
              "fetchXml": "<fetch version=\"1.0\" output-format=\"xml-platform\" mapping=\"logical\" distinct=\"true\">\n  <entity name=\"new_site\">\n    <attribute name=\"new_siteid\" />\n    <attribute name=\"new_sitename\" />\n    <attribute name=\"createdon\" />\n    <order attribute=\"new_sitename\" descending=\"false\" />\n    <link-entity name=\"cr6ee_studysite\" from=\"new_site\" to=\"new_siteid\" link-type=\"inner\" alias=\"ac\">\n      <filter type=\"and\">\n        <condition attribute=\"new_site\" operator=\"eq\" uitype=\"new_site\" value=\"@{outputs('Get_a_row_by_Study_Site_')?['body/_new_site_value']}\" />\n      </filter>\n    </link-entity>\n  </entity>\n</fetch>",
              "$top": 1
            },
            "authentication": {
              "type": "Raw",
              "value": "@json(decodeBase64(triggerOutputs().headers['X-MS-APIM-Tokens']))['$ConnectionKey']"
            }
          }
        },
        "Get_Global_Site_Equipment": {
          "runAfter": {
            "Get_site": [
              "Succeeded"
            ]
          },
          "metadata": {
            "operationMetadataId": "d9846022-2d77-45a8-862f-7ab031d99a56"
          },
          "type": "OpenApiConnection",
          "inputs": {
            "host": {
              "connectionName": "shared_commondataserviceforapps",
              "operationId": "ListRecords",
              "apiId": "/providers/Microsoft.PowerApps/apis/shared_commondataserviceforapps"
            },
            "parameters": {
              "entityName": "new_siteequipments",
              "fetchXml": "<fetch version=\"1.0\" output-format=\"xml-platform\" mapping=\"logical\" distinct=\"false\">\n  <entity name=\"new_siteequipment\">\n    <attribute name=\"new_siteequipmentid\" />\n    <attribute name=\"new_scannertype\" />\n    <attribute name=\"createdon\" />\n    <order attribute=\"new_scannertype\" descending=\"false\" />\n    <filter type=\"and\">\n      <condition attribute=\"cr420_new_site\" operator=\"eq\" uitype=\"new_site\" value=\"@{actions('Get_Site').outputs.body.value[0].new_siteid}\" />\n<condition attribute=\"new_make\" operator=\"eq\" value=\"@{variables('varMake')}\" />\n      <condition attribute=\"new_model\" operator=\"eq\" value=\"@{variables('varModel')}\" />\n      <condition attribute=\"new_scannertype\" operator=\"eq\" value=\"@{variables('varScannerType')}\" />\n<condition attribute=\"statecode\" operator=\"eq\" value=\"0\" />\n    </filter>\n  </entity>\n</fetch>"
            },
            "authentication": {
              "type": "Raw",
              "value": "@json(decodeBase64(triggerOutputs().headers['X-MS-APIM-Tokens']))['$ConnectionKey']"
            }
          }
        },
        "Create_Site_Equipment_if_not_found": {
          "actions": {},
          "runAfter": {
            "Get_Global_Site_Equipment": [
              "Succeeded"
            ]
          },
          "else": {
            "actions": {
              "Add_Global_Site_Equipment": {
                "runAfter": {},
                "metadata": {
                  "operationMetadataId": "d57c8143-2060-4c1a-836f-91376a7fb2d6"
                },
                "type": "OpenApiConnection",
                "inputs": {
                  "host": {
                    "connectionName": "shared_commondataserviceforapps",
                    "operationId": "CreateRecord",
                    "apiId": "/providers/Microsoft.PowerApps/apis/shared_commondataserviceforapps"
                  },
                  "parameters": {
                    "entityName": "new_siteequipments",
                    "item/new_make": "@variables('varMake')",
                    "item/new_mediatypes": "100000000",
                    "item/new_model": "@variables('varModel')",
                    "item/new_scannertype": "@variables('varScannerType')",
                    "item/mib_serialnumber": "@variables('varSerialNumber')",
                    "item/cr420_new_Site@odata.bind": "/new_sites/@{actions('Get_Site').outputs.body.value[0].new_siteid}"
                  },
                  "authentication": {
                    "type": "Raw",
                    "value": "@json(decodeBase64(triggerOutputs().headers['X-MS-APIM-Tokens']))['$ConnectionKey']"
                  }
                }
              }
            }
          },
          "expression": {
            "greaterOrEquals": [
              "@length(outputs('Get_Global_Site_Equipment')?['body/value'])",
              1
            ]
          },
          "metadata": {
            "operationMetadataId": "db81153a-6816-4880-8dec-438c8ef62fc8"
          },
          "type": "If"
        },
        "Initialize_varScannerType": {
          "runAfter": {},
          "metadata": {
            "operationMetadataId": "6cedb405-2620-461d-b364-ab81fbf7c407"
          },
          "type": "InitializeVariable",
          "inputs": {
            "variables": [
              {
                "name": "varScannerType",
                "type": "string"
              }
            ]
          }
        },
        "Initialize_varMake": {
          "runAfter": {
            "Initialize_varScannerType": [
              "Succeeded"
            ]
          },
          "metadata": {
            "operationMetadataId": "d2fa1845-c4be-488a-9f00-01d679a50f62"
          },
          "type": "InitializeVariable",
          "inputs": {
            "variables": [
              {
                "name": "varMake",
                "type": "string"
              }
            ]
          }
        },
        "Initialize_varModel": {
          "runAfter": {
            "Initialize_varMake": [
              "Succeeded"
            ]
          },
          "metadata": {
            "operationMetadataId": "b4a3eb91-eb1d-42e8-a8c0-b4d1265f2dfc"
          },
          "type": "InitializeVariable",
          "inputs": {
            "variables": [
              {
                "name": "varModel",
                "type": "string"
              }
            ]
          }
        },
        "Initialize_varSerialNumber": {
          "runAfter": {
            "Initialize_varModel": [
              "Succeeded"
            ]
          },
          "metadata": {
            "operationMetadataId": "a284534d-0f22-4930-87ce-c89153d5585a"
          },
          "type": "InitializeVariable",
          "inputs": {
            "variables": [
              {
                "name": "varSerialNumber",
                "type": "string"
              }
            ]
          }
        },
        "For_each_Image_Dicom_Tag": {
          "foreach": "@outputs('Get_Image_Dicom_Tags_by_Image_Series')?['body/value']",
          "actions": {
            "Switch": {
              "runAfter": {},
              "cases": {
                "Case_(0008,1010)": {
                  "case": "(0008,1010)",
                  "actions": {
                    "Set_varScannerType": {
                      "runAfter": {},
                      "type": "SetVariable",
                      "inputs": {
                        "name": "varScannerType",
                        "value": "@items('For_each_Image_Dicom_Tag')?['mib_value']"
                      }
                    }
                  }
                },
                "Case_(0008,0070)": {
                  "case": "(0008,0070)",
                  "actions": {
                    "Set_varMake": {
                      "runAfter": {},
                      "type": "SetVariable",
                      "inputs": {
                        "name": "varMake",
                        "value": "@items('For_each_Image_Dicom_Tag')?['mib_value']"
                      }
                    }
                  }
                },
                "Case_(0008,1090)": {
                  "case": "(0008,1090)",
                  "actions": {
                    "Set_varModel": {
                      "runAfter": {},
                      "type": "SetVariable",
                      "inputs": {
                        "name": "varModel",
                        "value": "@items('For_each_Image_Dicom_Tag')?['mib_value']"
                      }
                    }
                  }
                },
                "Case_(0018,1000)": {
                  "case": "(0018,1000)",
                  "actions": {
                    "Set_varSerialNumber": {
                      "runAfter": {},
                      "type": "SetVariable",
                      "inputs": {
                        "name": "varSerialNumber",
                        "value": "@items('For_each_Image_Dicom_Tag')?['mib_value']"
                      }
                    }
                  }
                }
              },
              "default": {
                "actions": {}
              },
              "expression": "@items('For_each_Image_Dicom_Tag')?['mib_code']",
              "metadata": {
                "operationMetadataId": "e762ebb5-c77d-42a7-abb4-193894055ae5"
              },
              "type": "Switch"
            }
          },
          "runAfter": {
            "Terminate_if_not_all_codes_are_found": [
              "Succeeded"
            ]
          },
          "metadata": {
            "operationMetadataId": "a3e8815c-669d-4a64-9571-0a5d9231c0d0"
          },
          "type": "Foreach"
        },
        "Get_Study_Site_Equipment": {
          "runAfter": {
            "Create_Site_Equipment_if_not_found": [
              "Succeeded"
            ]
          },
          "metadata": {
            "operationMetadataId": "773cf5b6-154a-4d40-8fd1-f4c985491ea3"
          },
          "type": "OpenApiConnection",
          "inputs": {
            "host": {
              "connectionName": "shared_commondataserviceforapps",
              "operationId": "ListRecords",
              "apiId": "/providers/Microsoft.PowerApps/apis/shared_commondataserviceforapps"
            },
            "parameters": {
              "entityName": "new_studysiteequipmentses",
              "fetchXml": "<fetch version=\"1.0\" output-format=\"xml-platform\" mapping=\"logical\" distinct=\"false\">\n  <entity name=\"new_studysiteequipments\">\n    <attribute name=\"new_studysiteequipmentsid\" />\n    <attribute name=\"new_name\" />\n    <attribute name=\"createdon\" />\n    <order attribute=\"new_name\" descending=\"false\" />\n    <filter type=\"and\">\n      <condition attribute=\"new_studysite\" operator=\"eq\"  uitype=\"cr6ee_studysite\" value=\"@{triggerBody()['text']}\" />\n      <condition attribute=\"new_make\" operator=\"eq\" value=\"@{variables('varMake')}\" />\n      <condition attribute=\"new_model\" operator=\"eq\" value=\"@{variables('varModel')}\" />\n      <condition attribute=\"new_scannertype\" operator=\"eq\" value=\"@{variables('varScannerType')}\" />\n<condition attribute=\"statecode\" operator=\"eq\" value=\"0\" />\n    </filter>\n  </entity>\n</fetch>"
            },
            "authentication": {
              "type": "Raw",
              "value": "@json(decodeBase64(triggerOutputs().headers['X-MS-APIM-Tokens']))['$ConnectionKey']"
            }
          }
        },
        "Create_Study_Site_Equipment_if_not_found": {
          "actions": {},
          "runAfter": {
            "Get_Study_Site_Equipment": [
              "Succeeded"
            ]
          },
          "else": {
            "actions": {
              "Add_Study_Site_Equipment": {
                "runAfter": {},
                "metadata": {
                  "operationMetadataId": "9f98313a-3edc-401d-9274-fecf36be7010"
                },
                "type": "OpenApiConnection",
                "inputs": {
                  "host": {
                    "connectionName": "shared_commondataserviceforapps",
                    "operationId": "CreateRecord",
                    "apiId": "/providers/Microsoft.PowerApps/apis/shared_commondataserviceforapps"
                  },
                  "parameters": {
                    "entityName": "new_studysiteequipmentses",
                    "item/new_siteequipment@odata.bind": "/new_siteequipments/@{if(greaterOrEquals(length(outputs('Get_Global_Site_Equipment')?['body/value']), 1), actions('Get_Global_Site_Equipment').outputs.body.value[0].new_siteequipmentid, actions('Add_Global_Site_Equipment').outputs.body.new_siteequipmentid)}",
                    "item/new_make": "@variables('varMake')",
                    "item/cr420_mediatypes": "100000000",
                    "item/new_model": "@variables('varModel')",
                    "item/new_scannertype": "@variables('varScannerType')",
                    "item/mib_serialnumber": "@variables('varSerialNumber')",
                    "item/new_studysite@odata.bind": "/cr6ee_studysites/@{triggerBody()['text']}"
                  },
                  "authentication": {
                    "type": "Raw",
                    "value": "@json(decodeBase64(triggerOutputs().headers['X-MS-APIM-Tokens']))['$ConnectionKey']"
                  }
                }
              }
            }
          },
          "expression": {
            "greaterOrEquals": [
              "@length(outputs('Get_Study_Site_Equipment')?['body/value'])",
              1
            ]
          },
          "metadata": {
            "operationMetadataId": "6e36af67-b4b4-4d59-8aa9-1c25230405b0"
          },
          "type": "If"
        },
        "Terminate_if_not_all_codes_are_found": {
          "actions": {},
          "runAfter": {
            "Get_Image_Dicom_Tags_by_Image_Series": [
              "Succeeded"
            ]
          },
          "else": {
            "actions": {
              "Respond_to_a_PowerApp_or_flow_2": {
                "runAfter": {},
                "metadata": {
                  "operationMetadataId": "c53d687a-f34a-4c51-b4a0-517f551003c3"
                },
                "type": "Response",
                "kind": "PowerApp",
                "inputs": {
                  "statusCode": 200,
                  "body": {
                    "status": "200"
                  },
                  "schema": {
                    "type": "object",
                    "properties": {
                      "status": {
                        "title": "status",
                        "x-ms-dynamically-added": true,
                        "type": "string"
                      }
                    }
                  }
                }
              }
            }
          },
          "expression": {
            "greaterOrEquals": [
              "@length(outputs('Get_Image_Dicom_Tags_by_Image_Series')?['body/value'])",
              4
            ]
          },
          "metadata": {
            "operationMetadataId": "4960991a-c1d0-47e0-96d7-9d165e3e92a4"
          },
          "type": "If"
        }
      },
      "outputs": {}
    }
  },
  "schemaVersion": "1.0.0.0"
}