{
  "properties": {
    "connectionReferences": {
      "shared_commondataserviceforapps": {
        "runtimeSource": "embedded",
        "connection": {
          "connectionReferenceLogicalName": "mib_sharedcommondataserviceforapps_4e197"
        },
        "api": {
          "name": "shared_commondataserviceforapps"
        }
      },
      "shared_office365_1": {
        "runtimeSource": "embedded",
        "connection": {
          "connectionReferenceLogicalName": "mib_sharedoffice365_0fd7b"
        },
        "api": {
          "name": "shared_office365"
        }
      }
    },
    "definition": {
      "$schema": "https://schema.management.azure.com/providers/Microsoft.Logic/schemas/2016-06-01/workflowdefinition.json#",
      "contentVersion": "1.0.0.0",
      "parameters": {
        "$connections": {
          "defaultValue": {},
          "type": "Object"
        },
        "$authentication": {
          "defaultValue": {},
          "type": "SecureObject"
        }
      },
      "triggers": {
        "When_a_row_is_added,_modified_or_deleted": {
          "metadata": {
            "operationMetadataId": "bb7f043e-ec72-4e33-a300-f7b74d1b1430"
          },
          "type": "OpenApiConnectionWebhook",
          "inputs": {
            "host": {
              "connectionName": "shared_commondataserviceforapps",
              "operationId": "SubscribeWebhookTrigger",
              "apiId": "/providers/Microsoft.PowerApps/apis/shared_commondataserviceforapps"
            },
            "parameters": {
              "subscriptionRequest/message": 3,
              "subscriptionRequest/entityname": "new_studyversion",
              "subscriptionRequest/scope": 4,
              "subscriptionRequest/filterexpression": "mib_status eq 2"
            },
            "authentication": "@parameters('$authentication')"
          }
        }
      },
      "actions": {
        "List_rows-_Users": {
          "runAfter": {
            "Get_a_row_by_ID_-_Teams": [
              "Succeeded"
            ]
          },
          "metadata": {
            "operationMetadataId": "05d59073-1edd-45d9-9f0e-42ecee9ebe20"
          },
          "type": "OpenApiConnection",
          "inputs": {
            "host": {
              "connectionName": "shared_commondataserviceforapps",
              "operationId": "ListRecords",
              "apiId": "/providers/Microsoft.PowerApps/apis/shared_commondataserviceforapps"
            },
            "parameters": {
              "entityName": "systemusers",
              "fetchXml": "<fetch version=\"1.0\" output-format=\"xml-platform\" mapping=\"logical\" distinct=\"true\">\n  <entity name=\"systemuser\">\n    <attribute name=\"fullname\" />\n    <attribute name=\"businessunitid\" />\n    <attribute name=\"title\" />\n <attribute name=\"internalemailaddress\" />\n    <attribute name=\"address1_telephone1\" />\n    <attribute name=\"positionid\" />\n    <attribute name=\"systemuserid\" />\n    <order attribute=\"fullname\" descending=\"false\" />\n    <link-entity name=\"teammembership\" from=\"systemuserid\" to=\"systemuserid\" visible=\"false\" intersect=\"true\">\n      <link-entity name=\"team\" from=\"teamid\" to=\"teamid\" alias=\"af\">\n      <attribute name=\"emailaddress\" />\n        <filter type=\"and\">\n          <condition attribute=\"teamid\" operator=\"eq\" value=\"@{outputs('Get_a_row_by_ID_-_Teams')?['body/teamid']}\" />\n        </filter>\n      </link-entity>\n    </link-entity>\n  </entity>\n</fetch>"
            },
            "authentication": "@parameters('$authentication')"
          }
        },
        "Apply_to_each_-_Users": {
          "foreach": "@outputs('List_rows-_Users')?['body/value']",
          "actions": {
            "Send_an_email_(V2)": {
              "runAfter": {},
              "metadata": {
                "operationMetadataId": "88bc9ce9-0544-4653-8b0e-321b26503d27"
              },
              "type": "OpenApiConnection",
              "inputs": {
                "host": {
                  "connectionName": "shared_office365_1",
                  "operationId": "SendEmailV2",
                  "apiId": "/providers/Microsoft.PowerApps/apis/shared_office365"
                },
                "parameters": {
                  "emailMessage/To": "@items('Apply_to_each_-_Users')?['internalemailaddress']",
                  "emailMessage/Subject": "@{outputs('Get_a_row_by_ID_-_Study')?['body/new_name']} @{triggerOutputs()?['body/new_versionnumber']} submitted for verification",
                  "emailMessage/Body": "<p>Please&nbsp;verify&nbsp;the&nbsp;following&nbsp;study<br>\n<br>\n&nbsp;&nbsp;&nbsp;&nbsp;&nbsp;&nbsp;&nbsp;&nbsp;&nbsp;&nbsp;&nbsp;&nbsp;&nbsp;&nbsp;&nbsp;&nbsp;&nbsp;&nbsp;&nbsp;&nbsp;Study&nbsp;TIMS:&nbsp;@{outputs('Get_a_row_by_ID_-_Study')?['body/new_name']}<br>\n<br>\n&nbsp;&nbsp;&nbsp;&nbsp;&nbsp;&nbsp;&nbsp;&nbsp;&nbsp;&nbsp;&nbsp;&nbsp;&nbsp;&nbsp;&nbsp;&nbsp;&nbsp;&nbsp;&nbsp;&nbsp;Study&nbsp;Title:&nbsp;@{outputs('Get_a_row_by_ID_-_Study')?['body/mib_title']}<br>\n<br>\n&nbsp;&nbsp;&nbsp;&nbsp;&nbsp;&nbsp;&nbsp;&nbsp;&nbsp;&nbsp;&nbsp;&nbsp;&nbsp;&nbsp;Version&nbsp;Number:&nbsp;@{triggerOutputs()?['body/new_versionnumber']}<br>\n<br>\n&nbsp;&nbsp;&nbsp;&nbsp;&nbsp;&nbsp;&nbsp;&nbsp;&nbsp;&nbsp;&nbsp;&nbsp;&nbsp;&nbsp;Comment:&nbsp;@{triggerOutputs()?['body/mib_comments']}</p>"
                },
                "authentication": "@parameters('$authentication')"
              }
            }
          },
          "runAfter": {
            "List_rows-_Users": [
              "Succeeded"
            ]
          },
          "metadata": {
            "operationMetadataId": "4eb75178-414c-4d1c-94cb-1b7b7fe56816"
          },
          "type": "Foreach"
        },
        "Get_a_row_by_ID_-_Study": {
          "runAfter": {},
          "metadata": {
            "operationMetadataId": "a6db6e3d-676d-4b14-abb9-1e4ace9593da"
          },
          "type": "OpenApiConnection",
          "inputs": {
            "host": {
              "connectionName": "shared_commondataserviceforapps",
              "operationId": "GetItem",
              "apiId": "/providers/Microsoft.PowerApps/apis/shared_commondataserviceforapps"
            },
            "parameters": {
              "entityName": "new_studies",
              "recordId": "@triggerOutputs()?['body/_mib_study_value']"
            },
            "authentication": "@parameters('$authentication')"
          }
        },
        "Get_a_row_by_ID_-_Teams": {
          "runAfter": {
            "Get_a_row_by_ID_-_Study": [
              "Succeeded"
            ]
          },
          "metadata": {
            "operationMetadataId": "2e401de8-9698-4e2d-bb63-993dd6cc35c8"
          },
          "type": "OpenApiConnection",
          "inputs": {
            "host": {
              "connectionName": "shared_commondataserviceforapps",
              "operationId": "GetItem",
              "apiId": "/providers/Microsoft.PowerApps/apis/shared_commondataserviceforapps"
            },
            "parameters": {
              "entityName": "teams",
              "recordId": "@triggerOutputs()?['body/_ownerid_value']"
            },
            "authentication": "@parameters('$authentication')"
          }
        }
      }
    }
  },
  "schemaVersion": "1.0.0.0"
}