{
  "properties": {
    "connectionReferences": {
      "shared_commondataserviceforapps": {
        "runtimeSource": "embedded",
        "connection": {
          "connectionReferenceLogicalName": "mib_MicrosoftDataverseMIBAdmin"
        },
        "api": {
          "name": "shared_commondataserviceforapps"
        }
      }
    },
    "definition": {
      "$schema": "https://schema.management.azure.com/providers/Microsoft.Logic/schemas/2016-06-01/workflowdefinition.json#",
      "contentVersion": "1.0.0.0",
      "parameters": {
        "$connections": {
          "defaultValue": {},
          "type": "Object"
        },
        "$authentication": {
          "defaultValue": {},
          "type": "SecureObject"
        }
      },
      "triggers": {
        "When_a_row_is_added,_modified_or_deleted": {
          "metadata": {
            "operationMetadataId": "84ebbb7b-f251-4691-8970-e6aa9cb98e52"
          },
          "type": "OpenApiConnectionWebhook",
          "inputs": {
            "host": {
              "connectionName": "shared_commondataserviceforapps",
              "operationId": "SubscribeWebhookTrigger",
              "apiId": "/providers/Microsoft.PowerApps/apis/shared_commondataserviceforapps"
            },
            "parameters": {
              "subscriptionRequest/message": 3,
              "subscriptionRequest/entityname": "cr6ee_studysite",
              "subscriptionRequest/scope": 4,
              "subscriptionRequest/filteringattributes": "cr420_ambrasiteid"
            },
            "authentication": "@parameters('$authentication')"
          }
        }
      },
      "actions": {
        "Get_a_row_by_ID_-_Study_Site": {
          "runAfter": {},
          "metadata": {
            "operationMetadataId": "f75dc65a-1b52-4f4e-ac77-a49e0064b292"
          },
          "type": "OpenApiConnection",
          "inputs": {
            "host": {
              "connectionName": "shared_commondataserviceforapps",
              "operationId": "GetItem",
              "apiId": "/providers/Microsoft.PowerApps/apis/shared_commondataserviceforapps"
            },
            "parameters": {
              "entityName": "cr6ee_studysites",
              "recordId": "@triggerOutputs()?['body/cr6ee_studysiteid']"
            },
            "authentication": "@parameters('$authentication')"
          }
        },
        "Get_a_row_by_ID_-_Studies": {
          "runAfter": {
            "Get_a_row_by_ID_-_Study_Site": [
              "Succeeded"
            ]
          },
          "metadata": {
            "operationMetadataId": "f5877def-3f9e-4466-aa1f-c2d54ca7a42e"
          },
          "type": "OpenApiConnection",
          "inputs": {
            "host": {
              "connectionName": "shared_commondataserviceforapps",
              "operationId": "GetItem",
              "apiId": "/providers/Microsoft.PowerApps/apis/shared_commondataserviceforapps"
            },
            "parameters": {
              "entityName": "new_studies",
              "recordId": "@outputs('Get_a_row_by_ID_-_Study_Site')?['body/_new_study_value']"
            },
            "authentication": "@parameters('$authentication')"
          }
        },
        "List_rows_-_Subjects": {
          "runAfter": {
            "Get_a_row_by_ID_-_Studies": [
              "Succeeded"
            ]
          },
          "metadata": {
            "operationMetadataId": "4ea4b920-34e0-45f0-9adc-c5712321d869"
          },
          "type": "OpenApiConnection",
          "inputs": {
            "host": {
              "connectionName": "shared_commondataserviceforapps",
              "operationId": "ListRecords",
              "apiId": "/providers/Microsoft.PowerApps/apis/shared_commondataserviceforapps"
            },
            "parameters": {
              "entityName": "new_studysitesubjectses",
              "$filter": "_new_studysite_value eq '@{outputs('Get_a_row_by_ID_-_Study_Site')?['body/cr6ee_studysiteid']}' and mib_softdelete ne true"
            },
            "authentication": "@parameters('$authentication')"
          }
        },
        "Apply_to_each_-_Subjects": {
          "foreach": "@outputs('List_rows_-_Subjects')?['body/value']",
          "actions": {
            "Update_a_row_-_Subjects": {
              "runAfter": {},
              "metadata": {
                "operationMetadataId": "64430c32-3481-4b30-b0be-0fcc5940839f"
              },
              "type": "OpenApiConnection",
              "inputs": {
                "host": {
                  "connectionName": "shared_commondataserviceforapps",
                  "operationId": "UpdateRecord",
                  "apiId": "/providers/Microsoft.PowerApps/apis/shared_commondataserviceforapps"
                },
                "parameters": {
                  "entityName": "new_studysitesubjectses",
                  "recordId": "@items('Apply_to_each_-_Subjects')?['new_studysitesubjectsid']",
                  "item/mib_study": "@{outputs('Get_a_row_by_ID_-_Studies')?['body/new_name']}-->@{triggerOutputs()?['body/cr420_ambrasiteid']}"
                },
                "authentication": "@parameters('$authentication')"
              }
            },
            "List_rows_-_Actual_Visits_": {
              "runAfter": {
                "Update_a_row_-_Subjects": [
                  "Succeeded"
                ]
              },
              "metadata": {
                "operationMetadataId": "9254f523-09a1-4a76-b25b-d58eefba078b"
              },
              "type": "OpenApiConnection",
              "inputs": {
                "host": {
                  "connectionName": "shared_commondataserviceforapps",
                  "operationId": "ListRecords",
                  "apiId": "/providers/Microsoft.PowerApps/apis/shared_commondataserviceforapps"
                },
                "parameters": {
                  "entityName": "cr420_subjectvisits",
                  "fetchXml": "<fetch version=\"1.0\" output-format=\"xml-platform\" mapping=\"logical\" distinct=\"false\">\n  <entity name=\"cr420_subjectvisit\">\n    <attribute name=\"cr420_visitmissing\" />\n    <attribute name=\"statecode\" />\n    <attribute name=\"cr420_planneddate\" />\n    <attribute name=\"cr420_comments\" />\n    <attribute name=\"cr420_subjectvisitid\" />\n    <order attribute=\"cr420_visitmissing\" descending=\"false\" />\n    <link-entity name=\"new_studyvisit\" from=\"new_studyvisitid\" to=\"new_armvisit\" visible=\"false\" link-type=\"outer\" alias=\"a_1a8b1f94a7b7eb118236002248218473\">\n      <attribute name=\"new_visitwindow\" />\n      <attribute name=\"new_visitname\" />\n    </link-entity>\n    <link-entity name=\"new_studysitesubjects\" from=\"new_studysitesubjectsid\" to=\"new_studysitesubjectid\" link-type=\"inner\" alias=\"ah\">\n      <filter type=\"and\">\n        <condition attribute=\"new_studysitesubjectsid\" operator=\"eq\" value=\"@{items('Apply_to_each_-_Subjects')?['new_studysitesubjectsid']}\" />\n      </filter>\n    </link-entity>\n  </entity>\n</fetch>"
                },
                "authentication": "@parameters('$authentication')"
              }
            },
            "Foreach_Visits": {
              "foreach": "@outputs('List_rows_-_Actual_Visits_')?['body/value']",
              "actions": {
                "Update_a_row_-_Actual_Visits": {
                  "runAfter": {},
                  "metadata": {
                    "operationMetadataId": "8cb7aac3-6742-49e3-8e6f-375ff28f5d85"
                  },
                  "type": "OpenApiConnection",
                  "inputs": {
                    "host": {
                      "connectionName": "shared_commondataserviceforapps",
                      "operationId": "UpdateRecord",
                      "apiId": "/providers/Microsoft.PowerApps/apis/shared_commondataserviceforapps"
                    },
                    "parameters": {
                      "entityName": "cr420_subjectvisits",
                      "recordId": "@items('Foreach_Visits')?['cr420_subjectvisitid']",
                      "item/mib_study": "@{outputs('Get_a_row_by_ID_-_Studies')?['body/new_name']}-->@{triggerOutputs()?['body/cr420_ambrasiteid']}",
                      "item/mib_study1": "@{outputs('Get_a_row_by_ID_-_Studies')?['body/new_name']}-->@{triggerOutputs()?['body/cr420_ambrasiteid']}-->@{outputs('Update_a_row_-_Subjects')?['body/new_subjectnumber']}"
                    },
                    "authentication": "@parameters('$authentication')"
                  }
                }
              },
              "runAfter": {
                "List_rows_-_Actual_Visits_": [
                  "Succeeded"
                ]
              },
              "metadata": {
                "operationMetadataId": "b5346a49-a341-48e1-a31b-b91be1c7b968"
              },
              "type": "Foreach"
            },
            "List_rows_-_Image_Series_": {
              "runAfter": {
                "Foreach_Visits": [
                  "Succeeded"
                ]
              },
              "metadata": {
                "operationMetadataId": "ef04e385-2402-4226-a4f0-c1a12b4ee143"
              },
              "type": "OpenApiConnection",
              "inputs": {
                "host": {
                  "connectionName": "shared_commondataserviceforapps",
                  "operationId": "ListRecords",
                  "apiId": "/providers/Microsoft.PowerApps/apis/shared_commondataserviceforapps"
                },
                "parameters": {
                  "entityName": "mib_imageserieses",
                  "fetchXml": "<fetch version=\"1.0\" output-format=\"xml-platform\" mapping=\"logical\" distinct=\"false\">\n  <entity name=\"mib_imageseries\">\n    <attribute name=\"mib_imageseriesid\" />\n    <attribute name=\"mib_name\" />\n    <attribute name=\"createdon\" />\n    <order attribute=\"mib_name\" descending=\"false\" />\n    <link-entity name=\"new_studysitesubjects\" from=\"new_studysitesubjectsid\" to=\"mib_new_studysitesubjects\" link-type=\"inner\" alias=\"ab\">\n      <filter type=\"and\">\n        <condition attribute=\"new_studysitesubjectsid\" operator=\"eq\" value=\"@{items('Apply_to_each_-_Subjects')?['new_studysitesubjectsid']}\" />\n      </filter>\n    </link-entity>\n  </entity>\n</fetch>"
                },
                "authentication": "@parameters('$authentication')"
              }
            },
            "Foreach_-_Image_Series": {
              "foreach": "@outputs('List_rows_-_Image_Series_')?['body/value']",
              "actions": {
                "Update_a_row_-_Image_Series": {
                  "runAfter": {},
                  "metadata": {
                    "operationMetadataId": "f306770f-c4f2-4c7d-bb10-3f571a18bbed"
                  },
                  "type": "OpenApiConnection",
                  "inputs": {
                    "host": {
                      "connectionName": "shared_commondataserviceforapps",
                      "operationId": "UpdateRecord",
                      "apiId": "/providers/Microsoft.PowerApps/apis/shared_commondataserviceforapps"
                    },
                    "parameters": {
                      "entityName": "mib_imageserieses",
                      "recordId": "@items('Foreach_-_Image_Series')?['mib_imageseriesid']",
                      "item/mib_study1": "@{outputs('Get_a_row_by_ID_-_Studies')?['body/new_name']}-->@{triggerOutputs()?['body/cr420_ambrasiteid']}-->@{outputs('Update_a_row_-_Subjects')?['body/new_subjectnumber']}",
                      "item/mib_study": "@{outputs('Get_a_row_by_ID_-_Studies')?['body/new_name']}-->@{triggerOutputs()?['body/cr420_ambrasiteid']}"
                    },
                    "authentication": "@parameters('$authentication')"
                  }
                }
              },
              "runAfter": {
                "List_rows_-_Image_Series_": [
                  "Succeeded"
                ]
              },
              "metadata": {
                "operationMetadataId": "2ebf2800-e9b5-45e1-b10a-2c8a27aac686"
              },
              "type": "Foreach"
            }
          },
          "runAfter": {
            "List_rows_-_Subjects": [
              "Succeeded"
            ]
          },
          "metadata": {
            "operationMetadataId": "2f08fd25-3d3e-45cb-ac37-a4e6b154ff9d"
          },
          "type": "Foreach"
        }
      },
      "outputs": {}
    }
  },
  "schemaVersion": "1.0.0.0"
}