{
  "properties": {
    "connectionReferences": {
      "shared_commondataserviceforapps": {
        "runtimeSource": "embedded",
        "connection": {
          "connectionReferenceLogicalName": "mib_sharedcommondataserviceforapps_95d94"
        },
        "api": {
          "name": "shared_commondataserviceforapps"
        }
      }
    },
    "definition": {
      "$schema": "https://schema.management.azure.com/providers/Microsoft.Logic/schemas/2016-06-01/workflowdefinition.json#",
      "contentVersion": "1.0.0.0",
      "parameters": {
        "$connections": {
          "defaultValue": {},
          "type": "Object"
        },
        "$authentication": {
          "defaultValue": {},
          "type": "SecureObject"
        }
      },
      "triggers": {
        "When_a_row_is_added,_modified_or_deleted": {
          "metadata": {
            "operationMetadataId": "80189e66-0610-45b5-ad4b-2b1fc252a092"
          },
          "type": "OpenApiConnectionWebhook",
          "inputs": {
            "host": {
              "connectionName": "shared_commondataserviceforapps",
              "operationId": "SubscribeWebhookTrigger",
              "apiId": "/providers/Microsoft.PowerApps/apis/shared_commondataserviceforapps"
            },
            "parameters": {
              "subscriptionRequest/message": 3,
              "subscriptionRequest/entityname": "new_studysitesubjects",
              "subscriptionRequest/scope": 4,
              "subscriptionRequest/filteringattributes": "new_subjectnumber"
            },
            "authentication": "@parameters('$authentication')"
          }
        }
      },
      "actions": {
        "List_rows_-_Actual_Visits": {
          "runAfter": {},
          "metadata": {
            "operationMetadataId": "efa92980-504f-4c5b-beda-c350b7181b0c"
          },
          "type": "OpenApiConnection",
          "inputs": {
            "host": {
              "connectionName": "shared_commondataserviceforapps",
              "operationId": "ListRecords",
              "apiId": "/providers/Microsoft.PowerApps/apis/shared_commondataserviceforapps"
            },
            "parameters": {
              "entityName": "cr420_subjectvisits",
              "fetchXml": "<fetch version=\"1.0\" output-format=\"xml-platform\" mapping=\"logical\" distinct=\"false\">\n  <entity name=\"cr420_subjectvisit\">\n    <attribute name=\"cr420_visitmissing\" />\n    <attribute name=\"statecode\" />\n    <attribute name=\"cr420_planneddate\" />\n    <attribute name=\"cr420_comments\" />\n    <attribute name=\"cr420_subjectvisitid\" />\n    <order attribute=\"cr420_visitmissing\" descending=\"false\" />\n    <link-entity name=\"new_studyvisit\" from=\"new_studyvisitid\" to=\"new_armvisit\" visible=\"false\" link-type=\"outer\" alias=\"a_1a8b1f94a7b7eb118236002248218473\">\n      <attribute name=\"new_visitwindow\" />\n      <attribute name=\"new_visitname\" />\n    </link-entity>\n    <link-entity name=\"new_studysitesubjects\" from=\"new_studysitesubjectsid\" to=\"new_studysitesubjectid\" link-type=\"inner\" alias=\"ah\">\n      <filter type=\"and\">\n        <condition attribute=\"new_studysitesubjectsid\" operator=\"eq\" value=\"@{triggerOutputs()?['body/new_studysitesubjectsid']}\" />\n      </filter>\n    </link-entity>\n  </entity>\n</fetch>"
            },
            "authentication": "@parameters('$authentication')"
          }
        },
        "Apply_to_each_-_Actual_Visits": {
          "foreach": "@outputs('List_rows_-_Actual_Visits')?['body/value']",
          "actions": {
            "Update_a_row_-_Actual_Visits": {
              "runAfter": {},
              "metadata": {
                "operationMetadataId": "7540a555-d201-45db-bdca-7857a0d029df"
              },
              "type": "OpenApiConnection",
              "inputs": {
                "host": {
                  "connectionName": "shared_commondataserviceforapps",
                  "operationId": "UpdateRecord",
                  "apiId": "/providers/Microsoft.PowerApps/apis/shared_commondataserviceforapps"
                },
                "parameters": {
                  "entityName": "cr420_subjectvisits",
                  "recordId": "@items('Apply_to_each_-_Actual_Visits')?['cr420_subjectvisitid']",
                  "item/mib_study1": "@{triggerOutputs()?['body/mib_study']}-->@{triggerOutputs()?['body/new_subjectnumber']}"
                },
                "authentication": "@parameters('$authentication')"
              }
            },
            "List_rows_-_Image_Series": {
              "runAfter": {
                "Update_a_row_-_Actual_Visits": [
                  "Succeeded"
                ]
              },
              "metadata": {
                "operationMetadataId": "f846df9b-ea1e-4f85-9640-ea3ffaeb95e6"
              },
              "type": "OpenApiConnection",
              "inputs": {
                "host": {
                  "connectionName": "shared_commondataserviceforapps",
                  "operationId": "ListRecords",
                  "apiId": "/providers/Microsoft.PowerApps/apis/shared_commondataserviceforapps"
                },
                "parameters": {
                  "entityName": "mib_imageserieses",
                  "fetchXml": "<fetch version=\"1.0\" output-format=\"xml-platform\" mapping=\"logical\" distinct=\"false\">\n  <entity name=\"mib_imageseries\">\n    <attribute name=\"mib_imageseriesid\" />\n    <attribute name=\"mib_name\" />\n    <attribute name=\"createdon\" />\n    <order attribute=\"mib_name\" descending=\"false\" />\n    <link-entity name=\"new_studysitesubjects\" from=\"new_studysitesubjectsid\" to=\"mib_new_studysitesubjects\" link-type=\"inner\" alias=\"ab\">\n      <filter type=\"and\">\n        <condition attribute=\"new_studysitesubjectsid\" operator=\"eq\" value=\"@{triggerOutputs()?['body/new_studysitesubjectsid']}\" />\n      </filter>\n    </link-entity>\n  </entity>\n</fetch>"
                },
                "authentication": "@parameters('$authentication')"
              }
            },
            "Apply_to_each_-_Image_series": {
              "foreach": "@outputs('List_rows_-_Image_Series')?['body/value']",
              "actions": {
                "Update_a_row_-_Image_Series": {
                  "runAfter": {},
                  "metadata": {
                    "operationMetadataId": "59c233bc-c15e-41bb-88c3-6e56a7b8022e"
                  },
                  "type": "OpenApiConnection",
                  "inputs": {
                    "host": {
                      "connectionName": "shared_commondataserviceforapps",
                      "operationId": "UpdateRecord",
                      "apiId": "/providers/Microsoft.PowerApps/apis/shared_commondataserviceforapps"
                    },
                    "parameters": {
                      "entityName": "mib_imageserieses",
                      "recordId": "@items('Apply_to_each_-_Image_series')?['mib_imageseriesid']",
                      "item/mib_study1": "@{triggerOutputs()?['body/mib_study']}-->@{triggerOutputs()?['body/new_subjectnumber']}"
                    },
                    "authentication": "@parameters('$authentication')"
                  }
                }
              },
              "runAfter": {
                "List_rows_-_Image_Series": [
                  "Succeeded"
                ]
              },
              "metadata": {
                "operationMetadataId": "a29c2f18-d435-4092-9dbc-4483d18af457"
              },
              "type": "Foreach"
            }
          },
          "runAfter": {
            "List_rows_-_Actual_Visits": [
              "Succeeded"
            ]
          },
          "metadata": {
            "operationMetadataId": "23b5328c-a4f5-43dd-8aa3-654e93c1da7b"
          },
          "type": "Foreach"
        }
      },
      "outputs": {}
    }
  },
  "schemaVersion": "1.0.0.0"
}