{
  "properties": {
    "connectionReferences": {
      "shared_commondataserviceforapps": {
        "runtimeSource": "embedded",
        "connection": {
          "connectionReferenceLogicalName": "mib_MicrosoftDataverseMIBAdmin"
        },
        "api": {
          "name": "shared_commondataserviceforapps"
        }
      }
    },
    "definition": {
      "$schema": "https://schema.management.azure.com/providers/Microsoft.Logic/schemas/2016-06-01/workflowdefinition.json#",
      "contentVersion": "1.0.0.0",
      "parameters": {
        "$connections": {
          "defaultValue": {},
          "type": "Object"
        },
        "$authentication": {
          "defaultValue": {},
          "type": "SecureObject"
        }
      },
      "triggers": {
        "manual": {
          "metadata": {
            "operationMetadataId": "9fbc5775-8bca-45f1-bef8-437f3eee878f"
          },
          "type": "Request",
          "kind": "Http",
          "inputs": {
            "method": "GET"
          }
        }
      },
      "actions": {
        "Get_MI_Backbone_Publisher": {
          "runAfter": {
            "Initialize_Add_Solution_Version_variable": [
              "Succeeded"
            ]
          },
          "metadata": {
            "operationMetadataId": "c068994c-8c6c-4b7b-9693-b8741f3eb0cd"
          },
          "type": "OpenApiConnection",
          "inputs": {
            "host": {
              "connectionName": "shared_commondataserviceforapps",
              "operationId": "ListRecords",
              "apiId": "/providers/Microsoft.PowerApps/apis/shared_commondataserviceforapps"
            },
            "parameters": {
              "entityName": "publishers",
              "$filter": "uniquename eq 'mibackbonepublisher'"
            },
            "authentication": "@parameters('$authentication')"
          }
        },
        "Foreach_Backbone_Publisher": {
          "foreach": "@outputs('Get_MI_Backbone_Publisher')?['body/value']",
          "actions": {
            "Get_Publisher_Solutions": {
              "runAfter": {},
              "metadata": {
                "operationMetadataId": "493cd0f5-16c8-4ae5-8c5d-f7462c838a60"
              },
              "type": "OpenApiConnection",
              "inputs": {
                "host": {
                  "connectionName": "shared_commondataserviceforapps",
                  "operationId": "ListRecords",
                  "apiId": "/providers/Microsoft.PowerApps/apis/shared_commondataserviceforapps"
                },
                "parameters": {
                  "entityName": "solutions",
                  "$filter": "_publisherid_value eq @{items('Foreach_Backbone_Publisher')?['publisherid']}"
                },
                "authentication": "@parameters('$authentication')"
              }
            },
            "Foreach_Publisher_Solution": {
              "foreach": "@outputs('Get_Publisher_Solutions')?['body/value']",
              "actions": {
                "Foreach_Solution_Version": {
                  "foreach": "@outputs('Get_Solution_Version_By_Name')?['body/value']",
                  "actions": {
                    "Set_Add_Solution_Version_variable_to_false": {
                      "runAfter": {},
                      "metadata": {
                        "operationMetadataId": "58694935-4eda-4694-876b-78e752942bb9"
                      },
                      "type": "SetVariable",
                      "inputs": {
                        "name": "Add Solution Version",
                        "value": "@false"
                      }
                    },
                    "If_Values_are_different_then_Update_Solution_Version_Data": {
                      "actions": {
                        "Update_Solution_Version": {
                          "runAfter": {},
                          "metadata": {
                            "operationMetadataId": "0cfc1a3f-70b1-4c5c-b677-f4312f740997"
                          },
                          "type": "OpenApiConnection",
                          "inputs": {
                            "host": {
                              "connectionName": "shared_commondataserviceforapps",
                              "operationId": "UpdateRecord",
                              "apiId": "/providers/Microsoft.PowerApps/apis/shared_commondataserviceforapps"
                            },
                            "parameters": {
                              "entityName": "mib_solutionversions",
                              "recordId": "@items('Foreach_Solution_Version')?['mib_solutionversionid']",
                              "item/mib_name": "@items('Foreach_Publisher_Solution')?['friendlyname']",
                              "item/mib_version": "@items('Foreach_Publisher_Solution')?['version']",
                              "item/mib_description": "@items('Foreach_Publisher_Solution')?['description']"
                            },
                            "authentication": "@parameters('$authentication')"
                          }
                        }
                      },
                      "runAfter": {
                        "Set_Add_Solution_Version_variable_to_false": [
                          "Succeeded"
                        ]
                      },
                      "expression": {
                        "or": [
                          {
                            "not": {
                              "equals": [
                                "@items('Foreach_Solution_Version')?['mib_name']",
                                "@items('Foreach_Publisher_Solution')?['friendlyname']"
                              ]
                            }
                          },
                          {
                            "not": {
                              "equals": [
                                "@items('Foreach_Solution_Version')?['mib_version']",
                                "@items('Foreach_Publisher_Solution')?['version']"
                              ]
                            }
                          },
                          {
                            "not": {
                              "equals": [
                                "@items('Foreach_Solution_Version')?['mib_description']",
                                "@items('Foreach_Publisher_Solution')?['description']"
                              ]
                            }
                          }
                        ]
                      },
                      "metadata": {
                        "operationMetadataId": "bcd51493-32a2-42ac-aa37-77973e03e217"
                      },
                      "type": "If"
                    }
                  },
                  "runAfter": {
                    "Get_Solution_Version_By_Name": [
                      "Succeeded"
                    ]
                  },
                  "metadata": {
                    "operationMetadataId": "8efe0391-f63f-4e4c-960e-93e0f39bab2f"
                  },
                  "type": "Foreach"
                },
                "Set_Add_Solution_Version_variable_to_true": {
                  "runAfter": {},
                  "metadata": {
                    "operationMetadataId": "086d607b-e9ef-4154-8a92-a1246bdcf8a8"
                  },
                  "type": "SetVariable",
                  "inputs": {
                    "name": "Add Solution Version",
                    "value": "@true"
                  }
                },
                "Get_Solution_Version_By_Name": {
                  "runAfter": {
                    "Set_Add_Solution_Version_variable_to_true": [
                      "Succeeded"
                    ]
                  },
                  "metadata": {
                    "operationMetadataId": "60602bb2-5150-4515-be1f-94b692d97842"
                  },
                  "type": "OpenApiConnection",
                  "inputs": {
                    "host": {
                      "connectionName": "shared_commondataserviceforapps",
                      "operationId": "ListRecords",
                      "apiId": "/providers/Microsoft.PowerApps/apis/shared_commondataserviceforapps"
                    },
                    "parameters": {
                      "entityName": "mib_solutionversions",
                      "$filter": "mib_uniquename eq '@{items('Foreach_Publisher_Solution')?['uniquename']}'"
                    },
                    "authentication": "@parameters('$authentication')"
                  }
                },
                "If_Add_Solution_Version_equals_true_then_Insert_the_Row": {
                  "actions": {
                    "Add_Solution_Version": {
                      "runAfter": {},
                      "metadata": {
                        "operationMetadataId": "52d771cb-64c0-48f4-8eed-ff92d5cac1dd"
                      },
                      "type": "OpenApiConnection",
                      "inputs": {
                        "host": {
                          "connectionName": "shared_commondataserviceforapps",
                          "operationId": "CreateRecord",
                          "apiId": "/providers/Microsoft.PowerApps/apis/shared_commondataserviceforapps"
                        },
                        "parameters": {
                          "entityName": "mib_solutionversions",
                          "item/mib_name": "@items('Foreach_Publisher_Solution')?['friendlyname']",
                          "item/mib_uniquename": "@items('Foreach_Publisher_Solution')?['uniquename']",
                          "item/mib_version": "@items('Foreach_Publisher_Solution')?['version']",
                          "item/mib_description": "@items('Foreach_Publisher_Solution')?['description']"
                        },
                        "authentication": "@parameters('$authentication')"
                      }
                    }
                  },
                  "runAfter": {
                    "Foreach_Solution_Version": [
                      "Succeeded"
                    ]
                  },
                  "expression": {
                    "equals": [
                      "@variables('Add Solution Version')",
                      "@true"
                    ]
                  },
                  "metadata": {
                    "operationMetadataId": "24d694b7-3d90-4f56-8b2f-e8f92c4335a6"
                  },
                  "type": "If"
                }
              },
              "runAfter": {
                "Get_Publisher_Solutions": [
                  "Succeeded"
                ]
              },
              "metadata": {
                "operationMetadataId": "a60e594e-1182-4716-8869-aec2988e246d"
              },
              "type": "Foreach"
            }
          },
          "runAfter": {
            "Get_MI_Backbone_Publisher": [
              "Succeeded"
            ]
          },
          "metadata": {
            "operationMetadataId": "3dcd41c6-80b6-42c3-9629-bccedde0980c"
          },
          "type": "Foreach"
        },
        "Initialize_Add_Solution_Version_variable": {
          "runAfter": {},
          "metadata": {
            "operationMetadataId": "3363690a-a8f6-4d09-9439-953c1da7b7cb"
          },
          "type": "InitializeVariable",
          "inputs": {
            "variables": [
              {
                "name": "Add Solution Version",
                "type": "boolean",
                "value": "@true"
              }
            ]
          }
        },
        "Response": {
          "runAfter": {
            "Foreach_Backbone_Publisher": [
              "Succeeded"
            ]
          },
          "metadata": {
            "operationMetadataId": "c13fa2da-9a18-433d-8f0c-123168502a74"
          },
          "type": "Response",
          "kind": "Http",
          "inputs": {
            "statusCode": 200,
            "body": "Updated Solution Versions"
          }
        }
      },
      "outputs": {}
    }
  },
  "schemaVersion": "1.0.0.0"
}