{
  "properties": {
    "connectionReferences": {
      "shared_commondataserviceforapps": {
        "runtimeSource": "embedded",
        "connection": {
          "connectionReferenceLogicalName": "mib_MicrosoftDataverseMIBAdmin"
        },
        "api": {
          "name": "shared_commondataserviceforapps"
        }
      },
      "shared_commondataserviceforapps_1": {
        "runtimeSource": "embedded",
        "connection": {
          "connectionReferenceLogicalName": "mib_MicrosoftDataverseMIBAdmin"
        },
        "api": {
          "name": "shared_commondataserviceforapps"
        }
      }
    },
    "definition": {
      "$schema": "https://schema.management.azure.com/providers/Microsoft.Logic/schemas/2016-06-01/workflowdefinition.json#",
      "contentVersion": "1.0.0.0",
      "parameters": {
        "$connections": {
          "defaultValue": {},
          "type": "Object"
        },
        "$authentication": {
          "defaultValue": {},
          "type": "SecureObject"
        }
      },
      "triggers": {
        "When_a_study_configuration_is_added": {
          "metadata": {
            "operationMetadataId": "e1ce64f0-fa71-486c-8dd5-63933e46fea6"
          },
          "type": "OpenApiConnectionWebhook",
          "inputs": {
            "host": {
              "connectionName": "shared_commondataserviceforapps_1",
              "operationId": "SubscribeWebhookTrigger",
              "apiId": "/providers/Microsoft.PowerApps/apis/shared_commondataserviceforapps"
            },
            "parameters": {
              "subscriptionRequest/message": 1,
              "subscriptionRequest/entityname": "new_studyversion",
              "subscriptionRequest/scope": 4,
              "subscriptionRequest/filterexpression": "mib_status eq 7"
            },
            "authentication": "@parameters('$authentication')"
          }
        }
      },
      "actions": {
        "Proceed_if_status_is_Initiated": {
          "actions": {
            "Delete_initiated_study_configuration_if_cloning_failed": {
              "runAfter": {
                "Terminate_-_cloning_failed": [
                  "Succeeded"
                ]
              },
              "metadata": {
                "operationMetadataId": "4659ffa8-2271-4fae-8978-609a405c804f"
              },
              "type": "OpenApiConnection",
              "inputs": {
                "host": {
                  "connectionName": "shared_commondataserviceforapps",
                  "operationId": "DeleteRecord",
                  "apiId": "/providers/Microsoft.PowerApps/apis/shared_commondataserviceforapps"
                },
                "parameters": {
                  "entityName": "new_studyversions",
                  "recordId": "@triggerOutputs()?['body/new_studyversionid']"
                },
                "authentication": "@parameters('$authentication')"
              }
            },
            "Terminate_-_cloning_failed": {
              "runAfter": {
                "Update_Study_Configuration_Status": [
                  "Succeeded"
                ]
              },
              "metadata": {
                "operationMetadataId": "3b54cae8-41a3-4cc5-8186-615d8d14ed36"
              },
              "type": "Terminate",
              "inputs": {
                "runStatus": "Failed",
                "runError": {
                  "message": "Study Configuration cloning failed!"
                }
              }
            },
            "Update_Study_Configuration_Status": {
              "runAfter": {
                "Call_Custom_API": [
                  "Failed",
                  "TimedOut"
                ]
              },
              "metadata": {
                "operationMetadataId": "35dfe67a-4d4c-4a0a-a7b3-f5a277b0a768"
              },
              "type": "OpenApiConnection",
              "inputs": {
                "host": {
                  "connectionName": "shared_commondataserviceforapps",
                  "operationId": "UpdateRecord",
                  "apiId": "/providers/Microsoft.PowerApps/apis/shared_commondataserviceforapps"
                },
                "parameters": {
                  "entityName": "new_studyversions",
                  "recordId": "@triggerOutputs()?['body/new_studyversionid']",
                  "item/mib_status": 8,
                  "item/mib_cloningprocessmessage": "@outputs('Call_Custom_API')['body']['error']['message']"
                },
                "authentication": "@parameters('$authentication')"
              }
            },
            "Get_failed_cloned_configurations": {
              "runAfter": {},
              "metadata": {
                "operationMetadataId": "d9b7d9b5-7eda-4859-9b38-d5e6bb06517e"
              },
              "type": "OpenApiConnection",
              "inputs": {
                "host": {
                  "connectionName": "shared_commondataserviceforapps",
                  "operationId": "ListRecords",
                  "apiId": "/providers/Microsoft.PowerApps/apis/shared_commondataserviceforapps"
                },
                "parameters": {
                  "entityName": "new_studyversions",
                  "$filter": "mib_status eq 8 and _mib_study_value eq @{triggerOutputs()?['body/_mib_study_value']}"
                },
                "authentication": "@parameters('$authentication')"
              }
            },
            "Call_Custom_API": {
              "runAfter": {
                "Delete_failed_cloned_configurations": [
                  "Succeeded"
                ]
              },
              "metadata": {
                "operationMetadataId": "f5125901-a9b5-4660-80e4-ae0cdd8fe47a"
              },
              "type": "OpenApiConnection",
              "inputs": {
                "host": {
                  "connectionName": "shared_commondataserviceforapps_1",
                  "operationId": "PerformBoundAction",
                  "apiId": "/providers/Microsoft.PowerApps/apis/shared_commondataserviceforapps"
                },
                "parameters": {
                  "entityName": "new_studyversions",
                  "actionName": "Microsoft.Dynamics.CRM.mib_studyconfigurationversion",
                  "recordId": "@triggerOutputs()?['body/new_studyversionid']",
                  "item/mib_studyid": "@triggerOutputs()?['body/_mib_study_value']",
                  "item/mib_studyconfigversionid": "@triggerOutputs()?['body/new_studyversionid']",
                  "item/mib_action": "CREATEALL"
                },
                "authentication": "@parameters('$authentication')"
              }
            },
            "Delete_failed_cloned_configurations": {
              "foreach": "@outputs('Get_failed_cloned_configurations')?['body/value']",
              "actions": {
                "Delete_failed_configuration": {
                  "runAfter": {},
                  "metadata": {
                    "operationMetadataId": "957453e4-2d92-47ab-92a0-b0c54fe04b30"
                  },
                  "type": "OpenApiConnection",
                  "inputs": {
                    "host": {
                      "connectionName": "shared_commondataserviceforapps",
                      "operationId": "DeleteRecord",
                      "apiId": "/providers/Microsoft.PowerApps/apis/shared_commondataserviceforapps"
                    },
                    "parameters": {
                      "entityName": "new_studyversions",
                      "recordId": "@items('Delete_failed_cloned_configurations')?['new_studyversionid']"
                    },
                    "authentication": "@parameters('$authentication')"
                  }
                }
              },
              "runAfter": {
                "Get_failed_cloned_configurations": [
                  "Succeeded"
                ]
              },
              "metadata": {
                "operationMetadataId": "d83eeed5-2d05-4a95-bc45-e6c9c9b71227"
              },
              "type": "Foreach"
            }
          },
          "runAfter": {},
          "expression": {
            "equals": [
              "@triggerOutputs()?['body/mib_status']",
              7
            ]
          },
          "metadata": {
            "operationMetadataId": "b2cee7c7-1dec-43f8-9653-ebe130d008e6"
          },
          "type": "If"
        }
      },
      "outputs": {}
    }
  },
  "schemaVersion": "1.0.0.0"
}