{
  "properties": {
    "connectionReferences": {
      "shared_commondataserviceforapps": {
        "runtimeSource": "embedded",
        "connection": {
          "connectionReferenceLogicalName": "mib_sharedcommondataserviceforapps_95d94"
        },
        "api": {
          "name": "shared_commondataserviceforapps"
        }
      },
      "shared_commondataserviceforapps_1": {
        "runtimeSource": "embedded",
        "connection": {
          "connectionReferenceLogicalName": "mib_MicrosoftDataverseMIBAdmin"
        },
        "api": {
          "name": "shared_commondataserviceforapps"
        }
      }
    },
    "definition": {
      "$schema": "https://schema.management.azure.com/providers/Microsoft.Logic/schemas/2016-06-01/workflowdefinition.json#",
      "contentVersion": "1.0.0.0",
      "parameters": {
        "$connections": {
          "defaultValue": {},
          "type": "Object"
        },
        "$authentication": {
          "defaultValue": {},
          "type": "SecureObject"
        }
      },
      "triggers": {
        "When_a_row_is_added,_modified_or_deleted": {
          "metadata": {
            "operationMetadataId": "62d14f8c-2ee0-48ce-98e7-3e5e7f89c63d"
          },
          "type": "OpenApiConnectionWebhook",
          "inputs": {
            "host": {
              "connectionName": "shared_commondataserviceforapps_1",
              "operationId": "SubscribeWebhookTrigger",
              "apiId": "/providers/Microsoft.PowerApps/apis/shared_commondataserviceforapps"
            },
            "parameters": {
              "subscriptionRequest/message": 7,
              "subscriptionRequest/entityname": "cr420_studysitecontact",
              "subscriptionRequest/scope": 4
            },
            "authentication": "@parameters('$authentication')"
          }
        }
      },
      "actions": {
        "Get_Environment": {
          "runAfter": {
            "Get_a_row_by_ID__Study_Site": [
              "Succeeded"
            ]
          },
          "metadata": {
            "operationMetadataId": "e5cd6092-08e9-40ca-b380-9c74559809dd"
          },
          "type": "ParseJson",
          "inputs": {
            "content": "@body('Get_a_row_by_ID_study_Site_Contact')",
            "schema": {
              "type": "object",
              "properties": {
                "@@odata.id": {
                  "type": "string"
                }
              }
            }
          }
        },
        "Environment": {
          "runAfter": {
            "Get_Environment": [
              "Succeeded"
            ]
          },
          "metadata": {
            "operationMetadataId": "d66fe69f-96c4-4584-a0f9-a93d824744b3"
          },
          "type": "Compose",
          "inputs": "@substring(body('Get_Environment')?['@odata.id'], 0, add(indexOf(body('Get_Environment')?['@odata.id'], '.com'), 4))"
        },
        "Get_a_row_by_ID_study_Site_Contact": {
          "runAfter": {},
          "metadata": {
            "operationMetadataId": "deb615cb-cce1-49ed-ad7d-95f3e172012a"
          },
          "type": "OpenApiConnection",
          "inputs": {
            "host": {
              "connectionName": "shared_commondataserviceforapps",
              "operationId": "GetItem",
              "apiId": "/providers/Microsoft.PowerApps/apis/shared_commondataserviceforapps"
            },
            "parameters": {
              "entityName": "cr420_studysitecontacts",
              "recordId": "@triggerOutputs()?['body/cr420_studysitecontactid']"
            },
            "authentication": "@parameters('$authentication')"
          }
        },
        "Get_a_row_by_ID__Study_Site": {
          "runAfter": {
            "Get_a_row_by_ID_study_Site_Contact": [
              "Succeeded"
            ]
          },
          "metadata": {
            "operationMetadataId": "f1570483-8625-4d95-a179-2346df5f4927"
          },
          "type": "OpenApiConnection",
          "inputs": {
            "host": {
              "connectionName": "shared_commondataserviceforapps",
              "operationId": "GetItem",
              "apiId": "/providers/Microsoft.PowerApps/apis/shared_commondataserviceforapps"
            },
            "parameters": {
              "entityName": "cr6ee_studysites",
              "recordId": "@triggerOutputs()?['body/_new_studysite_value']"
            },
            "authentication": "@parameters('$authentication')"
          }
        },
        "Initialize_variable": {
          "runAfter": {
            "Environment": [
              "Succeeded"
            ]
          },
          "metadata": {
            "operationMetadataId": "55910543-0291-48e7-8b84-fd448da2ff87"
          },
          "type": "InitializeVariable",
          "inputs": {
            "variables": [
              {
                "name": "Trigger",
                "type": "string",
                "value": "@{triggerBody()['mib_softdelete']}"
              }
            ]
          }
        },
        "Condition": {
          "actions": {
            "Unrelate_rows_-_Contact": {
              "runAfter": {},
              "metadata": {
                "operationMetadataId": "771d8dc1-bde0-4458-b632-29b5ad2f8197"
              },
              "type": "OpenApiConnection",
              "inputs": {
                "host": {
                  "connectionName": "shared_commondataserviceforapps",
                  "operationId": "DisassociateEntities",
                  "apiId": "/providers/Microsoft.PowerApps/apis/shared_commondataserviceforapps"
                },
                "parameters": {
                  "entityName": "contacts",
                  "recordId": "@triggerOutputs()?['body/_cr420_contact_value']",
                  "associationEntityRelationship": "new_Site_Contact_Contact",
                  "$id": "@{outputs('Environment')}/api/data/v9.1/new_sites(@{outputs('Get_a_row_by_ID__Study_Site')?['body/_new_site_value']})"
                },
                "authentication": "@parameters('$authentication')"
              }
            }
          },
          "runAfter": {
            "Initialize_variable": [
              "Succeeded"
            ]
          },
          "else": {
            "actions": {
              "Condition_Create_contact": {
                "actions": {
                  "Relate_rows_-Contact": {
                    "runAfter": {},
                    "metadata": {
                      "operationMetadataId": "7bad3a39-e276-4c0d-aea9-b85289fe95c3"
                    },
                    "type": "OpenApiConnection",
                    "inputs": {
                      "host": {
                        "connectionName": "shared_commondataserviceforapps",
                        "operationId": "AssociateEntities",
                        "apiId": "/providers/Microsoft.PowerApps/apis/shared_commondataserviceforapps"
                      },
                      "parameters": {
                        "entityName": "contacts",
                        "recordId": "@triggerOutputs()?['body/_cr420_contact_value']",
                        "associationEntityRelationship": "new_Site_Contact_Contact",
                        "item/@odata.id": "@{outputs('Environment')}/api/data/v9.1/new_sites(@{outputs('Get_a_row_by_ID__Study_Site')?['body/_new_site_value']})"
                      },
                      "authentication": "@parameters('$authentication')"
                    }
                  }
                },
                "runAfter": {},
                "expression": {
                  "equals": [
                    "@variables('Trigger')",
                    "Create"
                  ]
                },
                "metadata": {
                  "operationMetadataId": "bb5252bc-4e03-413f-91f7-c9c85d8f5f9b"
                },
                "type": "If"
              }
            }
          },
          "expression": {
            "equals": [
              "@variables('Trigger')",
              "True"
            ]
          },
          "metadata": {
            "operationMetadataId": "b7454129-f87e-4724-9b90-cea06a4081ef"
          },
          "type": "If"
        }
      },
      "outputs": {}
    }
  },
  "schemaVersion": "1.0.0.0"
}