{
  "properties": {
    "connectionReferences": {
      "shared_commondataserviceforapps": {
        "runtimeSource": "embedded",
        "connection": {
          "connectionReferenceLogicalName": "mib_MicrosoftDataverseMIBAdmin"
        },
        "api": {
          "name": "shared_commondataserviceforapps"
        }
      }
    },
    "definition": {
      "$schema": "https://schema.management.azure.com/providers/Microsoft.Logic/schemas/2016-06-01/workflowdefinition.json#",
      "contentVersion": "1.0.0.0",
      "parameters": {
        "$connections": {
          "defaultValue": {},
          "type": "Object"
        },
        "$authentication": {
          "defaultValue": {},
          "type": "SecureObject"
        }
      },
      "triggers": {
        "When_a_row_is_added,_modified_or_deleted": {
          "metadata": {
            "operationMetadataId": "bf78ef51-bc92-453f-b720-9759143a588c"
          },
          "type": "OpenApiConnectionWebhook",
          "inputs": {
            "host": {
              "connectionName": "shared_commondataserviceforapps",
              "operationId": "SubscribeWebhookTrigger",
              "apiId": "/providers/Microsoft.PowerApps/apis/shared_commondataserviceforapps"
            },
            "parameters": {
              "subscriptionRequest/message": 4,
              "subscriptionRequest/entityname": "cr420_studysitecontact",
              "subscriptionRequest/scope": 4,
              "subscriptionRequest/filteringattributes": "cr420_contact,mib_emailaddress"
            },
            "authentication": "@parameters('$authentication')"
          }
        }
      },
      "actions": {
        "Get_a_study_site_row_by_ID_study_site": {
          "runAfter": {
            "Get_a_contact_row_by_ID_Contact": [
              "Succeeded"
            ]
          },
          "metadata": {
            "operationMetadataId": "dd19ef9c-62d5-49aa-a025-680f87fbf05d"
          },
          "type": "OpenApiConnection",
          "inputs": {
            "host": {
              "connectionName": "shared_commondataserviceforapps",
              "operationId": "GetItem",
              "apiId": "/providers/Microsoft.PowerApps/apis/shared_commondataserviceforapps"
            },
            "parameters": {
              "entityName": "cr6ee_studysites",
              "recordId": "@triggerOutputs()?['body/_new_studysite_value']",
              "$select": "_new_site_value"
            },
            "authentication": "@parameters('$authentication')"
          }
        },
        "List_rows_of_study_site": {
          "runAfter": {
            "Get_a_study_site_row_by_ID_study_site": [
              "Succeeded"
            ]
          },
          "metadata": {
            "operationMetadataId": "22508630-a5ee-4111-87a3-6085628831ce"
          },
          "type": "OpenApiConnection",
          "inputs": {
            "host": {
              "connectionName": "shared_commondataserviceforapps",
              "operationId": "ListRecords",
              "apiId": "/providers/Microsoft.PowerApps/apis/shared_commondataserviceforapps"
            },
            "parameters": {
              "entityName": "cr6ee_studysites",
              "fetchXml": "<fetch version=\"1.0\" output-format=\"xml-platform\" mapping=\"logical\" distinct=\"true\">\n  <entity name=\"cr6ee_studysite\">\n    <attribute name=\"cr6ee_studysiteid\" />\n    <attribute name=\"cr6ee_sitename\" />\n    <attribute name=\"createdon\" />\n    <order attribute=\"cr6ee_sitename\" descending=\"false\" />\n    <filter type=\"and\">\n      <condition attribute=\"mib_softdelete\" operator=\"ne\" value=\"1\" />\n    </filter>\n   <link-entity name=\"cr420_studysitecontact\" from=\"new_studysite\" to=\"cr6ee_studysiteid\" link-type=\"inner\" alias=\"ab\">\n      <filter type=\"and\">\n        <condition attribute=\"cr420_contact\" operator=\"eq\" uitype=\"contact\" value=\"@{outputs('Get_a_study_site_contact_row_')?['body/_cr420_contact_value']}\" />\n      </filter>\n    </link-entity>\n  </entity>\n</fetch>"
            },
            "authentication": "@parameters('$authentication')"
          }
        },
        "Condition_to_check_list_rows_of_study_site_is_empty": {
          "actions": {
            "Compose": {
              "runAfter": {},
              "metadata": {
                "operationMetadataId": "513a4df4-b601-4a9f-b36e-fe8297958c45"
              },
              "type": "Compose",
              "inputs": 1
            },
            "Update_a_row": {
              "runAfter": {
                "Compose": [
                  "Succeeded"
                ]
              },
              "metadata": {
                "operationMetadataId": "89bff069-0457-4bb6-af20-9db50fd70e84"
              },
              "type": "OpenApiConnection",
              "inputs": {
                "host": {
                  "connectionName": "shared_commondataserviceforapps",
                  "operationId": "UpdateRecord",
                  "apiId": "/providers/Microsoft.PowerApps/apis/shared_commondataserviceforapps"
                },
                "parameters": {
                  "entityName": "contacts",
                  "recordId": "@triggerOutputs()?['body/_cr420_contact_value']",
                  "item/cr420_contacttype": "@outputs('Get_a_study_site_contact_row_')?['body/new_contacttype']",
                  "item/emailaddress1": "@outputs('Get_a_study_site_contact_row_')?['body/mib_emailaddress']",
                  "item/jobtitle": "@outputs('Get_a_study_site_contact_row_')?['body/cr420_jobtitle']",
                  "item/department": "@outputs('Get_a_study_site_contact_row_')?['body/cr420_department']",
                  "item/cr420_fromdate": "@outputs('Get_a_study_site_contact_row_')?['body/cr420_fromdate']",
                  "item/cr420_taxid": "@outputs('Get_a_study_site_contact_row_')?['body/cr420_taxid']",
                  "item/cr420_todate": "@outputs('Get_a_study_site_contact_row_')?['body/cr420_todate']"
                },
                "authentication": "@parameters('$authentication')"
              }
            }
          },
          "runAfter": {
            "Initialize_variable_Triggers": [
              "Succeeded"
            ]
          },
          "else": {
            "actions": {
              "Compose_2": {
                "runAfter": {},
                "metadata": {
                  "operationMetadataId": "0be54960-d048-4252-9f4b-223d297816d9"
                },
                "type": "Compose",
                "inputs": "@length(outputs('List_rows_of_study_site')?['body/value'])"
              },
              "Condition_2": {
                "actions": {
                  "Add_a_new_row": {
                    "runAfter": {},
                    "metadata": {
                      "operationMetadataId": "7175442b-0385-47b9-b01e-d9449af2dd17"
                    },
                    "type": "OpenApiConnection",
                    "inputs": {
                      "host": {
                        "connectionName": "shared_commondataserviceforapps",
                        "operationId": "CreateRecord",
                        "apiId": "/providers/Microsoft.PowerApps/apis/shared_commondataserviceforapps"
                      },
                      "parameters": {
                        "entityName": "contacts",
                        "item/cr420_contacttype": "@outputs('Get_a_study_site_contact_row_')?['body/new_contacttype']",
                        "item/emailaddress1": "@outputs('Get_a_study_site_contact_row_')?['body/mib_emailaddress']",
                        "item/firstname": "@outputs('Get_a_contact_row_by_ID_Contact')?['body/firstname']",
                        "item/lastname": "@outputs('Get_a_contact_row_by_ID_Contact')?['body/lastname']",
                        "item/jobtitle": "@outputs('Get_a_study_site_contact_row_')?['body/cr420_jobtitle']",
                        "item/cr420_contactname": "@{outputs('Get_a_contact_row_by_ID_Contact')?['body/firstname']} @{outputs('Get_a_contact_row_by_ID_Contact')?['body/lastname']}",
                        "item/department": "@outputs('Get_a_study_site_contact_row_')?['body/cr420_department']",
                        "item/cr420_fromdate": "@outputs('Get_a_study_site_contact_row_')?['body/cr420_fromdate']",
                        "item/gendercode": "@outputs('Get_a_contact_row_by_ID_Contact')?['body/gendercode']",
                        "item/cr420_taxid": "@outputs('Get_a_study_site_contact_row_')?['body/cr420_taxid']",
                        "item/cr420_todate": "@outputs('Get_a_study_site_contact_row_')?['body/cr420_todate']"
                      },
                      "authentication": "@parameters('$authentication')"
                    }
                  },
                  "Relate_rows": {
                    "runAfter": {
                      "Update_a_row_3": [
                        "Skipped"
                      ]
                    },
                    "metadata": {
                      "operationMetadataId": "14bc2c20-354e-4b32-9108-9c45f0f83db2"
                    },
                    "type": "OpenApiConnection",
                    "inputs": {
                      "host": {
                        "connectionName": "shared_commondataserviceforapps",
                        "operationId": "AssociateEntities",
                        "apiId": "/providers/Microsoft.PowerApps/apis/shared_commondataserviceforapps"
                      },
                      "parameters": {
                        "entityName": "new_sites",
                        "recordId": "@outputs('Get_a_study_site_row_by_ID_study_site')?['body/_new_site_value']",
                        "associationEntityRelationship": "new_Site_Contact_Contact",
                        "item/@odata.id": "@{outputs('Environment')}/api/data/v9.1/contacts(@{outputs('Add_a_new_row')?['body/contactid']})"
                      },
                      "authentication": "@parameters('$authentication')"
                    }
                  },
                  "Relate_rows_2": {
                    "runAfter": {
                      "Update_a_row_5": [
                        "Succeeded"
                      ]
                    },
                    "metadata": {
                      "operationMetadataId": "4938aea6-1e70-4a14-b560-e5c7deeacd2c"
                    },
                    "type": "OpenApiConnection",
                    "inputs": {
                      "host": {
                        "connectionName": "shared_commondataserviceforapps",
                        "operationId": "AssociateEntities",
                        "apiId": "/providers/Microsoft.PowerApps/apis/shared_commondataserviceforapps"
                      },
                      "parameters": {
                        "entityName": "contacts",
                        "recordId": "@triggerOutputs()?['body/_cr420_contact_value']",
                        "associationEntityRelationship": "new_Site_Contact_Contact",
                        "item/@odata.id": "@{outputs('Environment')}/api/data/v9.1/new_sites(@{outputs('Get_a_study_site_row_by_ID_study_site')?['body/_new_site_value']})"
                      },
                      "authentication": "@parameters('$authentication')"
                    }
                  },
                  "Update_a_row_3": {
                    "runAfter": {
                      "Relate_rows_2": [
                        "Succeeded"
                      ]
                    },
                    "metadata": {
                      "operationMetadataId": "da5af287-5661-4c48-82c7-e9e7e6a6ddac"
                    },
                    "type": "OpenApiConnection",
                    "inputs": {
                      "host": {
                        "connectionName": "shared_commondataserviceforapps",
                        "operationId": "UpdateRecord",
                        "apiId": "/providers/Microsoft.PowerApps/apis/shared_commondataserviceforapps"
                      },
                      "parameters": {
                        "entityName": "cr420_studysitecontacts",
                        "recordId": "@triggerOutputs()?['body/cr420_studysitecontactid']",
                        "item/cr420_Contact@odata.bind": "/contacts(@{triggerOutputs()?['body/_cr420_contact_value']})"
                      },
                      "authentication": "@parameters('$authentication')"
                    }
                  },
                  "Update_a_row_4": {
                    "runAfter": {
                      "Relate_rows": [
                        "Succeeded"
                      ]
                    },
                    "metadata": {
                      "operationMetadataId": "78bbf764-914b-4e42-89cb-b0dd1c7f6677"
                    },
                    "type": "OpenApiConnection",
                    "inputs": {
                      "host": {
                        "connectionName": "shared_commondataserviceforapps",
                        "operationId": "UpdateRecord",
                        "apiId": "/providers/Microsoft.PowerApps/apis/shared_commondataserviceforapps"
                      },
                      "parameters": {
                        "entityName": "cr420_studysitecontacts",
                        "recordId": "@triggerOutputs()?['body/cr420_studysitecontactid']",
                        "item/cr420_Contact@odata.bind": "/contacts(@{outputs('Add_a_new_row')?['body/contactid']})"
                      },
                      "authentication": "@parameters('$authentication')"
                    }
                  },
                  "Update_a_row_5": {
                    "runAfter": {
                      "Add_a_new_row": [
                        "Failed",
                        "TimedOut"
                      ]
                    },
                    "metadata": {
                      "operationMetadataId": "93eadba9-d1c4-4c32-89be-e6ce7f58107f"
                    },
                    "type": "OpenApiConnection",
                    "inputs": {
                      "host": {
                        "connectionName": "shared_commondataserviceforapps",
                        "operationId": "UpdateRecord",
                        "apiId": "/providers/Microsoft.PowerApps/apis/shared_commondataserviceforapps"
                      },
                      "parameters": {
                        "entityName": "contacts",
                        "recordId": "@triggerOutputs()?['body/_cr420_contact_value']",
                        "item/cr420_contacttype": "@outputs('Get_a_study_site_contact_row_')?['body/new_contacttype']",
                        "item/emailaddress1": "@outputs('Get_a_study_site_contact_row_')?['body/mib_emailaddress']",
                        "item/jobtitle": "@outputs('Get_a_study_site_contact_row_')?['body/cr420_jobtitle']",
                        "item/department": "@outputs('Get_a_study_site_contact_row_')?['body/cr420_department']",
                        "item/cr420_fromdate": "@outputs('Get_a_study_site_contact_row_')?['body/cr420_fromdate']",
                        "item/cr420_taxid": "@outputs('Get_a_study_site_contact_row_')?['body/cr420_taxid']",
                        "item/cr420_todate": "@outputs('Get_a_study_site_contact_row_')?['body/cr420_todate']"
                      },
                      "authentication": "@parameters('$authentication')"
                    }
                  }
                },
                "runAfter": {
                  "Compose_2": [
                    "Succeeded"
                  ]
                },
                "else": {
                  "actions": {
                    "Update_a_row_2": {
                      "runAfter": {},
                      "metadata": {
                        "operationMetadataId": "b843b38e-5081-4655-be9e-12d0747f7f29"
                      },
                      "type": "OpenApiConnection",
                      "inputs": {
                        "host": {
                          "connectionName": "shared_commondataserviceforapps",
                          "operationId": "UpdateRecord",
                          "apiId": "/providers/Microsoft.PowerApps/apis/shared_commondataserviceforapps"
                        },
                        "parameters": {
                          "entityName": "contacts",
                          "recordId": "@triggerOutputs()?['body/_cr420_contact_value']",
                          "item/cr420_contacttype": "@outputs('Get_a_study_site_contact_row_')?['body/new_contacttype']",
                          "item/emailaddress1": "@outputs('Get_a_study_site_contact_row_')?['body/mib_emailaddress']",
                          "item/jobtitle": "@outputs('Get_a_study_site_contact_row_')?['body/cr420_jobtitle']",
                          "item/department": "@outputs('Get_a_study_site_contact_row_')?['body/cr420_department']",
                          "item/cr420_fromdate": "@outputs('Get_a_study_site_contact_row_')?['body/cr420_fromdate']",
                          "item/cr420_taxid": "@outputs('Get_a_study_site_contact_row_')?['body/cr420_taxid']",
                          "item/cr420_todate": "@outputs('Get_a_study_site_contact_row_')?['body/cr420_todate']"
                        },
                        "authentication": "@parameters('$authentication')"
                      }
                    }
                  }
                },
                "expression": {
                  "lessOrEquals": [
                    "@length(outputs('List_rows_of_study_site')?['body/value'])",
                    1
                  ]
                },
                "metadata": {
                  "operationMetadataId": "ff632b72-1b4f-45b0-b409-fe1ea6600f3a"
                },
                "type": "If"
              }
            }
          },
          "expression": {
            "equals": [
              "@empty(outputs('List_rows_of_study_site')?['body/value'])",
              "@true"
            ]
          },
          "metadata": {
            "operationMetadataId": "8a0e2956-d6ce-4a54-ad0f-5c8255f77e24"
          },
          "type": "If"
        },
        "Get_a_study_site_contact_row_": {
          "runAfter": {},
          "metadata": {
            "operationMetadataId": "bef8d040-4ca1-401a-b86d-d2462f1cb3c4"
          },
          "type": "OpenApiConnection",
          "inputs": {
            "host": {
              "connectionName": "shared_commondataserviceforapps",
              "operationId": "GetItem",
              "apiId": "/providers/Microsoft.PowerApps/apis/shared_commondataserviceforapps"
            },
            "parameters": {
              "entityName": "cr420_studysitecontacts",
              "recordId": "@triggerOutputs()?['body/cr420_studysitecontactid']"
            },
            "authentication": "@parameters('$authentication')"
          }
        },
        "Get_a_contact_row_by_ID_Contact": {
          "runAfter": {
            "Environment": [
              "Succeeded"
            ]
          },
          "metadata": {
            "operationMetadataId": "c2f43f27-d6f7-4f54-8ade-10f6737f9ab4"
          },
          "type": "OpenApiConnection",
          "inputs": {
            "host": {
              "connectionName": "shared_commondataserviceforapps",
              "operationId": "GetItem",
              "apiId": "/providers/Microsoft.PowerApps/apis/shared_commondataserviceforapps"
            },
            "parameters": {
              "entityName": "contacts",
              "recordId": "@outputs('Get_a_study_site_contact_row_')?['body/_cr420_contact_value']",
              "$select": "firstname,lastname,gendercode"
            },
            "authentication": "@parameters('$authentication')"
          }
        },
        "Get_Environment": {
          "runAfter": {
            "Get_a_study_site_contact_row_": [
              "Succeeded"
            ]
          },
          "metadata": {
            "operationMetadataId": "e5cd6092-08e9-40ca-b380-9c74559809dd"
          },
          "type": "ParseJson",
          "inputs": {
            "content": "@body('Get_a_study_site_contact_row_')",
            "schema": {
              "type": "object",
              "properties": {
                "@@odata.id": {
                  "type": "string"
                }
              }
            }
          }
        },
        "Environment": {
          "runAfter": {
            "Get_Environment": [
              "Succeeded"
            ]
          },
          "metadata": {
            "operationMetadataId": "d66fe69f-96c4-4584-a0f9-a93d824744b3"
          },
          "type": "Compose",
          "inputs": "@substring(body('Get_Environment')?['@odata.id'], 0, add(indexOf(body('Get_Environment')?['@odata.id'], '.com'), 4))"
        },
        "Initialize_variable_Triggers": {
          "runAfter": {
            "List_rows_of_study_site": [
              "Succeeded"
            ]
          },
          "metadata": {
            "operationMetadataId": "22835422-b08e-440c-8f3b-0dd3b008ce8b"
          },
          "type": "InitializeVariable",
          "inputs": {
            "variables": [
              {
                "name": "Trigger",
                "type": "string",
                "value": "@{triggerBody()['mib_softdelete']}"
              }
            ]
          }
        },
        "Condition": {
          "actions": {
            "Unrelate_rows": {
              "runAfter": {},
              "metadata": {
                "operationMetadataId": "c1fa80c5-8215-4a86-b9b2-c4243d39ba1e"
              },
              "type": "OpenApiConnection",
              "inputs": {
                "host": {
                  "connectionName": "shared_commondataserviceforapps",
                  "operationId": "DisassociateEntities",
                  "apiId": "/providers/Microsoft.PowerApps/apis/shared_commondataserviceforapps"
                },
                "parameters": {
                  "entityName": "contacts",
                  "recordId": "@triggerOutputs()?['body/_cr420_contact_value']",
                  "associationEntityRelationship": "new_Site_Contact_Contact",
                  "$id": "@{outputs('Environment')}/api/data/v9.1/new_sites(@{outputs('Get_a_study_site_row_by_ID_study_site')?['body/_new_site_value']})"
                },
                "authentication": "@parameters('$authentication')"
              }
            }
          },
          "runAfter": {
            "Condition_to_check_list_rows_of_study_site_is_empty": [
              "Succeeded"
            ]
          },
          "expression": {
            "equals": [
              "@variables('Trigger')",
              "True"
            ]
          },
          "metadata": {
            "operationMetadataId": "17da41ae-365e-409d-8bca-4c0410e4d938"
          },
          "type": "If"
        }
      },
      "outputs": {}
    }
  },
  "schemaVersion": "1.0.0.0"
}