{
  "properties": {
    "connectionReferences": {
      "shared_commondataserviceforapps": {
        "runtimeSource": "embedded",
        "connection": {
          "connectionReferenceLogicalName": "mib_MicrosoftDataverseMIBAdmin"
        },
        "api": {
          "name": "shared_commondataserviceforapps"
        }
      }
    },
    "definition": {
      "$schema": "https://schema.management.azure.com/providers/Microsoft.Logic/schemas/2016-06-01/workflowdefinition.json#",
      "contentVersion": "1.0.0.0",
      "parameters": {
        "$connections": {
          "defaultValue": {},
          "type": "Object"
        },
        "$authentication": {
          "defaultValue": {},
          "type": "SecureObject"
        }
      },
      "triggers": {
        "When_a_row_is_added,_modified_or_deleted": {
          "metadata": {
            "operationMetadataId": "0e32b5bd-92a4-4ee1-a31d-5a9efc0fe342"
          },
          "type": "OpenApiConnectionWebhook",
          "inputs": {
            "host": {
              "connectionName": "shared_commondataserviceforapps",
              "operationId": "SubscribeWebhookTrigger",
              "apiId": "/providers/Microsoft.PowerApps/apis/shared_commondataserviceforapps"
            },
            "parameters": {
              "subscriptionRequest/message": 4,
              "subscriptionRequest/entityname": "mib_studycontacts",
              "subscriptionRequest/scope": 4,
              "subscriptionRequest/filteringattributes": "mib_emailaddress"
            },
            "authentication": "@parameters('$authentication')"
          }
        }
      },
      "actions": {
        "Get_a_row_by_ID_-_Study_Contact": {
          "runAfter": {},
          "metadata": {
            "operationMetadataId": "1b414a25-2287-4186-848a-7646d3a2dcd1"
          },
          "type": "OpenApiConnection",
          "inputs": {
            "host": {
              "connectionName": "shared_commondataserviceforapps",
              "operationId": "GetItem",
              "apiId": "/providers/Microsoft.PowerApps/apis/shared_commondataserviceforapps"
            },
            "parameters": {
              "entityName": "mib_studycontactses",
              "recordId": "@triggerOutputs()?['body/mib_studycontactsid']"
            },
            "authentication": "@parameters('$authentication')"
          }
        },
        "Get_a_row_by_ID_-_Master_Contact": {
          "runAfter": {
            "Get_a_row_by_ID_-_Study_Contact": [
              "Succeeded"
            ]
          },
          "metadata": {
            "operationMetadataId": "55110678-37dc-48af-8175-b745d185cbad"
          },
          "type": "OpenApiConnection",
          "inputs": {
            "host": {
              "connectionName": "shared_commondataserviceforapps",
              "operationId": "GetItem",
              "apiId": "/providers/Microsoft.PowerApps/apis/shared_commondataserviceforapps"
            },
            "parameters": {
              "entityName": "contacts",
              "recordId": "@outputs('Get_a_row_by_ID_-_Study_Contact')?['body/_mib_addexistingornewstudycontact_value']",
              "$select": "firstname,lastname,gendercode"
            },
            "authentication": "@parameters('$authentication')"
          }
        },
        "Get_a_row_by_ID_-_Study": {
          "runAfter": {
            "Get_a_row_by_ID_-_Master_Contact": [
              "Succeeded"
            ]
          },
          "metadata": {
            "operationMetadataId": "caa67212-cd42-4b2f-b8cf-7a9bb40a0a88"
          },
          "type": "OpenApiConnection",
          "inputs": {
            "host": {
              "connectionName": "shared_commondataserviceforapps",
              "operationId": "GetItem",
              "apiId": "/providers/Microsoft.PowerApps/apis/shared_commondataserviceforapps"
            },
            "parameters": {
              "entityName": "new_studies",
              "recordId": "@outputs('Get_a_row_by_ID_-_Study_Contact')?['body/_mib_study_value']"
            },
            "authentication": "@parameters('$authentication')"
          }
        },
        "List_rows_of_study_associate_with_Contact_email_address": {
          "runAfter": {
            "Get_a_row_by_ID_-_Study": [
              "Succeeded"
            ]
          },
          "metadata": {
            "operationMetadataId": "0ecb227e-0a73-47a2-9fb3-764b7331b0f5"
          },
          "type": "OpenApiConnection",
          "inputs": {
            "host": {
              "connectionName": "shared_commondataserviceforapps",
              "operationId": "ListRecords",
              "apiId": "/providers/Microsoft.PowerApps/apis/shared_commondataserviceforapps"
            },
            "parameters": {
              "entityName": "new_studies",
              "fetchXml": "<fetch version=\"1.0\" output-format=\"xml-platform\" mapping=\"logical\" distinct=\"true\">\n  <entity name=\"new_study\">\n    <attribute name=\"new_studyid\" />\n    <attribute name=\"new_name\" />\n    <attribute name=\"createdon\" />\n    <order attribute=\"new_name\" descending=\"false\" />\n    <filter type=\"and\">\n      <condition attribute=\"mib_softdelete\" operator=\"ne\" value=\"1\" />\n    </filter>\n    <link-entity name=\"mib_studycontacts\" from=\"mib_study\" to=\"new_studyid\" link-type=\"inner\" alias=\"ac\">\n      <filter type=\"and\">\n        <condition attribute=\"mib_emailaddress\" operator=\"eq\" value=\"@{triggerOutputs()?['body/mib_emailaddress']}\" />\n        <condition attribute=\"mib_softdelete\" operator=\"ne\" value=\"1\" />\n      </filter>\n    </link-entity>\n  </entity>\n</fetch>"
            },
            "authentication": "@parameters('$authentication')"
          }
        },
        "Condition": {
          "actions": {
            "Update_a_row": {
              "runAfter": {},
              "metadata": {
                "operationMetadataId": "8cd70bf2-75dd-4c3c-be6a-5493a0450d59"
              },
              "type": "OpenApiConnection",
              "inputs": {
                "host": {
                  "connectionName": "shared_commondataserviceforapps",
                  "operationId": "UpdateRecord",
                  "apiId": "/providers/Microsoft.PowerApps/apis/shared_commondataserviceforapps"
                },
                "parameters": {
                  "entityName": "contacts",
                  "recordId": "@outputs('Get_a_row_by_ID_-_Study_Contact')?['body/_mib_addexistingornewstudycontact_value']",
                  "item/cr420_contacttype": "@outputs('Get_a_row_by_ID_-_Study_Contact')?['body/mib_contacttype']",
                  "item/jobtitle": "@outputs('Get_a_row_by_ID_-_Study_Contact')?['body/mib_jobtitle']",
                  "item/department": "@outputs('Get_a_row_by_ID_-_Study_Contact')?['body/mib_department']",
                  "item/cr420_fromdate": "@outputs('Get_a_row_by_ID_-_Study_Contact')?['body/mib_fromdate']",
                  "item/cr420_taxid": "@outputs('Get_a_row_by_ID_-_Study_Contact')?['body/mib_taxid']",
                  "item/cr420_todate": "@outputs('Get_a_row_by_ID_-_Study_Contact')?['body/mib_todate']"
                },
                "authentication": "@parameters('$authentication')"
              }
            }
          },
          "runAfter": {
            "List_rows_of_study_associate_with_Contact_email_address": [
              "Succeeded"
            ]
          },
          "else": {
            "actions": {
              "Condition_2": {
                "actions": {
                  "Add_a_new_row": {
                    "runAfter": {},
                    "metadata": {
                      "operationMetadataId": "40fa0ed0-eeca-486e-af9a-7974bcb35cb2"
                    },
                    "type": "OpenApiConnection",
                    "inputs": {
                      "host": {
                        "connectionName": "shared_commondataserviceforapps",
                        "operationId": "CreateRecord",
                        "apiId": "/providers/Microsoft.PowerApps/apis/shared_commondataserviceforapps"
                      },
                      "parameters": {
                        "entityName": "contacts",
                        "item/cr420_contacttype": "@outputs('Get_a_row_by_ID_-_Study_Contact')?['body/mib_contacttype']",
                        "item/emailaddress1": "@outputs('Get_a_row_by_ID_-_Study_Contact')?['body/mib_emailaddress']",
                        "item/firstname": "@outputs('Get_a_row_by_ID_-_Master_Contact')?['body/firstname']",
                        "item/lastname": "@outputs('Get_a_row_by_ID_-_Master_Contact')?['body/lastname']",
                        "item/jobtitle": "@outputs('Get_a_row_by_ID_-_Study_Contact')?['body/mib_jobtitle']",
                        "item/cr420_contactname": "@{outputs('Get_a_row_by_ID_-_Master_Contact')?['body/firstname']} @{outputs('Get_a_row_by_ID_-_Master_Contact')?['body/lastname']}",
                        "item/department": "@outputs('Get_a_row_by_ID_-_Study_Contact')?['body/mib_department']",
                        "item/cr420_fromdate": "@outputs('Get_a_row_by_ID_-_Study_Contact')?['body/mib_fromdate']",
                        "item/gendercode": "@outputs('Get_a_row_by_ID_-_Master_Contact')?['body/gendercode']",
                        "item/cr420_taxid": "@outputs('Get_a_row_by_ID_-_Study_Contact')?['body/mib_taxid']",
                        "item/cr420_todate": "@outputs('Get_a_row_by_ID_-_Study_Contact')?['body/mib_todate']"
                      },
                      "authentication": "@parameters('$authentication')"
                    }
                  },
                  "Update_a_row_4_-_Study_Contact": {
                    "runAfter": {
                      "Update_a_row_5_-_Contact": [
                        "Skipped"
                      ]
                    },
                    "metadata": {
                      "operationMetadataId": "6dad0190-ba8c-44de-b3fa-a16628cfbd73"
                    },
                    "type": "OpenApiConnection",
                    "inputs": {
                      "host": {
                        "connectionName": "shared_commondataserviceforapps",
                        "operationId": "UpdateRecord",
                        "apiId": "/providers/Microsoft.PowerApps/apis/shared_commondataserviceforapps"
                      },
                      "parameters": {
                        "entityName": "mib_studycontactses",
                        "recordId": "@outputs('Get_a_row_by_ID_-_Study_Contact')?['body/mib_studycontactsid']",
                        "item/mib_AddExistingorNewStudyContact@odata.bind": "/contacts(@{outputs('Add_a_new_row')?['body/contactid']})"
                      },
                      "authentication": "@parameters('$authentication')"
                    }
                  },
                  "Update_a_row_5_-_Contact": {
                    "runAfter": {
                      "Add_a_new_row": [
                        "Failed",
                        "TimedOut"
                      ]
                    },
                    "metadata": {
                      "operationMetadataId": "fb70b200-a94c-4e47-905f-54d5f8caa3c1"
                    },
                    "type": "OpenApiConnection",
                    "inputs": {
                      "host": {
                        "connectionName": "shared_commondataserviceforapps",
                        "operationId": "UpdateRecord",
                        "apiId": "/providers/Microsoft.PowerApps/apis/shared_commondataserviceforapps"
                      },
                      "parameters": {
                        "entityName": "contacts",
                        "recordId": "@triggerOutputs()?['body/_mib_addexistingornewstudycontact_value']",
                        "item/cr420_contacttype": "@outputs('Get_a_row_by_ID_-_Study_Contact')?['body/mib_contacttype']",
                        "item/emailaddress1": "@outputs('Get_a_row_by_ID_-_Study_Contact')?['body/mib_emailaddress']",
                        "item/jobtitle": "@outputs('Get_a_row_by_ID_-_Study_Contact')?['body/mib_jobtitle']",
                        "item/department": "@outputs('Get_a_row_by_ID_-_Study_Contact')?['body/mib_department']",
                        "item/cr420_fromdate": "@outputs('Get_a_row_by_ID_-_Study_Contact')?['body/mib_fromdate']",
                        "item/cr420_taxid": "@outputs('Get_a_row_by_ID_-_Study_Contact')?['body/mib_taxid']",
                        "item/cr420_todate": "@outputs('Get_a_row_by_ID_-_Study_Contact')?['body/mib_todate']"
                      },
                      "authentication": "@parameters('$authentication')"
                    }
                  }
                },
                "runAfter": {},
                "else": {
                  "actions": {
                    "Update_a_row_2": {
                      "runAfter": {},
                      "metadata": {
                        "operationMetadataId": "e344b39d-065b-454a-a5bb-fe607c5dcdae"
                      },
                      "type": "OpenApiConnection",
                      "inputs": {
                        "host": {
                          "connectionName": "shared_commondataserviceforapps",
                          "operationId": "UpdateRecord",
                          "apiId": "/providers/Microsoft.PowerApps/apis/shared_commondataserviceforapps"
                        },
                        "parameters": {
                          "entityName": "contacts",
                          "recordId": "@outputs('Get_a_row_by_ID_-_Study_Contact')?['body/_mib_addexistingornewstudycontact_value']",
                          "item/cr420_contacttype": "@outputs('Get_a_row_by_ID_-_Study_Contact')?['body/mib_contacttype']",
                          "item/emailaddress1": "@outputs('Get_a_row_by_ID_-_Study_Contact')?['body/mib_emailaddress']",
                          "item/jobtitle": "@outputs('Get_a_row_by_ID_-_Study_Contact')?['body/mib_jobtitle']",
                          "item/department": "@outputs('Get_a_row_by_ID_-_Study_Contact')?['body/mib_department']",
                          "item/cr420_fromdate": "@outputs('Get_a_row_by_ID_-_Study_Contact')?['body/mib_fromdate']",
                          "item/cr420_taxid": "@outputs('Get_a_row_by_ID_-_Study_Contact')?['body/mib_taxid']",
                          "item/cr420_todate": "@outputs('Get_a_row_by_ID_-_Study_Contact')?['body/mib_todate']"
                        },
                        "authentication": "@parameters('$authentication')"
                      }
                    }
                  }
                },
                "expression": {
                  "equals": [
                    "@length(outputs('List_rows_of_study_associate_with_Contact_email_address')?['body/value'])",
                    1
                  ]
                },
                "metadata": {
                  "operationMetadataId": "f7a04a69-25e4-4a5f-80ec-02c9eb901e83"
                },
                "type": "If"
              }
            }
          },
          "expression": {
            "equals": [
              "@empty(outputs('List_rows_of_study_associate_with_Contact_email_address')?['body/value'])",
              "@true"
            ]
          },
          "metadata": {
            "operationMetadataId": "5a5988a8-35ba-4169-8fc0-8802dcdef069"
          },
          "type": "If"
        }
      },
      "outputs": {}
    }
  },
  "schemaVersion": "1.0.0.0"
}