{
  "properties": {
    "connectionReferences": {
      "shared_commondataserviceforapps": {
        "runtimeSource": "embedded",
        "connection": {
          "connectionReferenceLogicalName": "mib_MicrosoftDataverseMIBAdmin"
        },
        "api": {
          "name": "shared_commondataserviceforapps"
        }
      }
    },
    "definition": {
      "$schema": "https://schema.management.azure.com/providers/Microsoft.Logic/schemas/2016-06-01/workflowdefinition.json#",
      "contentVersion": "1.0.0.0",
      "parameters": {
        "$connections": {
          "defaultValue": {},
          "type": "Object"
        },
        "$authentication": {
          "defaultValue": {},
          "type": "SecureObject"
        }
      },
      "triggers": {
        "When_a_row_is_added,_modified_or_deleted": {
          "metadata": {
            "operationMetadataId": "f50af526-779d-4a69-a0ea-165d4a28d303"
          },
          "type": "OpenApiConnectionWebhook",
          "inputs": {
            "host": {
              "connectionName": "shared_commondataserviceforapps",
              "operationId": "SubscribeWebhookTrigger",
              "apiId": "/providers/Microsoft.PowerApps/apis/shared_commondataserviceforapps"
            },
            "parameters": {
              "subscriptionRequest/message": 4,
              "subscriptionRequest/entityname": "new_studysiteequipments",
              "subscriptionRequest/scope": 4,
              "subscriptionRequest/filteringattributes": "new_scannertype,new_make,new_model,cr420_mediatypes,mib_serialnumber"
            },
            "authentication": "@parameters('$authentication')"
          }
        }
      },
      "actions": {
        "List_rows": {
          "runAfter": {
            "Get_a_row_by_ID_2": [
              "Succeeded"
            ]
          },
          "metadata": {
            "operationMetadataId": "b2c1c269-eb25-4185-87a7-224befeed09d"
          },
          "type": "OpenApiConnection",
          "inputs": {
            "host": {
              "connectionName": "shared_commondataserviceforapps",
              "operationId": "ListRecords",
              "apiId": "/providers/Microsoft.PowerApps/apis/shared_commondataserviceforapps"
            },
            "parameters": {
              "entityName": "cr6ee_studysites",
              "fetchXml": "<fetch version=\"1.0\" output-format=\"xml-platform\" mapping=\"logical\" distinct=\"true\">\n  <entity name=\"cr6ee_studysite\">\n    <attribute name=\"cr6ee_studysiteid\" />\n    <attribute name=\"cr6ee_sitename\" />\n    <attribute name=\"createdon\" />\n    <order attribute=\"cr6ee_sitename\" descending=\"false\" />\n    <link-entity name=\"new_studysiteequipments\" from=\"new_studysite\" to=\"cr6ee_studysiteid\" link-type=\"inner\" alias=\"aa\">\n      <filter type=\"and\">\n        <condition attribute=\"new_siteequipment\" operator=\"eq\" value=\"@{triggerOutputs()?['body/_new_siteequipment_value']}\"/>\n      </filter>\n    </link-entity>\n  </entity>\n</fetch>"
            },
            "authentication": "@parameters('$authentication')"
          }
        },
        "Condition": {
          "actions": {
            "Compose": {
              "runAfter": {},
              "metadata": {
                "operationMetadataId": "1b675c08-5661-49df-85d6-06bb83507a24"
              },
              "type": "Compose",
              "inputs": 1
            },
            "Update_a_row": {
              "runAfter": {
                "Compose": [
                  "Succeeded"
                ]
              },
              "metadata": {
                "operationMetadataId": "a435466c-e7c2-4a02-96d9-963d5fff12fe"
              },
              "type": "OpenApiConnection",
              "inputs": {
                "host": {
                  "connectionName": "shared_commondataserviceforapps",
                  "operationId": "UpdateRecord",
                  "apiId": "/providers/Microsoft.PowerApps/apis/shared_commondataserviceforapps"
                },
                "parameters": {
                  "entityName": "new_siteequipments",
                  "recordId": "@triggerOutputs()?['body/_new_siteequipment_value']",
                  "item/new_make": "@triggerOutputs()?['body/new_make']",
                  "item/new_mediatypes": "@outputs('Get_a_row_by_ID')?['body/cr420_mediatypes']",
                  "item/new_model": "@triggerOutputs()?['body/new_model']",
                  "item/new_scannertype": "@triggerOutputs()?['body/new_scannertype']",
                  "item/mib_serialnumber": "@triggerOutputs()?['body/mib_serialnumber']",
                  "item/cr420_new_Site@odata.bind": "/new_sites(@{outputs('Get_a_row_by_ID_2')?['body/_new_site_value']})"
                },
                "authentication": "@parameters('$authentication')"
              }
            }
          },
          "runAfter": {
            "List_rows": [
              "Succeeded"
            ]
          },
          "else": {
            "actions": {
              "Compose_2": {
                "runAfter": {},
                "metadata": {
                  "operationMetadataId": "afe8f0b3-a1c5-4698-89a7-4cc1fce6b9fc"
                },
                "type": "Compose",
                "inputs": "@length(outputs('List_rows')?['body/value'])"
              },
              "Condition_2": {
                "actions": {
                  "Update_a_row_2": {
                    "runAfter": {},
                    "metadata": {
                      "operationMetadataId": "130040f5-d977-42b6-83cb-eda90e26fcd4"
                    },
                    "type": "OpenApiConnection",
                    "inputs": {
                      "host": {
                        "connectionName": "shared_commondataserviceforapps",
                        "operationId": "UpdateRecord",
                        "apiId": "/providers/Microsoft.PowerApps/apis/shared_commondataserviceforapps"
                      },
                      "parameters": {
                        "entityName": "new_siteequipments",
                        "recordId": "@triggerOutputs()?['body/_new_siteequipment_value']",
                        "item/new_make": "@triggerOutputs()?['body/new_make']",
                        "item/new_mediatypes": "@outputs('Get_a_row_by_ID')?['body/cr420_mediatypes']",
                        "item/new_model": "@triggerOutputs()?['body/new_model']",
                        "item/new_scannertype": "@triggerOutputs()?['body/new_scannertype']",
                        "item/mib_serialnumber": "@triggerOutputs()?['body/mib_serialnumber']",
                        "item/cr420_new_Site@odata.bind": "/new_sites(@{outputs('Get_a_row_by_ID_2')?['body/_new_site_value']})"
                      },
                      "authentication": "@parameters('$authentication')"
                    }
                  }
                },
                "runAfter": {
                  "Compose_2": [
                    "Succeeded"
                  ]
                },
                "else": {
                  "actions": {
                    "Add_a_new_row": {
                      "runAfter": {},
                      "metadata": {
                        "operationMetadataId": "827275a3-7128-4db7-9b87-d6c5d200701f"
                      },
                      "type": "OpenApiConnection",
                      "inputs": {
                        "host": {
                          "connectionName": "shared_commondataserviceforapps",
                          "operationId": "CreateRecord",
                          "apiId": "/providers/Microsoft.PowerApps/apis/shared_commondataserviceforapps"
                        },
                        "parameters": {
                          "entityName": "new_siteequipments",
                          "item/new_make": "@triggerOutputs()?['body/new_make']",
                          "item/new_mediatypes": "@outputs('Get_a_row_by_ID')?['body/cr420_mediatypes']",
                          "item/new_model": "@outputs('Get_a_row_by_ID')?['body/new_model']",
                          "item/new_scannertype": "@triggerOutputs()?['body/new_scannertype']",
                          "item/mib_serialnumber": "@triggerOutputs()?['body/mib_serialnumber']",
                          "item/cr420_new_Site@odata.bind": "/new_sites(@{outputs('Get_a_row_by_ID_2')?['body/_new_site_value']})"
                        },
                        "authentication": "@parameters('$authentication')"
                      }
                    },
                    "Update_a_row_3": {
                      "runAfter": {
                        "Add_a_new_row": [
                          "Succeeded"
                        ]
                      },
                      "metadata": {
                        "operationMetadataId": "55117e8a-512e-4612-a3c3-1869859e434d"
                      },
                      "type": "OpenApiConnection",
                      "inputs": {
                        "host": {
                          "connectionName": "shared_commondataserviceforapps",
                          "operationId": "UpdateRecord",
                          "apiId": "/providers/Microsoft.PowerApps/apis/shared_commondataserviceforapps"
                        },
                        "parameters": {
                          "entityName": "new_studysiteequipmentses",
                          "recordId": "@triggerOutputs()?['body/new_studysiteequipmentsid']",
                          "item/new_siteequipment@odata.bind": "/new_siteequipments(@{outputs('Add_a_new_row')?['body/new_siteequipmentid']})"
                        },
                        "authentication": "@parameters('$authentication')"
                      }
                    }
                  }
                },
                "expression": {
                  "equals": [
                    "@length(outputs('List_rows')?['body/value'])",
                    1
                  ]
                },
                "metadata": {
                  "operationMetadataId": "3087fedb-21e8-4028-ba5e-a4e715e72153"
                },
                "type": "If"
              }
            }
          },
          "expression": {
            "equals": [
              "@empty(outputs('List_rows')?['body/value'])",
              "@true"
            ]
          },
          "metadata": {
            "operationMetadataId": "d9b36d35-7630-4120-9959-7fb312592522"
          },
          "type": "If"
        },
        "Get_a_row_by_ID": {
          "runAfter": {},
          "metadata": {
            "operationMetadataId": "143b4335-dbf5-4266-ab68-9cc9602e5769"
          },
          "type": "OpenApiConnection",
          "inputs": {
            "host": {
              "connectionName": "shared_commondataserviceforapps",
              "operationId": "GetItem",
              "apiId": "/providers/Microsoft.PowerApps/apis/shared_commondataserviceforapps"
            },
            "parameters": {
              "entityName": "new_studysiteequipmentses",
              "recordId": "@triggerOutputs()?['body/new_studysiteequipmentsid']"
            },
            "authentication": "@parameters('$authentication')"
          }
        },
        "Get_a_row_by_ID_2": {
          "runAfter": {
            "Get_a_row_by_ID": [
              "Succeeded"
            ]
          },
          "metadata": {
            "operationMetadataId": "3b13f980-f512-4b98-8c96-9c345e7f19b1"
          },
          "type": "OpenApiConnection",
          "inputs": {
            "host": {
              "connectionName": "shared_commondataserviceforapps",
              "operationId": "GetItem",
              "apiId": "/providers/Microsoft.PowerApps/apis/shared_commondataserviceforapps"
            },
            "parameters": {
              "entityName": "cr6ee_studysites",
              "recordId": "@outputs('Get_a_row_by_ID')?['body/_new_studysite_value']",
              "$select": "_new_site_value"
            },
            "authentication": "@parameters('$authentication')"
          }
        }
      },
      "outputs": {}
    }
  },
  "schemaVersion": "1.0.0.0"
}