{
  "properties": {
    "connectionReferences": {
      "shared_commondataserviceforapps": {
        "runtimeSource": "embedded",
        "connection": {
          "connectionReferenceLogicalName": "mib_MicrosoftDataverseMIBAdmin"
        },
        "api": {
          "name": "shared_commondataserviceforapps"
        }
      }
    },
    "definition": {
      "$schema": "https://schema.management.azure.com/providers/Microsoft.Logic/schemas/2016-06-01/workflowdefinition.json#",
      "contentVersion": "1.0.0.0",
      "parameters": {
        "$connections": {
          "defaultValue": {},
          "type": "Object"
        },
        "$authentication": {
          "defaultValue": {},
          "type": "SecureObject"
        }
      },
      "triggers": {
        "When_System_Configuration_is_updated": {
          "metadata": {
            "operationMetadataId": "736382c3-6a55-449f-bb7f-f1a869f43d2f"
          },
          "type": "OpenApiConnectionWebhook",
          "inputs": {
            "host": {
              "connectionName": "shared_commondataserviceforapps",
              "operationId": "SubscribeWebhookTrigger",
              "apiId": "/providers/Microsoft.PowerApps/apis/shared_commondataserviceforapps"
            },
            "parameters": {
              "subscriptionRequest/message": 3,
              "subscriptionRequest/entityname": "mib_systemconfiguration",
              "subscriptionRequest/scope": 4,
              "subscriptionRequest/filterexpression": "mib_updatesolutionversions eq true",
              "subscriptionRequest/runas": 1
            },
            "authentication": "@parameters('$authentication')"
          }
        }
      },
      "actions": {
        "Update_System_Configuration": {
          "runAfter": {},
          "metadata": {
            "operationMetadataId": "59f4a1f8-6f5c-4b47-841e-a9732eb82178"
          },
          "type": "OpenApiConnection",
          "inputs": {
            "host": {
              "connectionName": "shared_commondataserviceforapps",
              "operationId": "UpdateRecord",
              "apiId": "/providers/Microsoft.PowerApps/apis/shared_commondataserviceforapps"
            },
            "parameters": {
              "entityName": "mib_systemconfigurations",
              "recordId": "@triggerOutputs()?['body/mib_systemconfigurationid']",
              "item/mib_updatesolutionversions": false,
              "item/mib_updatesolutionversionson": "@utcNow()"
            },
            "authentication": "@parameters('$authentication')"
          }
        },
        "Run_the_Solution_Version_Update": {
          "runAfter": {
            "Update_System_Configuration": [
              "Succeeded"
            ]
          },
          "metadata": {
            "operationMetadataId": "fcedd11e-633a-477d-9ea6-6a372d73c4a5"
          },
          "type": "Workflow",
          "inputs": {
            "host": {
              "workflowReferenceName": "1566881a-1be3-eb11-bacb-0022481d06d6"
            }
          }
        }
      },
      "outputs": {}
    }
  },
  "schemaVersion": "1.0.0.0"
}