{
  "properties": {
    "connectionReferences": {
      "shared_commondataserviceforapps": {
        "runtimeSource": "embedded",
        "connection": {
          "connectionReferenceLogicalName": "mib_MicrosoftDataverseMIBAdmin"
        },
        "api": {
          "name": "shared_commondataserviceforapps"
        }
      }
    },
    "definition": {
      "$schema": "https://schema.management.azure.com/providers/Microsoft.Logic/schemas/2016-06-01/workflowdefinition.json#",
      "contentVersion": "1.0.0.0",
      "parameters": {
        "$connections": {
          "defaultValue": {},
          "type": "Object"
        },
        "$authentication": {
          "defaultValue": {},
          "type": "SecureObject"
        }
      },
      "triggers": {
        "manual": {
          "metadata": {
            "operationMetadataId": "09af3527-b8b7-49dd-ba7b-7450f2ffd45b"
          },
          "type": "Request",
          "kind": "Button",
          "inputs": {
            "schema": {
              "type": "object",
              "properties": {},
              "required": []
            }
          }
        }
      },
      "actions": {
        "List_rows": {
          "runAfter": {
            "Set_variable": [
              "Succeeded"
            ]
          },
          "metadata": {
            "operationMetadataId": "0fd73128-11a9-42a7-a448-81b8f05ed434"
          },
          "type": "OpenApiConnection",
          "inputs": {
            "host": {
              "connectionName": "shared_commondataserviceforapps",
              "operationId": "ListRecords",
              "apiId": "/providers/Microsoft.PowerApps/apis/shared_commondataserviceforapps"
            },
            "parameters": {
              "entityName": "mib_indications",
              "$filter": "mib_name eq '@{variables('Temp 2')}'"
            },
            "authentication": {
              "type": "Raw",
              "value": "@json(decodeBase64(triggerOutputs().headers['X-MS-APIM-Tokens']))['$ConnectionKey']"
            }
          }
        },
        "Initialize_variable": {
          "runAfter": {},
          "metadata": {
            "operationMetadataId": "a5463caa-0562-4bef-b44f-ec53fa1780cb"
          },
          "type": "InitializeVariable",
          "inputs": {
            "variables": [
              {
                "name": "Temp",
                "type": "string",
                "value": "Parkinson's disease"
              }
            ]
          }
        },
        "Set_variable": {
          "runAfter": {
            "Initialize_variable_3": [
              "Succeeded"
            ]
          },
          "metadata": {
            "operationMetadataId": "9823aed1-8276-4569-8017-23325c2f8723"
          },
          "type": "SetVariable",
          "inputs": {
            "name": "Temp 2",
            "value": "@{replace(variables('Temp'),'''','''''')}"
          }
        },
        "Initialize_variable_2": {
          "runAfter": {
            "Initialize_variable": [
              "Succeeded"
            ]
          },
          "metadata": {
            "operationMetadataId": "e0950f37-30f5-4528-a16d-5cd6bb63b2d6"
          },
          "type": "InitializeVariable",
          "inputs": {
            "variables": [
              {
                "name": "Temp 2",
                "type": "string"
              }
            ]
          }
        },
        "Initialize_variable_3": {
          "runAfter": {
            "Initialize_variable_2": [
              "Succeeded"
            ]
          },
          "metadata": {
            "operationMetadataId": "6dc0487f-2202-408d-9168-996726608b85"
          },
          "type": "InitializeVariable",
          "inputs": {
            "variables": [
              {
                "name": "Count",
                "type": "integer"
              }
            ]
          }
        },
        "Set_variable_2": {
          "runAfter": {
            "List_rows": [
              "Succeeded"
            ]
          },
          "metadata": {
            "operationMetadataId": "1702557f-ad5a-42ca-b23c-8551fdf994ec"
          },
          "type": "SetVariable",
          "inputs": {
            "name": "Count",
            "value": "@length(outputs('List_rows')?['body/value'])"
          }
        }
      }
    }
  },
  "schemaVersion": "1.0.0.0"
}