{
  "properties": {
    "connectionReferences": {
      "shared_commondataserviceforapps": {
        "runtimeSource": "embedded",
        "connection": {
          "connectionReferenceLogicalName": "mib_MicrosoftDataverseMIBAdmin"
        },
        "api": {
          "name": "shared_commondataserviceforapps"
        }
      }
    },
    "definition": {
      "$schema": "https://schema.management.azure.com/providers/Microsoft.Logic/schemas/2016-06-01/workflowdefinition.json#",
      "contentVersion": "1.0.0.0",
      "parameters": {
        "$connections": {
          "defaultValue": {},
          "type": "Object"
        },
        "$authentication": {
          "defaultValue": {},
          "type": "SecureObject"
        }
      },
      "triggers": {
        "manual": {
          "metadata": {
            "operationMetadataId": "43f91095-1070-4899-a09d-d2c5b48f88a6"
          },
          "type": "Request",
          "kind": "Button",
          "inputs": {
            "schema": {
              "type": "object",
              "properties": {},
              "required": []
            }
          }
        }
      },
      "actions": {
        "List_rows": {
          "runAfter": {},
          "metadata": {
            "operationMetadataId": "84302b03-9175-41b7-a594-e23bcc2d46b2"
          },
          "type": "OpenApiConnection",
          "inputs": {
            "host": {
              "connectionName": "shared_commondataserviceforapps",
              "operationId": "ListRecords",
              "apiId": "/providers/Microsoft.PowerApps/apis/shared_commondataserviceforapps"
            },
            "parameters": {
              "entityName": "mib_ambraqcforms",
              "fetchXml": "<fetch version=\"1.0\" output-format=\"xml-platform\" mapping=\"logical\" aggregate=\"true\">\n  <entity name=\"mib_ambraqcform\">\n\t<attribute name=\"mib_name\" alias=\"qcformname\" aggregate=\"count\"/> \n    <link-entity name=\"mib_qctaskassignment\" from=\"mib_qcformtemplate\" to=\"mib_ambraqcformid\" link-type=\"inner\" alias=\"ac\">\n      <link-entity name=\"new_studyversion\" from=\"new_studyversionid\" to=\"mib_studyconfiguration\" link-type=\"inner\" alias=\"ad\">\n\t<attribute name=\"createdon\" aggregate=\"max\" alias=\"co\"/>\n\t<order alias=\"co\" descending=\"true\" />\n      </link-entity>\n</link-entity>\n  </entity>\n</fetch>"
            },
            "authentication": {
              "type": "Raw",
              "value": "@json(decodeBase64(triggerOutputs().headers['X-MS-APIM-Tokens']))['$ConnectionKey']"
            }
          }
        },
        "Apply_to_each": {
          "foreach": "@outputs('List_rows')?['body/value']",
          "actions": {
            "Compose": {
              "runAfter": {},
              "metadata": {
                "operationMetadataId": "0578c93e-deba-41c9-a0a1-e61dd7b1728c"
              },
              "type": "Compose",
              "inputs": "@outputs('List_rows')?['body/value']"
            }
          },
          "runAfter": {
            "List_rows": [
              "Succeeded"
            ]
          },
          "metadata": {
            "operationMetadataId": "7104847a-cc7b-47ca-9710-24dd1b0ca007"
          },
          "type": "Foreach"
        }
      },
      "outputs": {}
    }
  },
  "schemaVersion": "1.0.0.0"
}