{
  "properties": {
    "connectionReferences": {
      "shared_commondataserviceforapps": {
        "runtimeSource": "embedded",
        "connection": {
          "connectionReferenceLogicalName": "mib_MicrosoftDataverseMIBAdmin"
        },
        "api": {
          "name": "shared_commondataserviceforapps"
        }
      }
    },
    "definition": {
      "$schema": "https://schema.management.azure.com/providers/Microsoft.Logic/schemas/2016-06-01/workflowdefinition.json#",
      "contentVersion": "1.0.0.0",
      "parameters": {
        "$connections": {
          "defaultValue": {},
          "type": "Object"
        },
        "$authentication": {
          "defaultValue": {},
          "type": "SecureObject"
        }
      },
      "triggers": {
        "manual": {
          "metadata": {
            "operationMetadataId": "af11c0fb-9075-4f32-a454-501c5ea7f463"
          },
          "type": "Request",
          "kind": "Button",
          "inputs": {
            "schema": {
              "type": "object",
              "properties": {},
              "required": []
            }
          }
        }
      },
      "actions": {
        "List_rows": {
          "runAfter": {
            "Initialize_variable": [
              "Succeeded"
            ]
          },
          "metadata": {
            "operationMetadataId": "af1c17a3-47ff-43a2-b7a2-a06338d07aaf"
          },
          "type": "OpenApiConnection",
          "inputs": {
            "host": {
              "connectionName": "shared_commondataserviceforapps",
              "operationId": "ListRecords",
              "apiId": "/providers/Microsoft.PowerApps/apis/shared_commondataserviceforapps"
            },
            "parameters": {
              "entityName": "mib_studysiteevents"
            },
            "authentication": {
              "type": "Raw",
              "value": "@json(decodeBase64(triggerOutputs().headers['X-MS-APIM-Tokens']))['$ConnectionKey']"
            }
          }
        },
        "Apply_to_each": {
          "foreach": "@outputs('List_rows')?['body/value']",
          "actions": {
            "Set_variable": {
              "runAfter": {},
              "metadata": {
                "operationMetadataId": "5042a035-4345-4c8e-a19a-dede10431612"
              },
              "type": "SetVariable",
              "inputs": {
                "name": "SiteEventID",
                "value": "@items('Apply_to_each')?['_mib_studyeventnamelookup_value']"
              }
            },
            "Condition": {
              "actions": {},
              "runAfter": {
                "Set_variable": [
                  "Succeeded"
                ]
              },
              "else": {
                "actions": {
                  "Get_a_row_by_ID": {
                    "runAfter": {},
                    "metadata": {
                      "operationMetadataId": "a2aa3775-272a-4941-a07b-2858cbfa313c"
                    },
                    "type": "OpenApiConnection",
                    "inputs": {
                      "host": {
                        "connectionName": "shared_commondataserviceforapps",
                        "operationId": "GetItem",
                        "apiId": "/providers/Microsoft.PowerApps/apis/shared_commondataserviceforapps"
                      },
                      "parameters": {
                        "entityName": "mib_studyevents",
                        "recordId": "@items('Apply_to_each')?['_mib_studyeventnamelookup_value']"
                      },
                      "authentication": {
                        "type": "Raw",
                        "value": "@json(decodeBase64(triggerOutputs().headers['X-MS-APIM-Tokens']))['$ConnectionKey']"
                      }
                    }
                  },
                  "Condition_2": {
                    "actions": {},
                    "runAfter": {
                      "Set_variable_2": [
                        "Succeeded"
                      ]
                    },
                    "else": {
                      "actions": {
                        "Update_a_row": {
                          "runAfter": {},
                          "metadata": {
                            "operationMetadataId": "6ffe647c-f37e-42b7-a407-0e5f8bc66a8f"
                          },
                          "type": "OpenApiConnection",
                          "inputs": {
                            "host": {
                              "connectionName": "shared_commondataserviceforapps",
                              "operationId": "UpdateRecord",
                              "apiId": "/providers/Microsoft.PowerApps/apis/shared_commondataserviceforapps"
                            },
                            "parameters": {
                              "entityName": "mib_studysiteevents",
                              "recordId": "@items('Apply_to_each')?['mib_studysiteeventid']",
                              "item/mib_siteevent@odata.bind": "/mib_siteevents(@{outputs('Get_a_row_by_ID')?['body/_mib_siteevent_value']})"
                            },
                            "authentication": {
                              "type": "Raw",
                              "value": "@json(decodeBase64(triggerOutputs().headers['X-MS-APIM-Tokens']))['$ConnectionKey']"
                            }
                          }
                        }
                      }
                    },
                    "expression": {
                      "or": [
                        {
                          "equals": [
                            "@empty(variables('SiteEventID'))",
                            "@true"
                          ]
                        },
                        {
                          "equals": [
                            "@variables('SiteEventID')",
                            null
                          ]
                        }
                      ]
                    },
                    "metadata": {
                      "operationMetadataId": "10d3355d-cdd3-4f6a-87ef-ea7938919c88"
                    },
                    "type": "If"
                  },
                  "Set_variable_2": {
                    "runAfter": {
                      "Get_a_row_by_ID": [
                        "Succeeded"
                      ]
                    },
                    "metadata": {
                      "operationMetadataId": "8c8571b3-e045-4a99-af6e-4f4340152c49"
                    },
                    "type": "SetVariable",
                    "inputs": {
                      "name": "SiteEventID",
                      "value": "@outputs('Get_a_row_by_ID')?['body/_mib_siteevent_value']"
                    }
                  }
                }
              },
              "expression": {
                "or": [
                  {
                    "equals": [
                      "@empty(variables('SiteEventID'))",
                      "@true"
                    ]
                  },
                  {
                    "equals": [
                      "@variables('SiteEventID')",
                      null
                    ]
                  }
                ]
              },
              "metadata": {
                "operationMetadataId": "7b76f1b4-1b7e-4225-b197-bbc24ff375c3"
              },
              "type": "If"
            }
          },
          "runAfter": {
            "List_rows": [
              "Succeeded"
            ]
          },
          "metadata": {
            "operationMetadataId": "57a3b563-f835-41f6-a8ee-04f247903d86"
          },
          "type": "Foreach"
        },
        "Initialize_variable": {
          "runAfter": {},
          "metadata": {
            "operationMetadataId": "acd7692f-82bb-4d41-8ea4-0f72fbcb15a3"
          },
          "type": "InitializeVariable",
          "inputs": {
            "variables": [
              {
                "name": "SiteEventID",
                "type": "string"
              }
            ]
          }
        }
      },
      "outputs": {}
    }
  },
  "schemaVersion": "1.0.0.0"
}