{
  "properties": {
    "connectionReferences": {
      "shared_commondataserviceforapps": {
        "runtimeSource": "embedded",
        "connection": {
          "connectionReferenceLogicalName": "mib_MicrosoftDataverseMIBAdmin"
        },
        "api": {
          "name": "shared_commondataserviceforapps"
        }
      },
      "shared_commondataserviceforapps_1": {
        "runtimeSource": "embedded",
        "connection": {
          "connectionReferenceLogicalName": "mib_MicrosoftDataverseMIBAdmin"
        },
        "api": {
          "name": "shared_commondataserviceforapps"
        }
      }
    },
    "definition": {
      "$schema": "https://schema.management.azure.com/providers/Microsoft.Logic/schemas/2016-06-01/workflowdefinition.json#",
      "contentVersion": "1.0.0.0",
      "parameters": {
        "$connections": {
          "defaultValue": {},
          "type": "Object"
        },
        "$authentication": {
          "defaultValue": {},
          "type": "SecureObject"
        }
      },
      "triggers": {
        "manual": {
          "metadata": {
            "operationMetadataId": "f19d889d-96dd-405a-8ced-8881a8af5be0"
          },
          "type": "Request",
          "kind": "Button",
          "inputs": {
            "schema": {
              "type": "object",
              "properties": {
                "text": {
                  "title": "uuid",
                  "type": "string",
                  "x-ms-dynamically-added": true,
                  "description": "uuid",
                  "x-ms-content-hint": "TEXT"
                },
                "text_1": {
                  "title": "SiteName",
                  "type": "string",
                  "x-ms-dynamically-added": true,
                  "description": "SiteName",
                  "x-ms-content-hint": "TEXT"
                },
                "text_2": {
                  "title": "Service_Url",
                  "type": "string",
                  "x-ms-dynamically-added": true,
                  "description": "Service_Url",
                  "x-ms-content-hint": "TEXT"
                },
                "text_3": {
                  "title": "UserName",
                  "type": "string",
                  "x-ms-dynamically-added": true,
                  "description": "UserName",
                  "x-ms-content-hint": "TEXT"
                },
                "text_4": {
                  "title": "Password",
                  "type": "string",
                  "x-ms-dynamically-added": true,
                  "description": "Password",
                  "x-ms-content-hint": "TEXT"
                },
                "text_5": {
                  "title": "SiteAccountUUID",
                  "type": "string",
                  "x-ms-dynamically-added": true,
                  "description": "SiteAccountUUID",
                  "x-ms-content-hint": "TEXT"
                },
                "text_6": {
                  "title": "Site GUID",
                  "type": "string",
                  "x-ms-dynamically-added": true,
                  "description": "Site GUID",
                  "x-ms-content-hint": "TEXT"
                },
                "text_7": {
                  "title": "SoftDelete",
                  "type": "string",
                  "x-ms-dynamically-added": true,
                  "description": "SoftDelete",
                  "x-ms-content-hint": "TEXT"
                },
                "boolean": {
                  "title": "Is Retry",
                  "type": "boolean",
                  "x-ms-dynamically-added": true,
                  "description": "Is Retry",
                  "x-ms-content-hint": "BOOLEAN"
                },
                "text_8": {
                  "title": "ECC Queue Record GUID",
                  "type": "string",
                  "x-ms-dynamically-added": true,
                  "description": "ECC Queue Record GUID",
                  "x-ms-content-hint": "TEXT"
                }
              },
              "required": [
                "text",
                "text_1",
                "text_2",
                "text_3",
                "text_4",
                "text_5",
                "text_6",
                "text_7",
                "boolean",
                "text_8"
              ]
            }
          }
        }
      },
      "actions": {
        "Condition_to_check_soft_delete": {
          "actions": {
            "Add_a_ECC_Record_for_Message_Type:_AmbraDeleteGlobalSiteSessionAPI": {
              "runAfter": {},
              "metadata": {
                "operationMetadataId": "1d02c898-b875-4713-9009-95cbbcbbfcab"
              },
              "type": "OpenApiConnection",
              "inputs": {
                "host": {
                  "connectionName": "shared_commondataserviceforapps",
                  "operationId": "CreateRecord",
                  "apiId": "/providers/Microsoft.PowerApps/apis/shared_commondataserviceforapps"
                },
                "parameters": {
                  "entityName": "mib_eccqueues",
                  "item/mib_createddatetime": "@utcNow()",
                  "item/mib_direction": 913380001,
                  "item/mib_integrationmessagetype": 13,
                  "item/mib_name": "Delete Site - @{triggerBody()['text_1']}",
                  "item/mib_requestfor": 913380001,
                  "item/mib_state": 913380004
                },
                "authentication": {
                  "type": "Raw",
                  "value": "@json(decodeBase64(triggerOutputs().headers['X-MS-APIM-Tokens']))['$ConnectionKey']"
                }
              }
            },
            "HTTP_-_SessionLogin(Delete)_2": {
              "runAfter": {
                "Add_a_ECC_Record_for_Message_Type:_AmbraDeleteGlobalSiteSessionAPI": [
                  "Succeeded"
                ]
              },
              "metadata": {
                "operationMetadataId": "258cb460-ac81-45e6-8a39-0525033bd638"
              },
              "type": "Http",
              "inputs": {
                "method": "POST",
                "uri": "@{triggerBody()['text_2']}/api/v3/session/login",
                "headers": {
                  "Content-Type": "application/x-www-form-urlencoded"
                },
                "body": "login=@{triggerBody()['text_3']}&password=@{triggerBody()['text_4']}"
              }
            },
            "Parse_JSON_3": {
              "runAfter": {
                "Condition_to_update_ECC_record_when_success_2": [
                  "Succeeded"
                ]
              },
              "metadata": {
                "operationMetadataId": "3768641b-d340-42af-a689-e459faf156f3"
              },
              "type": "ParseJson",
              "inputs": {
                "content": "@body('HTTP_-_SessionLogin(Delete)_2')",
                "schema": {
                  "type": "object",
                  "properties": {
                    "sid": {
                      "type": "string"
                    }
                  }
                }
              }
            },
            "Add_a_ECC_Record_for_Message_Type:_AmbraDeleteGlobalSiteDeleteSiteAPI_2": {
              "runAfter": {
                "Parse_JSON_3": [
                  "Succeeded"
                ]
              },
              "metadata": {
                "operationMetadataId": "8beecdb4-133a-4c60-ae65-6ea569c605bf"
              },
              "type": "OpenApiConnection",
              "inputs": {
                "host": {
                  "connectionName": "shared_commondataserviceforapps",
                  "operationId": "CreateRecord",
                  "apiId": "/providers/Microsoft.PowerApps/apis/shared_commondataserviceforapps"
                },
                "parameters": {
                  "entityName": "mib_eccqueues",
                  "item/mib_createddatetime": "@utcNow()",
                  "item/mib_direction": 913380001,
                  "item/mib_integrationmessagetype": 14,
                  "item/mib_name": "Delete Site - @{triggerBody()['text_1']}",
                  "item/mib_requestfor": 913380004,
                  "item/mib_state": 913380004
                },
                "authentication": {
                  "type": "Raw",
                  "value": "@json(decodeBase64(triggerOutputs().headers['X-MS-APIM-Tokens']))['$ConnectionKey']"
                }
              }
            },
            "HTTP_-_Delete_Site": {
              "runAfter": {
                "HTTP_-_Get_Site_from_Ambra": [
                  "Succeeded"
                ]
              },
              "metadata": {
                "operationMetadataId": "0dc7da4a-14b6-45dc-b36a-65786da724f1"
              },
              "type": "Http",
              "inputs": {
                "method": "POST",
                "uri": "@{triggerBody()['text_2']}/api/v3/site/delete",
                "headers": {
                  "Content-Type": "application/x-www-form-urlencoded"
                },
                "body": "sid=@{body('Parse_JSON_3')?['sid']}&uuid=@{triggerBody()['text']}"
              }
            },
            "Condition_2": {
              "actions": {
                "Update_Site_-_Deletion_is_unsuccessful": {
                  "runAfter": {},
                  "metadata": {
                    "operationMetadataId": "8f70de59-6c60-44d8-843f-dfe42f698873"
                  },
                  "type": "OpenApiConnection",
                  "inputs": {
                    "host": {
                      "connectionName": "shared_commondataserviceforapps",
                      "operationId": "UpdateRecord",
                      "apiId": "/providers/Microsoft.PowerApps/apis/shared_commondataserviceforapps"
                    },
                    "parameters": {
                      "entityName": "new_sites",
                      "recordId": "@triggerBody()['text_6']",
                      "item/mib_status": "@{body('HTTP_-_Delete_Site')?['status']} - @{body('HTTP_-_Delete_Site')?['error_type']}",
                      "item/mib_flowstate": 913380001,
                      "item/mib_operation": 913380002
                    },
                    "authentication": {
                      "type": "Raw",
                      "value": "@json(decodeBase64(triggerOutputs().headers['X-MS-APIM-Tokens']))['$ConnectionKey']"
                    }
                  }
                },
                "Return_to_caller_-_Error_2": {
                  "runAfter": {
                    "Condition_3": [
                      "Succeeded"
                    ]
                  },
                  "metadata": {
                    "operationMetadataId": "a4db7c5f-d833-4fcd-bd96-a3b52fab5dd2"
                  },
                  "type": "Response",
                  "kind": "PowerApp",
                  "inputs": {
                    "statusCode": 200,
                    "body": {
                      "status": "500"
                    },
                    "schema": {
                      "type": "object",
                      "properties": {
                        "status": {
                          "title": "Status",
                          "x-ms-dynamically-added": true,
                          "type": "string"
                        }
                      }
                    }
                  }
                },
                "Terminate_-_Error_2": {
                  "runAfter": {
                    "Return_to_caller_-_Error_2": [
                      "Succeeded"
                    ]
                  },
                  "metadata": {
                    "operationMetadataId": "7a637960-c54c-4dbf-b5c0-0f10304d7546"
                  },
                  "type": "Terminate",
                  "inputs": {
                    "runStatus": "Failed"
                  }
                },
                "Condition_3": {
                  "actions": {},
                  "runAfter": {
                    "Update_Site_-_Deletion_is_unsuccessful": [
                      "Succeeded"
                    ]
                  },
                  "else": {
                    "actions": {
                      "Update_ECC_Queue_Retry_Record_-_Integration_Failed_1": {
                        "runAfter": {},
                        "metadata": {
                          "operationMetadataId": "340d03b2-1ca1-42eb-87c3-e20d885b01fc"
                        },
                        "type": "OpenApiConnection",
                        "inputs": {
                          "host": {
                            "connectionName": "shared_commondataserviceforapps",
                            "operationId": "UpdateRecord",
                            "apiId": "/providers/Microsoft.PowerApps/apis/shared_commondataserviceforapps"
                          },
                          "parameters": {
                            "entityName": "mib_eccqueues",
                            "recordId": "@outputs('Update_Site_-_Deletion_is_unsuccessful')?['body/mib_eccqueuerecordguid']",
                            "item/mib_status": "Site deletion failed",
                            "item/mib_flowstate": 913380001,
                            "item/mib_isretry": "@triggerBody()['boolean']",
                            "item/mib_processeddatetime": "@utcNow()",
                            "item/mib_relatedrecord_new_site@odata.bind": "/new_sites/@{triggerBody()['text_6']}",
                            "item/mib_state": 913380006
                          },
                          "authentication": {
                            "type": "Raw",
                            "value": "@json(decodeBase64(triggerOutputs().headers['X-MS-APIM-Tokens']))['$ConnectionKey']"
                          }
                        }
                      }
                    }
                  },
                  "expression": {
                    "equals": [
                      "@empty(outputs('Update_Site_-_Deletion_is_unsuccessful')?['body/mib_eccqueuerecordguid'])",
                      "@true"
                    ]
                  },
                  "metadata": {
                    "operationMetadataId": "aa51fa22-be0b-4a61-bbf4-f8ed69746b10"
                  },
                  "type": "If"
                }
              },
              "runAfter": {
                "Condition_to_update_ECC_record_when_success_3": [
                  "Succeeded"
                ]
              },
              "else": {
                "actions": {
                  "Update_Site_-_Deletion_is_successful": {
                    "runAfter": {},
                    "metadata": {
                      "operationMetadataId": "56e72d07-08b0-45a9-b477-1b9735e6ff70"
                    },
                    "type": "OpenApiConnection",
                    "inputs": {
                      "host": {
                        "connectionName": "shared_commondataserviceforapps",
                        "operationId": "UpdateRecord",
                        "apiId": "/providers/Microsoft.PowerApps/apis/shared_commondataserviceforapps"
                      },
                      "parameters": {
                        "entityName": "new_sites",
                        "recordId": "@triggerBody()['text_6']",
                        "item/mib_status": "@variables('BlankValue')",
                        "item/mib_flowstate": 913380001,
                        "item/mib_operation": 913380002,
                        "item/mib_uuid": "@variables('BlankValue')"
                      },
                      "authentication": {
                        "type": "Raw",
                        "value": "@json(decodeBase64(triggerOutputs().headers['X-MS-APIM-Tokens']))['$ConnectionKey']"
                      }
                    }
                  },
                  "Condition_4": {
                    "actions": {},
                    "runAfter": {
                      "Update_Site_-_Deletion_is_successful": [
                        "Succeeded"
                      ]
                    },
                    "else": {
                      "actions": {
                        "Update_ECC_Queue_Retry_Record_-_Integration_Successful_1": {
                          "runAfter": {},
                          "metadata": {
                            "operationMetadataId": "340d03b2-1ca1-42eb-87c3-e20d885b01fc"
                          },
                          "type": "OpenApiConnection",
                          "inputs": {
                            "host": {
                              "connectionName": "shared_commondataserviceforapps",
                              "operationId": "UpdateRecord",
                              "apiId": "/providers/Microsoft.PowerApps/apis/shared_commondataserviceforapps"
                            },
                            "parameters": {
                              "entityName": "mib_eccqueues",
                              "recordId": "@outputs('Update_Site_-_Deletion_is_successful')?['body/mib_eccqueuerecordguid']",
                              "item/mib_status": "Site is successfully deleted",
                              "item/mib_flowstate": 913380001,
                              "item/mib_isretry": "@triggerBody()['boolean']",
                              "item/mib_processeddatetime": "@utcNow()",
                              "item/mib_relatedrecord_new_site@odata.bind": "/new_sites/@{triggerBody()['text_6']}",
                              "item/mib_state": 913380002
                            },
                            "authentication": {
                              "type": "Raw",
                              "value": "@json(decodeBase64(triggerOutputs().headers['X-MS-APIM-Tokens']))['$ConnectionKey']"
                            }
                          }
                        }
                      }
                    },
                    "expression": {
                      "equals": [
                        "@empty(outputs('Update_Site_-_Deletion_is_successful')?['body/mib_eccqueuerecordguid'])",
                        "@true"
                      ]
                    },
                    "metadata": {
                      "operationMetadataId": "a42abc6a-7373-460b-a747-d9ec4340fc88"
                    },
                    "type": "If"
                  }
                }
              },
              "expression": {
                "equals": [
                  "@toLower(body('HTTP_-_Delete_Site')?['status'])",
                  "error"
                ]
              },
              "metadata": {
                "operationMetadataId": "04b14933-3916-4e0e-9e52-48e9e41e6ee8"
              },
              "type": "If"
            },
            "HTTP_-_SessionLogin(Delete)_2_-_Error": {
              "actions": {
                "Failed_Update_ECC_Record_for_Message_Type:_AmbraDeleteGlobalSiteSessionAPI": {
                  "runAfter": {},
                  "metadata": {
                    "operationMetadataId": "ca27c2f3-e689-40f2-9597-4c8837a30e1a"
                  },
                  "type": "OpenApiConnection",
                  "inputs": {
                    "host": {
                      "connectionName": "shared_commondataserviceforapps",
                      "operationId": "UpdateRecord",
                      "apiId": "/providers/Microsoft.PowerApps/apis/shared_commondataserviceforapps"
                    },
                    "parameters": {
                      "entityName": "mib_eccqueues",
                      "recordId": "@outputs('Add_a_ECC_Record_for_Message_Type:_AmbraDeleteGlobalSiteSessionAPI')?['body/mib_eccqueueid']",
                      "item/mib_status": "HTTP Session Login Failed",
                      "item/mib_body": "@body('HTTP_-_SessionLogin(Delete)_2')",
                      "item/mib_headers": "@outputs('HTTP_-_SessionLogin(Delete)_2')['headers']",
                      "item/mib_isretry": "@triggerBody()['boolean']",
                      "item/mib_method": "POST",
                      "item/mib_processeddatetime": "@utcNow()",
                      "item/mib_relatedrecord_new_site@odata.bind": "/new_sites/@{triggerBody()['text_6']}",
                      "item/mib_state": 913380006
                    },
                    "authentication": {
                      "type": "Raw",
                      "value": "@json(decodeBase64(triggerOutputs().headers['X-MS-APIM-Tokens']))['$ConnectionKey']"
                    }
                  }
                },
                "Return_to_caller_-_HTTP_-_SessionLogin(Delete)_2_-_Error": {
                  "runAfter": {
                    "Condition_7": [
                      "Succeeded"
                    ]
                  },
                  "metadata": {
                    "operationMetadataId": "511fface-d128-47f3-98e0-aa0ad8214cc2"
                  },
                  "type": "Response",
                  "kind": "PowerApp",
                  "inputs": {
                    "statusCode": 200,
                    "body": {
                      "status": "500"
                    },
                    "schema": {
                      "type": "object",
                      "properties": {
                        "status": {
                          "title": "Status",
                          "x-ms-dynamically-added": true,
                          "type": "string"
                        }
                      }
                    }
                  }
                },
                "Terminate_-_HTTP_-_SessionLogin(Delete)_2_-_Error": {
                  "runAfter": {
                    "Return_to_caller_-_HTTP_-_SessionLogin(Delete)_2_-_Error": [
                      "Succeeded"
                    ]
                  },
                  "metadata": {
                    "operationMetadataId": "0502fe86-d9ac-416f-aa4c-d1e4fdc180b6"
                  },
                  "type": "Terminate",
                  "inputs": {
                    "runStatus": "Failed"
                  }
                },
                "Update_Site_-_HTTP_Session_Login_Failed": {
                  "runAfter": {
                    "Failed_Update_ECC_Record_for_Message_Type:_AmbraDeleteGlobalSiteSessionAPI": [
                      "Succeeded"
                    ]
                  },
                  "metadata": {
                    "operationMetadataId": "8f70de59-6c60-44d8-843f-dfe42f698873"
                  },
                  "type": "OpenApiConnection",
                  "inputs": {
                    "host": {
                      "connectionName": "shared_commondataserviceforapps",
                      "operationId": "UpdateRecord",
                      "apiId": "/providers/Microsoft.PowerApps/apis/shared_commondataserviceforapps"
                    },
                    "parameters": {
                      "entityName": "new_sites",
                      "recordId": "@triggerBody()['text_6']",
                      "item/mib_status": "HTTP Session Login Failed",
                      "item/mib_flowstate": 913380001,
                      "item/mib_operation": 913380002
                    },
                    "authentication": {
                      "type": "Raw",
                      "value": "@json(decodeBase64(triggerOutputs().headers['X-MS-APIM-Tokens']))['$ConnectionKey']"
                    }
                  }
                },
                "Condition_7": {
                  "actions": {},
                  "runAfter": {
                    "Update_Site_-_HTTP_Session_Login_Failed": [
                      "Succeeded"
                    ]
                  },
                  "else": {
                    "actions": {
                      "Update_ECC_Queue_Retry_Record_-_Integration_Failed_2": {
                        "runAfter": {},
                        "metadata": {
                          "operationMetadataId": "340d03b2-1ca1-42eb-87c3-e20d885b01fc"
                        },
                        "type": "OpenApiConnection",
                        "inputs": {
                          "host": {
                            "connectionName": "shared_commondataserviceforapps",
                            "operationId": "UpdateRecord",
                            "apiId": "/providers/Microsoft.PowerApps/apis/shared_commondataserviceforapps"
                          },
                          "parameters": {
                            "entityName": "mib_eccqueues",
                            "recordId": "@outputs('Update_Site_-_HTTP_Session_Login_Failed')?['body/mib_eccqueuerecordguid']",
                            "item/mib_status": "Site deletion session login failed",
                            "item/mib_flowstate": 913380001,
                            "item/mib_isretry": "@triggerBody()['boolean']",
                            "item/mib_relatedrecord_new_site@odata.bind": "/new_sites/@{triggerBody()['text_6']}",
                            "item/mib_state": 913380006
                          },
                          "authentication": {
                            "type": "Raw",
                            "value": "@json(decodeBase64(triggerOutputs().headers['X-MS-APIM-Tokens']))['$ConnectionKey']"
                          }
                        }
                      },
                      "Failed_Update_ECC_Record_for_Message_Type:_AmbraDeleteGlobalSiteSessionAPI_2": {
                        "runAfter": {
                          "Update_ECC_Queue_Retry_Record_-_Integration_Failed_2": [
                            "Succeeded"
                          ]
                        },
                        "metadata": {
                          "operationMetadataId": "ca27c2f3-e689-40f2-9597-4c8837a30e1a"
                        },
                        "type": "OpenApiConnection",
                        "inputs": {
                          "host": {
                            "connectionName": "shared_commondataserviceforapps",
                            "operationId": "UpdateRecord",
                            "apiId": "/providers/Microsoft.PowerApps/apis/shared_commondataserviceforapps"
                          },
                          "parameters": {
                            "entityName": "mib_eccqueues",
                            "recordId": "@outputs('Add_a_ECC_Record_for_Message_Type:_AmbraDeleteGlobalSiteSessionAPI')?['body/mib_eccqueueid']",
                            "item/mib_status": "HTTP Session Login Failed",
                            "item/mib_body": "@body('HTTP_-_SessionLogin(Delete)_2')",
                            "item/mib_ECCQueue@odata.bind": "/mib_eccqueues/@{outputs('Update_Site_-_HTTP_Session_Login_Failed')?['body/mib_eccqueuerecordguid']}",
                            "item/mib_headers": "@outputs('HTTP_-_SessionLogin(Delete)_2')['headers']",
                            "item/mib_isretry": "@triggerBody()['boolean']",
                            "item/mib_method": "POST",
                            "item/mib_processeddatetime": "@utcNow()",
                            "item/mib_relatedrecord_new_site@odata.bind": "/new_sites/@{triggerBody()['text_6']}",
                            "item/mib_state": 913380006
                          },
                          "authentication": {
                            "type": "Raw",
                            "value": "@json(decodeBase64(triggerOutputs().headers['X-MS-APIM-Tokens']))['$ConnectionKey']"
                          }
                        }
                      }
                    }
                  },
                  "expression": {
                    "equals": [
                      "@empty(outputs('Update_Site_-_HTTP_Session_Login_Failed')?['body/mib_eccqueuerecordguid'])",
                      "@true"
                    ]
                  },
                  "metadata": {
                    "operationMetadataId": "38b8e172-5cdf-4878-abaf-fff3aa85ca50"
                  },
                  "type": "If"
                }
              },
              "runAfter": {
                "HTTP_-_SessionLogin(Delete)_2": [
                  "Failed",
                  "TimedOut"
                ]
              },
              "metadata": {
                "operationMetadataId": "6f5563d9-b370-45d2-aa32-208b38263e44"
              },
              "type": "Scope"
            },
            "Terminate_if_UUID_is_null": {
              "actions": {
                "Update_ECC_Queues_-_Site_is_already_deleted_in_Ambra": {
                  "runAfter": {},
                  "metadata": {
                    "operationMetadataId": "0b30cbaf-0137-4920-b279-25b34d18aee7"
                  },
                  "type": "OpenApiConnection",
                  "inputs": {
                    "host": {
                      "connectionName": "shared_commondataserviceforapps_1",
                      "operationId": "UpdateRecord",
                      "apiId": "/providers/Microsoft.PowerApps/apis/shared_commondataserviceforapps"
                    },
                    "parameters": {
                      "entityName": "mib_eccqueues",
                      "recordId": "@outputs('Add_a_ECC_Record_for_Message_Type:_AmbraDeleteGlobalSiteDeleteSiteAPI_2')?['body/mib_eccqueueid']",
                      "item/mib_status": "Site is already deleted in Ambra",
                      "item/mib_relatedrecord_new_site@odata.bind": "/new_sites/@{triggerBody()['text_6']}"
                    },
                    "authentication": {
                      "type": "Raw",
                      "value": "@json(decodeBase64(triggerOutputs().headers['X-MS-APIM-Tokens']))['$ConnectionKey']"
                    }
                  }
                },
                "Update_Site_-_Site_is_already_deleted_in_Ambra": {
                  "runAfter": {
                    "Update_ECC_Queues_-_Site_is_already_deleted_in_Ambra": [
                      "Succeeded"
                    ]
                  },
                  "metadata": {
                    "operationMetadataId": "8f70de59-6c60-44d8-843f-dfe42f698873"
                  },
                  "type": "OpenApiConnection",
                  "inputs": {
                    "host": {
                      "connectionName": "shared_commondataserviceforapps",
                      "operationId": "UpdateRecord",
                      "apiId": "/providers/Microsoft.PowerApps/apis/shared_commondataserviceforapps"
                    },
                    "parameters": {
                      "entityName": "new_sites",
                      "recordId": "@triggerBody()['text_6']",
                      "item/mib_status": "In Sync",
                      "item/mib_flowstate": 913380001,
                      "item/mib_operation": 913380002
                    },
                    "authentication": {
                      "type": "Raw",
                      "value": "@json(decodeBase64(triggerOutputs().headers['X-MS-APIM-Tokens']))['$ConnectionKey']"
                    }
                  }
                },
                "Respond_to_a_PowerApp_or_flow_2": {
                  "runAfter": {
                    "Update_Site_-_Site_is_already_deleted_in_Ambra": [
                      "Succeeded"
                    ]
                  },
                  "metadata": {
                    "operationMetadataId": "d9ff0b02-d101-4253-b041-6d4e7bb12e6e"
                  },
                  "type": "Response",
                  "kind": "PowerApp",
                  "inputs": {
                    "statusCode": 200,
                    "body": {
                      "status": "500"
                    },
                    "schema": {
                      "type": "object",
                      "properties": {
                        "status": {
                          "title": "Status",
                          "x-ms-dynamically-added": true,
                          "type": "string"
                        }
                      }
                    }
                  }
                }
              },
              "runAfter": {
                "Add_a_ECC_Record_for_Message_Type:_AmbraDeleteGlobalSiteDeleteSiteAPI_2": [
                  "Succeeded"
                ]
              },
              "expression": {
                "equals": [
                  "@triggerBody()['text']",
                  "@null"
                ]
              },
              "metadata": {
                "operationMetadataId": "8c295d71-d22b-4a38-a08a-33aa32227fd8"
              },
              "type": "If"
            },
            "HTTP_-_Get_Site_from_Ambra": {
              "runAfter": {
                "Terminate_if_UUID_is_null": [
                  "Succeeded"
                ]
              },
              "metadata": {
                "operationMetadataId": "77408ef5-504c-47f8-b570-2f31f60587ba"
              },
              "type": "Http",
              "inputs": {
                "method": "POST",
                "uri": "@{triggerBody()['text_2']}/api/v3/site/get",
                "headers": {
                  "Content-Type": "application/x-www-form-urlencoded"
                },
                "body": "sid=@{body('Parse_JSON_3')?['sid']}&uuid=@{triggerBody()['text']}"
              }
            },
            "Update_ECC_Queues_-_Site_is_not_found_in_Ambra": {
              "runAfter": {
                "HTTP_-_Get_Site_from_Ambra": [
                  "Failed"
                ]
              },
              "metadata": {
                "operationMetadataId": "6f0a6967-f272-42c8-99e3-136c7e7d7697"
              },
              "type": "OpenApiConnection",
              "inputs": {
                "host": {
                  "connectionName": "shared_commondataserviceforapps_1",
                  "operationId": "UpdateRecord",
                  "apiId": "/providers/Microsoft.PowerApps/apis/shared_commondataserviceforapps"
                },
                "parameters": {
                  "entityName": "mib_eccqueues",
                  "recordId": "@outputs('Add_a_ECC_Record_for_Message_Type:_AmbraDeleteGlobalSiteDeleteSiteAPI_2')?['body/mib_eccqueueid']",
                  "item/mib_status": "Site is already deleted in Ambra",
                  "item/mib_relatedrecord_new_site@odata.bind": "/new_sites/@{triggerBody()['text_6']}"
                },
                "authentication": {
                  "type": "Raw",
                  "value": "@json(decodeBase64(triggerOutputs().headers['X-MS-APIM-Tokens']))['$ConnectionKey']"
                }
              }
            },
            "Update_Site_-_Site_is_not_found_in_Ambra": {
              "runAfter": {
                "Update_ECC_Queues_-_Site_is_not_found_in_Ambra": [
                  "Succeeded"
                ]
              },
              "metadata": {
                "operationMetadataId": "8f70de59-6c60-44d8-843f-dfe42f698873"
              },
              "type": "OpenApiConnection",
              "inputs": {
                "host": {
                  "connectionName": "shared_commondataserviceforapps",
                  "operationId": "UpdateRecord",
                  "apiId": "/providers/Microsoft.PowerApps/apis/shared_commondataserviceforapps"
                },
                "parameters": {
                  "entityName": "new_sites",
                  "recordId": "@triggerBody()['text_6']",
                  "item/mib_status": "In Sync",
                  "item/mib_flowstate": 913380001,
                  "item/mib_operation": 913380002
                },
                "authentication": {
                  "type": "Raw",
                  "value": "@json(decodeBase64(triggerOutputs().headers['X-MS-APIM-Tokens']))['$ConnectionKey']"
                }
              }
            },
            "Condition_to_update_ECC_record_when_success_2": {
              "actions": {
                "Update_ECC_Record_for_Message_Type:_AmbraDeleteGlobalSiteSessionAPI": {
                  "runAfter": {},
                  "metadata": {
                    "operationMetadataId": "df829f4d-9cf9-439b-8723-5c33cfe86d88"
                  },
                  "type": "OpenApiConnection",
                  "inputs": {
                    "host": {
                      "connectionName": "shared_commondataserviceforapps",
                      "operationId": "UpdateRecord",
                      "apiId": "/providers/Microsoft.PowerApps/apis/shared_commondataserviceforapps"
                    },
                    "parameters": {
                      "entityName": "mib_eccqueues",
                      "recordId": "@outputs('Add_a_ECC_Record_for_Message_Type:_AmbraDeleteGlobalSiteSessionAPI')?['body/mib_eccqueueid']",
                      "item/mib_body": "@body('HTTP_-_SessionLogin(Delete)_2')",
                      "item/mib_headers": "@outputs('HTTP_-_SessionLogin(Delete)_2')['headers']",
                      "item/mib_method": "POST",
                      "item/mib_processeddatetime": "@utcNow()",
                      "item/mib_relatedrecord_new_site@odata.bind": "/new_sites/@{triggerBody()['text_6']}",
                      "item/mib_state": 913380002
                    },
                    "authentication": {
                      "type": "Raw",
                      "value": "@json(decodeBase64(triggerOutputs().headers['X-MS-APIM-Tokens']))['$ConnectionKey']"
                    }
                  }
                }
              },
              "runAfter": {
                "HTTP_-_SessionLogin(Delete)_2_-_Error": [
                  "Skipped"
                ]
              },
              "else": {
                "actions": {
                  "Update_ECC_Record_for_Message_Type:_AmbraDeleteGlobalSiteSessionAPI_2": {
                    "runAfter": {},
                    "metadata": {
                      "operationMetadataId": "df829f4d-9cf9-439b-8723-5c33cfe86d88"
                    },
                    "type": "OpenApiConnection",
                    "inputs": {
                      "host": {
                        "connectionName": "shared_commondataserviceforapps",
                        "operationId": "UpdateRecord",
                        "apiId": "/providers/Microsoft.PowerApps/apis/shared_commondataserviceforapps"
                      },
                      "parameters": {
                        "entityName": "mib_eccqueues",
                        "recordId": "@outputs('Add_a_ECC_Record_for_Message_Type:_AmbraDeleteGlobalSiteSessionAPI')?['body/mib_eccqueueid']",
                        "item/mib_body": "@body('HTTP_-_SessionLogin(Delete)_2')",
                        "item/mib_ECCQueue@odata.bind": "/mib_eccqueues/@{triggerBody()['text_8']}",
                        "item/mib_headers": "@outputs('HTTP_-_SessionLogin(Delete)_2')['headers']",
                        "item/mib_method": "POST",
                        "item/mib_processeddatetime": "@utcNow()",
                        "item/mib_relatedrecord_new_site@odata.bind": "/new_sites/@{triggerBody()['text_6']}",
                        "item/mib_state": 913380002
                      },
                      "authentication": {
                        "type": "Raw",
                        "value": "@json(decodeBase64(triggerOutputs().headers['X-MS-APIM-Tokens']))['$ConnectionKey']"
                      }
                    }
                  }
                }
              },
              "expression": {
                "equals": [
                  "@empty(triggerBody()['text_8'])",
                  "@true"
                ]
              },
              "metadata": {
                "operationMetadataId": "c3b63c3a-03cd-439f-a058-d4357f5e4287"
              },
              "type": "If"
            },
            "Condition_to_update_ECC_record_when_failed_2": {
              "actions": {
                "Failed_Update_ECC_Record_for_Message_Type_:_AmbraDeleteGlobalSiteDeleteSiteAPI": {
                  "runAfter": {},
                  "metadata": {
                    "operationMetadataId": "67759cb6-f102-4f60-ab0f-8c4a82509bf6"
                  },
                  "type": "OpenApiConnection",
                  "inputs": {
                    "host": {
                      "connectionName": "shared_commondataserviceforapps",
                      "operationId": "UpdateRecord",
                      "apiId": "/providers/Microsoft.PowerApps/apis/shared_commondataserviceforapps"
                    },
                    "parameters": {
                      "entityName": "mib_eccqueues",
                      "recordId": "@outputs('Add_a_ECC_Record_for_Message_Type:_AmbraDeleteGlobalSiteDeleteSiteAPI_2')?['body/mib_eccqueueid']",
                      "item/mib_status": "@{body('HTTP_-_Delete_Site')?['status']} - @{body('HTTP_-_Delete_Site')?['error_type']}",
                      "item/mib_body": "@body('HTTP_-_Delete_Site')",
                      "item/mib_headers": "@outputs('HTTP_-_Delete_Site')['headers']",
                      "item/mib_isretry": "@triggerBody()['boolean']",
                      "item/mib_method": "POST",
                      "item/mib_processeddatetime": "@utcNow()",
                      "item/mib_relatedrecord_new_site@odata.bind": "/new_sites/@{triggerBody()['text_6']}",
                      "item/mib_state": 913380006
                    },
                    "authentication": {
                      "type": "Raw",
                      "value": "@json(decodeBase64(triggerOutputs().headers['X-MS-APIM-Tokens']))['$ConnectionKey']"
                    }
                  }
                }
              },
              "runAfter": {
                "HTTP_-_Delete_Site": [
                  "Failed",
                  "TimedOut"
                ]
              },
              "else": {
                "actions": {
                  "Failed_Update_ECC_Record_for_Message_Type_:_AmbraDeleteGlobalSiteDeleteSiteAPI_2": {
                    "runAfter": {},
                    "metadata": {
                      "operationMetadataId": "67759cb6-f102-4f60-ab0f-8c4a82509bf6"
                    },
                    "type": "OpenApiConnection",
                    "inputs": {
                      "host": {
                        "connectionName": "shared_commondataserviceforapps",
                        "operationId": "UpdateRecord",
                        "apiId": "/providers/Microsoft.PowerApps/apis/shared_commondataserviceforapps"
                      },
                      "parameters": {
                        "entityName": "mib_eccqueues",
                        "recordId": "@outputs('Add_a_ECC_Record_for_Message_Type:_AmbraDeleteGlobalSiteDeleteSiteAPI_2')?['body/mib_eccqueueid']",
                        "item/mib_status": "@{body('HTTP_-_Delete_Site')?['status']} - @{body('HTTP_-_Delete_Site')?['error_type']}",
                        "item/mib_body": "@body('HTTP_-_Delete_Site')",
                        "item/mib_ECCQueue@odata.bind": "/mib_eccqueues/@{triggerBody()['text_8']}",
                        "item/mib_headers": "@outputs('HTTP_-_Delete_Site')['headers']",
                        "item/mib_isretry": "@triggerBody()['boolean']",
                        "item/mib_method": "POST",
                        "item/mib_processeddatetime": "@utcNow()",
                        "item/mib_relatedrecord_new_site@odata.bind": "/new_sites/@{triggerBody()['text_6']}",
                        "item/mib_state": 913380006
                      },
                      "authentication": {
                        "type": "Raw",
                        "value": "@json(decodeBase64(triggerOutputs().headers['X-MS-APIM-Tokens']))['$ConnectionKey']"
                      }
                    }
                  }
                }
              },
              "expression": {
                "equals": [
                  "@empty(triggerBody()['text_8'])",
                  "@true"
                ]
              },
              "metadata": {
                "operationMetadataId": "7f43f39c-7cdb-404b-b4c2-9acb90fb84b0"
              },
              "type": "If"
            },
            "Condition_to_update_ECC_record_when_success_3": {
              "actions": {
                "Update_ECC_Record_for_Message_Type_:_AmbraDeleteGlobalSiteDeleteSiteAPI": {
                  "runAfter": {},
                  "metadata": {
                    "operationMetadataId": "281a6838-e72c-4d05-8af0-751e2d2b4d5b"
                  },
                  "type": "OpenApiConnection",
                  "inputs": {
                    "host": {
                      "connectionName": "shared_commondataserviceforapps",
                      "operationId": "UpdateRecord",
                      "apiId": "/providers/Microsoft.PowerApps/apis/shared_commondataserviceforapps"
                    },
                    "parameters": {
                      "entityName": "mib_eccqueues",
                      "recordId": "@outputs('Add_a_ECC_Record_for_Message_Type:_AmbraDeleteGlobalSiteDeleteSiteAPI_2')?['body/mib_eccqueueid']",
                      "item/mib_status": "Site is successfully deleted in Ambra",
                      "item/mib_body": "@body('HTTP_-_Delete_Site')",
                      "item/mib_headers": "@outputs('HTTP_-_Delete_Site')['headers']",
                      "item/mib_isretry": "@triggerBody()['boolean']",
                      "item/mib_method": "POST",
                      "item/mib_processeddatetime": "@utcNow()",
                      "item/mib_relatedrecord_new_site@odata.bind": "/new_sites/@{triggerBody()['text_6']}",
                      "item/mib_state": 913380002
                    },
                    "authentication": {
                      "type": "Raw",
                      "value": "@json(decodeBase64(triggerOutputs().headers['X-MS-APIM-Tokens']))['$ConnectionKey']"
                    }
                  }
                }
              },
              "runAfter": {
                "Condition_to_update_ECC_record_when_failed_2": [
                  "Skipped"
                ]
              },
              "else": {
                "actions": {
                  "Update_ECC_Record_for_Message_Type_:_AmbraDeleteGlobalSiteDeleteSiteAPI_2": {
                    "runAfter": {},
                    "metadata": {
                      "operationMetadataId": "281a6838-e72c-4d05-8af0-751e2d2b4d5b"
                    },
                    "type": "OpenApiConnection",
                    "inputs": {
                      "host": {
                        "connectionName": "shared_commondataserviceforapps",
                        "operationId": "UpdateRecord",
                        "apiId": "/providers/Microsoft.PowerApps/apis/shared_commondataserviceforapps"
                      },
                      "parameters": {
                        "entityName": "mib_eccqueues",
                        "recordId": "@outputs('Add_a_ECC_Record_for_Message_Type:_AmbraDeleteGlobalSiteDeleteSiteAPI_2')?['body/mib_eccqueueid']",
                        "item/mib_status": "Site is successfully deleted in Ambra",
                        "item/mib_body": "@body('HTTP_-_Delete_Site')",
                        "item/mib_ECCQueue@odata.bind": "/mib_eccqueues/@{triggerBody()['text_8']}",
                        "item/mib_headers": "@outputs('HTTP_-_Delete_Site')['headers']",
                        "item/mib_isretry": "@triggerBody()['boolean']",
                        "item/mib_method": "POST",
                        "item/mib_processeddatetime": "@utcNow()",
                        "item/mib_relatedrecord_new_site@odata.bind": "/new_sites/@{triggerBody()['text_6']}",
                        "item/mib_state": 913380002
                      },
                      "authentication": {
                        "type": "Raw",
                        "value": "@json(decodeBase64(triggerOutputs().headers['X-MS-APIM-Tokens']))['$ConnectionKey']"
                      }
                    }
                  }
                }
              },
              "expression": {
                "equals": [
                  "@empty(triggerBody()['text_8'])",
                  "@true"
                ]
              },
              "metadata": {
                "operationMetadataId": "8f3dfcd4-a333-46e0-9109-a241b964ebe0"
              },
              "type": "If"
            }
          },
          "runAfter": {
            "Initialize_variable": [
              "Succeeded"
            ]
          },
          "else": {
            "actions": {
              "Add_a_ECC_Record_for_Message_Type:_AmbraUpdateGlobalSiteSessionAPI": {
                "runAfter": {},
                "metadata": {
                  "operationMetadataId": "bfecb2f8-400d-4f59-adef-b434f62dc3d2"
                },
                "type": "OpenApiConnection",
                "inputs": {
                  "host": {
                    "connectionName": "shared_commondataserviceforapps",
                    "operationId": "CreateRecord",
                    "apiId": "/providers/Microsoft.PowerApps/apis/shared_commondataserviceforapps"
                  },
                  "parameters": {
                    "entityName": "mib_eccqueues",
                    "item/mib_createddatetime": "@utcNow()",
                    "item/mib_direction": 913380001,
                    "item/mib_integrationmessagetype": 7,
                    "item/mib_name": "Update Site - @{triggerBody()['text_1']}",
                    "item/mib_requestfor": 913380001,
                    "item/mib_state": 913380004
                  },
                  "authentication": {
                    "type": "Raw",
                    "value": "@json(decodeBase64(triggerOutputs().headers['X-MS-APIM-Tokens']))['$ConnectionKey']"
                  }
                }
              },
              "HTTP_-_SessionLogin(Update)": {
                "runAfter": {
                  "Add_a_ECC_Record_for_Message_Type:_AmbraUpdateGlobalSiteSessionAPI": [
                    "Succeeded"
                  ]
                },
                "metadata": {
                  "operationMetadataId": "33debb4c-8d0f-41c9-a1be-2e6710ae4dd5"
                },
                "type": "Http",
                "inputs": {
                  "method": "POST",
                  "uri": "@{triggerBody()['text_2']}/api/v3/session/login",
                  "headers": {
                    "Content-Type": "application/x-www-form-urlencoded"
                  },
                  "body": "login=@{triggerBody()['text_3']}&password=@{triggerBody()['text_4']}"
                }
              },
              "Parse_JSON_2": {
                "runAfter": {
                  "Condition_to_update_ECC_record_when_success": [
                    "Succeeded"
                  ]
                },
                "metadata": {
                  "operationMetadataId": "cea3fca1-d982-40ce-91e2-debb85e66daa"
                },
                "type": "ParseJson",
                "inputs": {
                  "content": "@body('HTTP_-_SessionLogin(Update)')",
                  "schema": {
                    "type": "object",
                    "properties": {
                      "sid": {
                        "type": "string"
                      }
                    }
                  }
                }
              },
              "Add_a_ECC_Record_for_Message_Type:_AmbraAddGlobalSiteUpdateSiteAPI": {
                "runAfter": {
                  "Parse_JSON_2": [
                    "Succeeded"
                  ]
                },
                "metadata": {
                  "operationMetadataId": "3743ed9a-4ce0-4162-884b-0eefcb055ee3"
                },
                "type": "OpenApiConnection",
                "inputs": {
                  "host": {
                    "connectionName": "shared_commondataserviceforapps",
                    "operationId": "CreateRecord",
                    "apiId": "/providers/Microsoft.PowerApps/apis/shared_commondataserviceforapps"
                  },
                  "parameters": {
                    "entityName": "mib_eccqueues",
                    "item/mib_createddatetime": "@utcNow()",
                    "item/mib_direction": 913380001,
                    "item/mib_integrationmessagetype": 8,
                    "item/mib_name": "Update Site - @{triggerBody()['text_1']}",
                    "item/mib_requestfor": 913380004,
                    "item/mib_state": 913380004
                  },
                  "authentication": {
                    "type": "Raw",
                    "value": "@json(decodeBase64(triggerOutputs().headers['X-MS-APIM-Tokens']))['$ConnectionKey']"
                  }
                }
              },
              "HTTP_-_Update_Site": {
                "runAfter": {
                  "Add_a_ECC_Record_for_Message_Type:_AmbraAddGlobalSiteUpdateSiteAPI": [
                    "Succeeded"
                  ]
                },
                "metadata": {
                  "operationMetadataId": "dfb79647-8c70-406c-b362-f691d5c51603"
                },
                "type": "Http",
                "inputs": {
                  "method": "POST",
                  "uri": "@{triggerBody()['text_2']}/api/v3/site/set",
                  "headers": {
                    "Content-Type": "application/x-www-form-urlencoded"
                  },
                  "body": "sid=@{body('Parse_JSON_2')?['sid']}&uuid=@{triggerBody()['text']}&name=@{triggerBody()['text_1']}"
                }
              },
              "Condition": {
                "actions": {
                  "Update_Site_with_Error": {
                    "runAfter": {},
                    "metadata": {
                      "operationMetadataId": "24cd78a9-4db4-4a60-a5ce-3f856f36dd44"
                    },
                    "type": "OpenApiConnection",
                    "inputs": {
                      "host": {
                        "connectionName": "shared_commondataserviceforapps",
                        "operationId": "UpdateRecord",
                        "apiId": "/providers/Microsoft.PowerApps/apis/shared_commondataserviceforapps"
                      },
                      "parameters": {
                        "entityName": "new_sites",
                        "recordId": "@triggerBody()['text_6']",
                        "item/mib_status": "@{body('HTTP_-_Update_Site')?['status']} - @{body('HTTP_-_Update_Site')?['error_type']}",
                        "item/mib_flowstate": 913380001,
                        "item/mib_operation": 913380001
                      },
                      "authentication": {
                        "type": "Raw",
                        "value": "@json(decodeBase64(triggerOutputs().headers['X-MS-APIM-Tokens']))['$ConnectionKey']"
                      }
                    }
                  },
                  "Return_to_caller_-_Error": {
                    "runAfter": {
                      "Condition_5": [
                        "Succeeded"
                      ]
                    },
                    "metadata": {
                      "operationMetadataId": "512194cb-4513-413d-8bbe-8a60d06dc6e5"
                    },
                    "type": "Response",
                    "kind": "PowerApp",
                    "inputs": {
                      "statusCode": 200,
                      "body": {
                        "status": "500"
                      },
                      "schema": {
                        "type": "object",
                        "properties": {
                          "status": {
                            "title": "Status",
                            "x-ms-dynamically-added": true,
                            "type": "string"
                          }
                        }
                      }
                    }
                  },
                  "Terminate_-_Error": {
                    "runAfter": {
                      "Return_to_caller_-_Error": [
                        "Succeeded"
                      ]
                    },
                    "metadata": {
                      "operationMetadataId": "8dd7ebc9-3f92-4cfc-a760-b536a5075333"
                    },
                    "type": "Terminate",
                    "inputs": {
                      "runStatus": "Failed"
                    }
                  },
                  "Condition_5": {
                    "actions": {},
                    "runAfter": {
                      "Update_Site_with_Error": [
                        "Succeeded"
                      ]
                    },
                    "else": {
                      "actions": {
                        "Update_ECC_Queue_Retry_Record_-_Integration_Failed": {
                          "runAfter": {},
                          "metadata": {
                            "operationMetadataId": "340d03b2-1ca1-42eb-87c3-e20d885b01fc"
                          },
                          "type": "OpenApiConnection",
                          "inputs": {
                            "host": {
                              "connectionName": "shared_commondataserviceforapps",
                              "operationId": "UpdateRecord",
                              "apiId": "/providers/Microsoft.PowerApps/apis/shared_commondataserviceforapps"
                            },
                            "parameters": {
                              "entityName": "mib_eccqueues",
                              "recordId": "@outputs('Update_Site_with_Error')?['body/mib_eccqueuerecordguid']",
                              "item/mib_status": "Site updation failed",
                              "item/mib_flowstate": 913380001,
                              "item/mib_isretry": "@triggerBody()['boolean']",
                              "item/mib_processeddatetime": "@utcNow()",
                              "item/mib_relatedrecord_new_site@odata.bind": "/new_sites/@{triggerBody()['text_6']}",
                              "item/mib_state": 913380006
                            },
                            "authentication": {
                              "type": "Raw",
                              "value": "@json(decodeBase64(triggerOutputs().headers['X-MS-APIM-Tokens']))['$ConnectionKey']"
                            }
                          }
                        }
                      }
                    },
                    "expression": {
                      "equals": [
                        "@empty(outputs('Update_Site_with_Error')?['body/mib_eccqueuerecordguid'])",
                        "@true"
                      ]
                    },
                    "metadata": {
                      "operationMetadataId": "f8312ad2-9a08-474e-b5b9-044d2440fe7d"
                    },
                    "type": "If"
                  }
                },
                "runAfter": {
                  "Condition_to_update_ECC_record_when_success_1": [
                    "Succeeded"
                  ]
                },
                "else": {
                  "actions": {
                    "Update_a_site_row": {
                      "runAfter": {},
                      "metadata": {
                        "operationMetadataId": "0a1673a6-f5f9-4dec-826d-66892e36ce8e"
                      },
                      "type": "OpenApiConnection",
                      "inputs": {
                        "host": {
                          "connectionName": "shared_commondataserviceforapps",
                          "operationId": "UpdateRecord",
                          "apiId": "/providers/Microsoft.PowerApps/apis/shared_commondataserviceforapps"
                        },
                        "parameters": {
                          "entityName": "new_sites",
                          "recordId": "@triggerBody()['text_6']",
                          "item/mib_status": "In Sync",
                          "item/mib_flowstate": 913380001,
                          "item/mib_operation": 913380001
                        },
                        "authentication": {
                          "type": "Raw",
                          "value": "@json(decodeBase64(triggerOutputs().headers['X-MS-APIM-Tokens']))['$ConnectionKey']"
                        }
                      }
                    },
                    "Condition_6": {
                      "actions": {},
                      "runAfter": {
                        "Update_a_site_row": [
                          "Succeeded"
                        ]
                      },
                      "else": {
                        "actions": {
                          "Update_ECC_Queue_Retry_Record_-_Integration_Successful": {
                            "runAfter": {},
                            "metadata": {
                              "operationMetadataId": "340d03b2-1ca1-42eb-87c3-e20d885b01fc"
                            },
                            "type": "OpenApiConnection",
                            "inputs": {
                              "host": {
                                "connectionName": "shared_commondataserviceforapps",
                                "operationId": "UpdateRecord",
                                "apiId": "/providers/Microsoft.PowerApps/apis/shared_commondataserviceforapps"
                              },
                              "parameters": {
                                "entityName": "mib_eccqueues",
                                "recordId": "@outputs('Update_a_site_row')?['body/mib_eccqueuerecordguid']",
                                "item/mib_status": "Site is successfully updated",
                                "item/mib_flowstate": 913380001,
                                "item/mib_isretry": "@triggerBody()['boolean']",
                                "item/mib_processeddatetime": "@utcNow()",
                                "item/mib_relatedrecord_new_site@odata.bind": "/new_sites/@{triggerBody()['text_6']}",
                                "item/mib_state": 913380002
                              },
                              "authentication": {
                                "type": "Raw",
                                "value": "@json(decodeBase64(triggerOutputs().headers['X-MS-APIM-Tokens']))['$ConnectionKey']"
                              }
                            }
                          }
                        }
                      },
                      "expression": {
                        "equals": [
                          "@empty(outputs('Update_a_site_row')?['body/mib_eccqueuerecordguid'])",
                          "@true"
                        ]
                      },
                      "metadata": {
                        "operationMetadataId": "dcf7ac2a-01e4-448a-8cc2-5067ba837294"
                      },
                      "type": "If"
                    }
                  }
                },
                "expression": {
                  "equals": [
                    "@toLower(body('HTTP_-_Update_Site')?['status'])",
                    "error"
                  ]
                },
                "metadata": {
                  "operationMetadataId": "fa445ad8-52dc-4f0d-bbb8-20108555eebf"
                },
                "type": "If"
              },
              "HTTP_-_SessionLogin(Update)_-_Error": {
                "actions": {
                  "Failed_Update_ECC_Record_for_Message_Type:_AmbraUpdateGlobalSiteSessionAPI": {
                    "runAfter": {},
                    "metadata": {
                      "operationMetadataId": "cf694ef4-cc59-4852-861d-636ca7ec1002"
                    },
                    "type": "OpenApiConnection",
                    "inputs": {
                      "host": {
                        "connectionName": "shared_commondataserviceforapps",
                        "operationId": "UpdateRecord",
                        "apiId": "/providers/Microsoft.PowerApps/apis/shared_commondataserviceforapps"
                      },
                      "parameters": {
                        "entityName": "mib_eccqueues",
                        "recordId": "@outputs('Add_a_ECC_Record_for_Message_Type:_AmbraUpdateGlobalSiteSessionAPI')?['body/mib_eccqueueid']",
                        "item/mib_status": "HTTP Session Login Failed",
                        "item/mib_body": "@body('HTTP_-_SessionLogin(Update)')",
                        "item/mib_headers": "@outputs('HTTP_-_SessionLogin(Update)')['headers']",
                        "item/mib_isretry": "@triggerBody()['boolean']",
                        "item/mib_method": "POST",
                        "item/mib_processeddatetime": "@utcNow()",
                        "item/mib_relatedrecord_new_site@odata.bind": "/new_sites/@{triggerBody()['text_6']}",
                        "item/mib_state": 913380006
                      },
                      "authentication": {
                        "type": "Raw",
                        "value": "@json(decodeBase64(triggerOutputs().headers['X-MS-APIM-Tokens']))['$ConnectionKey']"
                      }
                    }
                  },
                  "Return_to_caller_-_HTTP_-_SessionLogin(Update)_-_Error": {
                    "runAfter": {
                      "Condition_8": [
                        "Succeeded"
                      ]
                    },
                    "metadata": {
                      "operationMetadataId": "90113cd1-c174-4a61-b58c-416bec649e1c"
                    },
                    "type": "Response",
                    "kind": "PowerApp",
                    "inputs": {
                      "statusCode": 200,
                      "body": {
                        "status": "500"
                      },
                      "schema": {
                        "type": "object",
                        "properties": {
                          "status": {
                            "title": "Status",
                            "x-ms-dynamically-added": true,
                            "type": "string"
                          }
                        }
                      }
                    }
                  },
                  "Terminate_-_HTTP_-_SessionLogin(Update)_-_Error": {
                    "runAfter": {
                      "Return_to_caller_-_HTTP_-_SessionLogin(Update)_-_Error": [
                        "Succeeded"
                      ]
                    },
                    "metadata": {
                      "operationMetadataId": "ac19a3cd-eb58-4d4e-9232-373369d8f490"
                    },
                    "type": "Terminate",
                    "inputs": {
                      "runStatus": "Failed"
                    }
                  },
                  "Update_Site__-_HTTP_Session_Login_Failed_-_Update": {
                    "runAfter": {
                      "Failed_Update_ECC_Record_for_Message_Type:_AmbraUpdateGlobalSiteSessionAPI": [
                        "Succeeded"
                      ]
                    },
                    "metadata": {
                      "operationMetadataId": "24cd78a9-4db4-4a60-a5ce-3f856f36dd44"
                    },
                    "type": "OpenApiConnection",
                    "inputs": {
                      "host": {
                        "connectionName": "shared_commondataserviceforapps",
                        "operationId": "UpdateRecord",
                        "apiId": "/providers/Microsoft.PowerApps/apis/shared_commondataserviceforapps"
                      },
                      "parameters": {
                        "entityName": "new_sites",
                        "recordId": "@triggerBody()['text_6']",
                        "item/mib_status": "HTTP Session Login Failed",
                        "item/mib_flowstate": 913380001,
                        "item/mib_operation": 913380001
                      },
                      "authentication": {
                        "type": "Raw",
                        "value": "@json(decodeBase64(triggerOutputs().headers['X-MS-APIM-Tokens']))['$ConnectionKey']"
                      }
                    }
                  },
                  "Condition_8": {
                    "actions": {},
                    "runAfter": {
                      "Update_Site__-_HTTP_Session_Login_Failed_-_Update": [
                        "Succeeded"
                      ]
                    },
                    "else": {
                      "actions": {
                        "Update_ECC_Queue_Retry_Record_-_Integration_Failed_3": {
                          "runAfter": {},
                          "metadata": {
                            "operationMetadataId": "340d03b2-1ca1-42eb-87c3-e20d885b01fc"
                          },
                          "type": "OpenApiConnection",
                          "inputs": {
                            "host": {
                              "connectionName": "shared_commondataserviceforapps",
                              "operationId": "UpdateRecord",
                              "apiId": "/providers/Microsoft.PowerApps/apis/shared_commondataserviceforapps"
                            },
                            "parameters": {
                              "entityName": "mib_eccqueues",
                              "recordId": "@outputs('Update_Site__-_HTTP_Session_Login_Failed_-_Update')?['body/mib_eccqueuerecordguid']",
                              "item/mib_status": "Site updation session login failed",
                              "item/mib_flowstate": 913380001,
                              "item/mib_isretry": "@triggerBody()['boolean']",
                              "item/mib_relatedrecord_new_site@odata.bind": "/new_sites/@{triggerBody()['text_6']}",
                              "item/mib_state": 913380006
                            },
                            "authentication": {
                              "type": "Raw",
                              "value": "@json(decodeBase64(triggerOutputs().headers['X-MS-APIM-Tokens']))['$ConnectionKey']"
                            }
                          }
                        },
                        "Failed_Update_ECC_Record_for_Message_Type:_AmbraUpdateGlobalSiteSessionAPI_2": {
                          "runAfter": {
                            "Update_ECC_Queue_Retry_Record_-_Integration_Failed_3": [
                              "Succeeded"
                            ]
                          },
                          "metadata": {
                            "operationMetadataId": "cf694ef4-cc59-4852-861d-636ca7ec1002"
                          },
                          "type": "OpenApiConnection",
                          "inputs": {
                            "host": {
                              "connectionName": "shared_commondataserviceforapps",
                              "operationId": "UpdateRecord",
                              "apiId": "/providers/Microsoft.PowerApps/apis/shared_commondataserviceforapps"
                            },
                            "parameters": {
                              "entityName": "mib_eccqueues",
                              "recordId": "@outputs('Add_a_ECC_Record_for_Message_Type:_AmbraUpdateGlobalSiteSessionAPI')?['body/mib_eccqueueid']",
                              "item/mib_status": "HTTP Session Login Failed",
                              "item/mib_body": "@body('HTTP_-_SessionLogin(Update)')",
                              "item/mib_ECCQueue@odata.bind": "/mib_eccqueues/@{triggerBody()['text_8']}",
                              "item/mib_headers": "@outputs('HTTP_-_SessionLogin(Update)')['headers']",
                              "item/mib_isretry": "@triggerBody()['boolean']",
                              "item/mib_method": "POST",
                              "item/mib_processeddatetime": "@utcNow()",
                              "item/mib_relatedrecord_new_site@odata.bind": "/new_sites/@{triggerBody()['text_6']}",
                              "item/mib_state": 913380006
                            },
                            "authentication": {
                              "type": "Raw",
                              "value": "@json(decodeBase64(triggerOutputs().headers['X-MS-APIM-Tokens']))['$ConnectionKey']"
                            }
                          }
                        }
                      }
                    },
                    "expression": {
                      "equals": [
                        "@empty(outputs('Update_Site__-_HTTP_Session_Login_Failed_-_Update')?['body/mib_eccqueuerecordguid'])",
                        "@true"
                      ]
                    },
                    "metadata": {
                      "operationMetadataId": "38b8e172-5cdf-4878-abaf-fff3aa85ca50"
                    },
                    "type": "If"
                  }
                },
                "runAfter": {
                  "HTTP_-_SessionLogin(Update)": [
                    "Failed",
                    "TimedOut"
                  ]
                },
                "metadata": {
                  "operationMetadataId": "159f8584-207e-4e01-bad9-5f5e15d3c1bc"
                },
                "type": "Scope"
              },
              "Condition_to_update_ECC_record_when_success": {
                "actions": {
                  "Update_ECC_Record_for_Message_Type:_AmbraUpdateGlobalSiteSessionAPI": {
                    "runAfter": {},
                    "metadata": {
                      "operationMetadataId": "31d01831-ca95-47ba-9832-77cb206f2523"
                    },
                    "type": "OpenApiConnection",
                    "inputs": {
                      "host": {
                        "connectionName": "shared_commondataserviceforapps",
                        "operationId": "UpdateRecord",
                        "apiId": "/providers/Microsoft.PowerApps/apis/shared_commondataserviceforapps"
                      },
                      "parameters": {
                        "entityName": "mib_eccqueues",
                        "recordId": "@outputs('Add_a_ECC_Record_for_Message_Type:_AmbraUpdateGlobalSiteSessionAPI')?['body/mib_eccqueueid']",
                        "item/mib_body": "@body('HTTP_-_SessionLogin(Update)')",
                        "item/mib_headers": "@outputs('HTTP_-_SessionLogin(Update)')['headers']",
                        "item/mib_method": "POST",
                        "item/mib_processeddatetime": "@utcNow()",
                        "item/mib_relatedrecord_new_site@odata.bind": "/new_sites/@{triggerBody()['text_6']}",
                        "item/mib_state": 913380002
                      },
                      "authentication": {
                        "type": "Raw",
                        "value": "@json(decodeBase64(triggerOutputs().headers['X-MS-APIM-Tokens']))['$ConnectionKey']"
                      }
                    }
                  }
                },
                "runAfter": {
                  "HTTP_-_SessionLogin(Update)_-_Error": [
                    "Skipped"
                  ]
                },
                "else": {
                  "actions": {
                    "Update_ECC_Record_for_Message_Type:_AmbraUpdateGlobalSiteSessionAPI_2": {
                      "runAfter": {},
                      "metadata": {
                        "operationMetadataId": "31d01831-ca95-47ba-9832-77cb206f2523"
                      },
                      "type": "OpenApiConnection",
                      "inputs": {
                        "host": {
                          "connectionName": "shared_commondataserviceforapps",
                          "operationId": "UpdateRecord",
                          "apiId": "/providers/Microsoft.PowerApps/apis/shared_commondataserviceforapps"
                        },
                        "parameters": {
                          "entityName": "mib_eccqueues",
                          "recordId": "@outputs('Add_a_ECC_Record_for_Message_Type:_AmbraUpdateGlobalSiteSessionAPI')?['body/mib_eccqueueid']",
                          "item/mib_body": "@body('HTTP_-_SessionLogin(Update)')",
                          "item/mib_ECCQueue@odata.bind": "/mib_eccqueues/@{triggerBody()['text_8']}",
                          "item/mib_headers": "@outputs('HTTP_-_SessionLogin(Update)')['headers']",
                          "item/mib_method": "POST",
                          "item/mib_processeddatetime": "@utcNow()",
                          "item/mib_relatedrecord_new_site@odata.bind": "/new_sites/@{triggerBody()['text_6']}",
                          "item/mib_state": 913380002
                        },
                        "authentication": {
                          "type": "Raw",
                          "value": "@json(decodeBase64(triggerOutputs().headers['X-MS-APIM-Tokens']))['$ConnectionKey']"
                        }
                      }
                    }
                  }
                },
                "expression": {
                  "equals": [
                    "@empty(triggerBody()['text_8'])",
                    "@true"
                  ]
                },
                "metadata": {
                  "operationMetadataId": "b667335b-54ba-4e97-991f-c3c7e94fbdd9"
                },
                "type": "If"
              },
              "Condition_to_update_ECC_record_when_failed": {
                "actions": {
                  "Failed_Update_ECC_Record_for_Message_Type_:_AmbraAddGlobalSiteUpdateSiteAPI": {
                    "runAfter": {},
                    "metadata": {
                      "operationMetadataId": "3a8af1db-344c-4338-b474-402ab1032eb1"
                    },
                    "type": "OpenApiConnection",
                    "inputs": {
                      "host": {
                        "connectionName": "shared_commondataserviceforapps",
                        "operationId": "UpdateRecord",
                        "apiId": "/providers/Microsoft.PowerApps/apis/shared_commondataserviceforapps"
                      },
                      "parameters": {
                        "entityName": "mib_eccqueues",
                        "recordId": "@outputs('Add_a_ECC_Record_for_Message_Type:_AmbraAddGlobalSiteUpdateSiteAPI')?['body/mib_eccqueueid']",
                        "item/mib_status": "@{body('HTTP_-_Update_Site')?['status']} - @{body('HTTP_-_Update_Site')?['error_type']}",
                        "item/mib_body": "@body('HTTP_-_Update_Site')",
                        "item/mib_headers": "@outputs('HTTP_-_Update_Site')['headers']",
                        "item/mib_isretry": "@triggerBody()['boolean']",
                        "item/mib_method": "POST",
                        "item/mib_processeddatetime": "@utcNow()",
                        "item/mib_relatedrecord_new_site@odata.bind": "/new_sites/@{triggerBody()['text_6']}",
                        "item/mib_state": 913380006
                      },
                      "authentication": {
                        "type": "Raw",
                        "value": "@json(decodeBase64(triggerOutputs().headers['X-MS-APIM-Tokens']))['$ConnectionKey']"
                      }
                    }
                  }
                },
                "runAfter": {
                  "HTTP_-_Update_Site": [
                    "Failed",
                    "TimedOut"
                  ]
                },
                "else": {
                  "actions": {
                    "Failed_Update_ECC_Record_for_Message_Type_:_AmbraAddGlobalSiteUpdateSiteAPI_2": {
                      "runAfter": {},
                      "metadata": {
                        "operationMetadataId": "3a8af1db-344c-4338-b474-402ab1032eb1"
                      },
                      "type": "OpenApiConnection",
                      "inputs": {
                        "host": {
                          "connectionName": "shared_commondataserviceforapps",
                          "operationId": "UpdateRecord",
                          "apiId": "/providers/Microsoft.PowerApps/apis/shared_commondataserviceforapps"
                        },
                        "parameters": {
                          "entityName": "mib_eccqueues",
                          "recordId": "@outputs('Add_a_ECC_Record_for_Message_Type:_AmbraAddGlobalSiteUpdateSiteAPI')?['body/mib_eccqueueid']",
                          "item/mib_status": "@{body('HTTP_-_Update_Site')?['status']} - @{body('HTTP_-_Update_Site')?['error_type']}",
                          "item/mib_body": "@body('HTTP_-_Update_Site')",
                          "item/mib_ECCQueue@odata.bind": "/mib_eccqueues/@{triggerBody()['text_8']}",
                          "item/mib_headers": "@outputs('HTTP_-_Update_Site')['headers']",
                          "item/mib_isretry": "@triggerBody()['boolean']",
                          "item/mib_method": "POST",
                          "item/mib_processeddatetime": "@utcNow()",
                          "item/mib_relatedrecord_new_site@odata.bind": "/new_sites/@{triggerBody()['text_6']}",
                          "item/mib_state": 913380006
                        },
                        "authentication": {
                          "type": "Raw",
                          "value": "@json(decodeBase64(triggerOutputs().headers['X-MS-APIM-Tokens']))['$ConnectionKey']"
                        }
                      }
                    }
                  }
                },
                "expression": {
                  "equals": [
                    "@empty(triggerBody()['text_8'])",
                    "@true"
                  ]
                },
                "metadata": {
                  "operationMetadataId": "6b6d2623-2429-47a1-88db-ee7928c661e1"
                },
                "type": "If"
              },
              "Condition_to_update_ECC_record_when_success_1": {
                "actions": {
                  "Update_ECC_Record_for_Message_Type_:_AmbraAddGlobalSiteUpdateSiteAPI": {
                    "runAfter": {},
                    "metadata": {
                      "operationMetadataId": "fb5ed476-86a6-488f-bd82-ea288dbc9de7"
                    },
                    "type": "OpenApiConnection",
                    "inputs": {
                      "host": {
                        "connectionName": "shared_commondataserviceforapps",
                        "operationId": "UpdateRecord",
                        "apiId": "/providers/Microsoft.PowerApps/apis/shared_commondataserviceforapps"
                      },
                      "parameters": {
                        "entityName": "mib_eccqueues",
                        "recordId": "@outputs('Add_a_ECC_Record_for_Message_Type:_AmbraAddGlobalSiteUpdateSiteAPI')?['body/mib_eccqueueid']",
                        "item/mib_status": "Site is successfully updated in Ambra",
                        "item/mib_body": "@body('HTTP_-_Update_Site')",
                        "item/mib_headers": "@outputs('HTTP_-_Update_Site')['headers']",
                        "item/mib_isretry": "@triggerBody()['boolean']",
                        "item/mib_method": "POST",
                        "item/mib_processeddatetime": "@utcNow()",
                        "item/mib_relatedrecord_new_site@odata.bind": "/new_sites/@{triggerBody()['text_6']}",
                        "item/mib_state": 913380002
                      },
                      "authentication": {
                        "type": "Raw",
                        "value": "@json(decodeBase64(triggerOutputs().headers['X-MS-APIM-Tokens']))['$ConnectionKey']"
                      }
                    }
                  }
                },
                "runAfter": {
                  "Condition_to_update_ECC_record_when_failed": [
                    "Skipped"
                  ]
                },
                "else": {
                  "actions": {
                    "Update_ECC_Record_for_Message_Type_:_AmbraAddGlobalSiteUpdateSiteAPI_2": {
                      "runAfter": {},
                      "metadata": {
                        "operationMetadataId": "fb5ed476-86a6-488f-bd82-ea288dbc9de7"
                      },
                      "type": "OpenApiConnection",
                      "inputs": {
                        "host": {
                          "connectionName": "shared_commondataserviceforapps",
                          "operationId": "UpdateRecord",
                          "apiId": "/providers/Microsoft.PowerApps/apis/shared_commondataserviceforapps"
                        },
                        "parameters": {
                          "entityName": "mib_eccqueues",
                          "recordId": "@outputs('Add_a_ECC_Record_for_Message_Type:_AmbraAddGlobalSiteUpdateSiteAPI')?['body/mib_eccqueueid']",
                          "item/mib_status": "Site is successfully updated in Ambra",
                          "item/mib_body": "@body('HTTP_-_Update_Site')",
                          "item/mib_ECCQueue@odata.bind": "/mib_eccqueues/@{triggerBody()['text_8']}",
                          "item/mib_headers": "@outputs('HTTP_-_Update_Site')['headers']",
                          "item/mib_isretry": "@triggerBody()['boolean']",
                          "item/mib_method": "POST",
                          "item/mib_processeddatetime": "@utcNow()",
                          "item/mib_relatedrecord_new_site@odata.bind": "/new_sites/@{triggerBody()['text_6']}",
                          "item/mib_state": 913380002
                        },
                        "authentication": {
                          "type": "Raw",
                          "value": "@json(decodeBase64(triggerOutputs().headers['X-MS-APIM-Tokens']))['$ConnectionKey']"
                        }
                      }
                    }
                  }
                },
                "expression": {
                  "equals": [
                    "@empty(triggerBody()['text_8'])",
                    "@true"
                  ]
                },
                "metadata": {
                  "operationMetadataId": "23650452-1a3c-4c61-b379-ce3b2172c3fd"
                },
                "type": "If"
              }
            }
          },
          "expression": {
            "equals": [
              "@triggerBody()['text_7']",
              "True"
            ]
          },
          "metadata": {
            "operationMetadataId": "0586540f-5e73-476b-8aee-61719a5ff0f7"
          },
          "type": "If"
        },
        "Respond_to_a_PowerApp_or_flow": {
          "runAfter": {
            "Condition_to_check_soft_delete": [
              "Succeeded"
            ]
          },
          "metadata": {
            "operationMetadataId": "15eef446-0e20-458b-b578-55b116b8c430"
          },
          "type": "Response",
          "kind": "PowerApp",
          "inputs": {
            "statusCode": 200,
            "body": {
              "status": "200"
            },
            "schema": {
              "type": "object",
              "properties": {
                "status": {
                  "title": "Status",
                  "x-ms-dynamically-added": true,
                  "type": "string"
                }
              }
            }
          }
        },
        "Initialize_variable": {
          "runAfter": {},
          "metadata": {
            "operationMetadataId": "cdd46308-7c64-45af-b015-e76bf16287b1"
          },
          "type": "InitializeVariable",
          "inputs": {
            "variables": [
              {
                "name": "BlankValue",
                "type": "string"
              }
            ]
          }
        }
      },
      "outputs": {}
    }
  },
  "schemaVersion": "1.0.0.0"
}