{
  "properties": {
    "connectionReferences": {
      "shared_commondataserviceforapps_1": {
        "runtimeSource": "embedded",
        "connection": {
          "connectionReferenceLogicalName": "mib_MicrosoftDataverseMIBAdmin"
        },
        "api": {
          "name": "shared_commondataserviceforapps"
        }
      }
    },
    "definition": {
      "$schema": "https://schema.management.azure.com/providers/Microsoft.Logic/schemas/2016-06-01/workflowdefinition.json#",
      "contentVersion": "1.0.0.0",
      "parameters": {
        "$connections": {
          "defaultValue": {},
          "type": "Object"
        },
        "$authentication": {
          "defaultValue": {},
          "type": "SecureObject"
        }
      },
      "triggers": {
        "When_a_row_is_added,_modified_or_deleted": {
          "metadata": {
            "operationMetadataId": "5a095cbf-d2fe-4f4d-87ae-784fc2d2cbc2"
          },
          "type": "OpenApiConnectionWebhook",
          "inputs": {
            "host": {
              "connectionName": "shared_commondataserviceforapps_1",
              "operationId": "SubscribeWebhookTrigger",
              "apiId": "/providers/Microsoft.PowerApps/apis/shared_commondataserviceforapps"
            },
            "parameters": {
              "subscriptionRequest/message": 1,
              "subscriptionRequest/entityname": "cr6ee_studysite",
              "subscriptionRequest/scope": 4
            },
            "authentication": "@parameters('$authentication')"
          }
        }
      },
      "actions": {
        "List_rows_of_studies": {
          "runAfter": {
            "Initialize_variable": [
              "Succeeded"
            ]
          },
          "metadata": {
            "operationMetadataId": "b59ad693-8199-4ff4-ab8c-51b3cbdf18f0"
          },
          "type": "OpenApiConnection",
          "inputs": {
            "host": {
              "connectionName": "shared_commondataserviceforapps_1",
              "operationId": "ListRecords",
              "apiId": "/providers/Microsoft.PowerApps/apis/shared_commondataserviceforapps"
            },
            "parameters": {
              "entityName": "new_studies",
              "fetchXml": "<fetch version=\"1.0\" output-format=\"xml-platform\" mapping=\"logical\" distinct=\"true\">\n  <entity name=\"new_study\">\n    <attribute name=\"new_studyid\" />\n    <attribute name=\"new_name\" />\n    <attribute name=\"createdon\" />\n    <order attribute=\"new_name\" descending=\"false\" />\n    <link-entity name=\"cr6ee_studysite\" from=\"new_study\" to=\"new_studyid\" link-type=\"inner\" alias=\"aq\">\n      <filter type=\"and\">\n        <condition attribute=\"mib_softdelete\" operator=\"eq\" value=\"0\" />\n      </filter>\n      <link-entity name=\"new_site\" from=\"new_siteid\" to=\"new_site\" link-type=\"inner\" alias=\"ar\">\n        <filter type=\"and\">\n          <condition attribute=\"new_siteid\" operator=\"eq\" value='@{triggerOutputs()?['body/_new_site_value']}'/>\n        </filter>\n      </link-entity>\n    </link-entity>\n  </entity>\n</fetch>"
            },
            "authentication": "@parameters('$authentication')"
          }
        },
        "Condition": {
          "actions": {
            "Set_variable": {
              "runAfter": {},
              "metadata": {
                "operationMetadataId": "06e9d6c4-e795-49ab-8f2f-17b1954b6701"
              },
              "type": "SetVariable",
              "inputs": {
                "name": "Study Count",
                "value": "@length(body('List_rows_of_studies')?['value'])"
              }
            },
            "Update_a_row": {
              "runAfter": {
                "Set_variable": [
                  "Succeeded"
                ]
              },
              "metadata": {
                "operationMetadataId": "07075e6a-797b-4b11-a8c7-5d596e7793f8"
              },
              "type": "OpenApiConnection",
              "inputs": {
                "host": {
                  "connectionName": "shared_commondataserviceforapps_1",
                  "operationId": "UpdateRecord",
                  "apiId": "/providers/Microsoft.PowerApps/apis/shared_commondataserviceforapps"
                },
                "parameters": {
                  "entityName": "new_sites",
                  "recordId": "@triggerOutputs()?['body/_new_site_value']",
                  "item/cr420_studycount": "@variables('Study Count')"
                },
                "authentication": "@parameters('$authentication')"
              }
            }
          },
          "runAfter": {
            "Compose": [
              "Succeeded"
            ]
          },
          "else": {
            "actions": {
              "Set_variable_2": {
                "runAfter": {},
                "metadata": {
                  "operationMetadataId": "75dce026-714f-440b-9ce6-0c2e4e4edb94"
                },
                "type": "SetVariable",
                "inputs": {
                  "name": "Study Count",
                  "value": 0
                }
              },
              "Update_a_row_2": {
                "runAfter": {
                  "Set_variable_2": [
                    "Succeeded"
                  ]
                },
                "metadata": {
                  "operationMetadataId": "1d1817a1-8a3d-42dc-8ded-df3c4a394ca3"
                },
                "type": "OpenApiConnection",
                "inputs": {
                  "host": {
                    "connectionName": "shared_commondataserviceforapps_1",
                    "operationId": "UpdateRecord",
                    "apiId": "/providers/Microsoft.PowerApps/apis/shared_commondataserviceforapps"
                  },
                  "parameters": {
                    "entityName": "new_sites",
                    "recordId": "@triggerOutputs()?['body/_new_site_value']",
                    "item/cr420_studycount": "@variables('Study Count')"
                  },
                  "authentication": "@parameters('$authentication')"
                }
              }
            }
          },
          "expression": {
            "greater": [
              "@length(body('List_rows_of_studies')?['value'])",
              0
            ]
          },
          "metadata": {
            "operationMetadataId": "288c3039-732a-45b4-a735-398659922932"
          },
          "type": "If"
        },
        "Initialize_variable": {
          "runAfter": {},
          "metadata": {
            "operationMetadataId": "2588de23-8aa3-40b7-9287-a601a68765f9"
          },
          "type": "InitializeVariable",
          "inputs": {
            "variables": [
              {
                "name": "Study Count",
                "type": "integer",
                "value": 0
              }
            ]
          }
        },
        "Compose": {
          "runAfter": {
            "List_rows_of_studies": [
              "Succeeded"
            ]
          },
          "metadata": {
            "operationMetadataId": "51a00991-4c5c-4140-b690-ac7b79037af9"
          },
          "type": "Compose",
          "inputs": "@length(body('List_rows_of_studies')?['value'])"
        }
      },
      "outputs": {}
    }
  },
  "schemaVersion": "1.0.0.0"
}