{
  "properties": {
    "connectionReferences": {
      "shared_commondataserviceforapps": {
        "runtimeSource": "embedded",
        "connection": {
          "connectionReferenceLogicalName": "mib_MicrosoftDataverseMIBAdmin"
        },
        "api": {
          "name": "shared_commondataserviceforapps"
        }
      },
      "shared_commondataserviceforapps_1": {
        "runtimeSource": "embedded",
        "connection": {
          "connectionReferenceLogicalName": "mib_MicrosoftDataverseMIBAdmin"
        },
        "api": {
          "name": "shared_commondataserviceforapps"
        }
      }
    },
    "definition": {
      "$schema": "https://schema.management.azure.com/providers/Microsoft.Logic/schemas/2016-06-01/workflowdefinition.json#",
      "contentVersion": "1.0.0.0",
      "parameters": {
        "$connections": {
          "defaultValue": {},
          "type": "Object"
        },
        "$authentication": {
          "defaultValue": {},
          "type": "SecureObject"
        }
      },
      "triggers": {
        "manual": {
          "metadata": {
            "operationMetadataId": "b927d0c6-ea86-4da0-a44a-0c966ff7faba"
          },
          "type": "Request",
          "kind": "Button",
          "inputs": {
            "schema": {
              "type": "object",
              "properties": {
                "text": {
                  "title": "uuid",
                  "type": "string",
                  "x-ms-dynamically-added": true,
                  "description": "uuid",
                  "x-ms-content-hint": "TEXT"
                },
                "text_1": {
                  "title": "Site ID",
                  "type": "string",
                  "x-ms-dynamically-added": true,
                  "description": "Site ID",
                  "x-ms-content-hint": "TEXT"
                },
                "text_2": {
                  "title": "Service_Url",
                  "type": "string",
                  "x-ms-dynamically-added": true,
                  "description": "Service_Url",
                  "x-ms-content-hint": "TEXT"
                },
                "text_3": {
                  "title": "UserName",
                  "type": "string",
                  "x-ms-dynamically-added": true,
                  "description": "UserName",
                  "x-ms-content-hint": "TEXT"
                },
                "text_4": {
                  "title": "Password",
                  "type": "string",
                  "x-ms-dynamically-added": true,
                  "description": "Password",
                  "x-ms-content-hint": "TEXT"
                },
                "text_5": {
                  "title": "Study UUID",
                  "type": "string",
                  "x-ms-dynamically-added": true,
                  "description": "Study UUID",
                  "x-ms-content-hint": "TEXT"
                },
                "text_6": {
                  "title": "Study Site GUID",
                  "type": "string",
                  "x-ms-dynamically-added": true,
                  "description": "Study Site GUID",
                  "x-ms-content-hint": "TEXT"
                },
                "text_7": {
                  "title": "SoftDelete",
                  "type": "string",
                  "x-ms-dynamically-added": true,
                  "description": "SoftDelete",
                  "x-ms-content-hint": "TEXT"
                },
                "text_9": {
                  "title": "Name",
                  "type": "string",
                  "x-ms-dynamically-added": true,
                  "description": "Name",
                  "x-ms-content-hint": "TEXT"
                },
                "text_10": {
                  "title": "Site ID Customfield UUID",
                  "type": "string",
                  "x-ms-dynamically-added": true,
                  "description": "Site ID Customfield UUID",
                  "x-ms-content-hint": "TEXT"
                },
                "text_11": {
                  "title": "Global Site UUID",
                  "type": "string",
                  "x-ms-dynamically-added": true,
                  "description": "Global Site UUID",
                  "x-ms-content-hint": "TEXT"
                },
                "number": {
                  "title": "Qualification Status",
                  "type": "number",
                  "x-ms-dynamically-added": true,
                  "description": "Qualification Status",
                  "x-ms-content-hint": "NUMBER"
                },
                "boolean": {
                  "title": "Is Retry",
                  "type": "boolean",
                  "x-ms-dynamically-added": true,
                  "description": "Is Retry",
                  "x-ms-content-hint": "BOOLEAN"
                },
                "text_8": {
                  "title": "ECC queue record GUID",
                  "type": "string",
                  "x-ms-dynamically-added": true,
                  "description": "ECC queue record GUID",
                  "x-ms-content-hint": "TEXT"
                }
              },
              "required": [
                "text",
                "text_2",
                "text_3",
                "text_4",
                "text_5",
                "text_6",
                "text_7",
                "text_9",
                "text_10",
                "text_11",
                "number",
                "boolean",
                "text_8"
              ]
            }
          }
        }
      },
      "actions": {
        "Initialize_variable": {
          "runAfter": {
            "Initialize_variable_3": [
              "Succeeded"
            ]
          },
          "metadata": {
            "operationMetadataId": "3ff76f54-eb31-4f2c-8a49-b24e32af0c79"
          },
          "type": "InitializeVariable",
          "inputs": {
            "variables": [
              {
                "name": "BlankValue",
                "type": "string"
              }
            ]
          }
        },
        "Condition_to_check_soft_delete": {
          "actions": {
            "Add_a_ECC_Record_for_Message_Type:_AmbraDeleteStudySiteSessionAPI": {
              "runAfter": {},
              "metadata": {
                "operationMetadataId": "392117e8-4c41-4330-93ea-0731bae5e650"
              },
              "type": "OpenApiConnection",
              "inputs": {
                "host": {
                  "connectionName": "shared_commondataserviceforapps",
                  "operationId": "CreateRecord",
                  "apiId": "/providers/Microsoft.PowerApps/apis/shared_commondataserviceforapps"
                },
                "parameters": {
                  "entityName": "mib_eccqueues",
                  "item/mib_createddatetime": "@utcNow()",
                  "item/mib_direction": 913380001,
                  "item/mib_integrationmessagetype": 31,
                  "item/mib_name": "@{triggerBody()['text_9']}Delete Study Site - ",
                  "item/mib_requestfor": 913380001,
                  "item/mib_state": 913380004
                },
                "authentication": {
                  "type": "Raw",
                  "value": "@json(decodeBase64(triggerOutputs().headers['X-MS-APIM-Tokens']))['$ConnectionKey']"
                }
              }
            },
            "HTTP_-_SessionLogin(Delete)_2": {
              "runAfter": {
                "Add_a_ECC_Record_for_Message_Type:_AmbraDeleteStudySiteSessionAPI": [
                  "Succeeded"
                ]
              },
              "metadata": {
                "operationMetadataId": "acc9b0f8-8985-49b4-b1dd-258877591309"
              },
              "type": "Http",
              "inputs": {
                "method": "POST",
                "uri": "@{triggerBody()['text_2']}/api/v3/session/login",
                "headers": {
                  "Content-Type": "application/x-www-form-urlencoded"
                },
                "body": "login=@{triggerBody()['text_3']}&password=@{triggerBody()['text_4']}"
              }
            },
            "Parse_JSON_3": {
              "runAfter": {
                "Condition_to_update_ECC_record_when_success_4": [
                  "Succeeded"
                ]
              },
              "metadata": {
                "operationMetadataId": "61dc94a3-9e6c-43a6-a136-2f6e4a030bd8"
              },
              "type": "ParseJson",
              "inputs": {
                "content": "@body('HTTP_-_SessionLogin(Delete)_2')",
                "schema": {
                  "type": "object",
                  "properties": {
                    "sid": {
                      "type": "string"
                    }
                  }
                }
              }
            },
            "Add_a_ECC_Record_for_Message_Type:_AmbraDeleteStudySiteDeleteGroupAPI": {
              "runAfter": {
                "Parse_JSON_3": [
                  "Succeeded"
                ]
              },
              "metadata": {
                "operationMetadataId": "31b05700-2d98-477c-b18f-779537a51b2a"
              },
              "type": "OpenApiConnection",
              "inputs": {
                "host": {
                  "connectionName": "shared_commondataserviceforapps",
                  "operationId": "CreateRecord",
                  "apiId": "/providers/Microsoft.PowerApps/apis/shared_commondataserviceforapps"
                },
                "parameters": {
                  "entityName": "mib_eccqueues",
                  "item/mib_createddatetime": "@utcNow()",
                  "item/mib_direction": 913380001,
                  "item/mib_integrationmessagetype": 32,
                  "item/mib_name": "Delete Study Site - @{triggerBody()['text_9']}",
                  "item/mib_requestfor": 913380004,
                  "item/mib_state": 913380004
                },
                "authentication": {
                  "type": "Raw",
                  "value": "@json(decodeBase64(triggerOutputs().headers['X-MS-APIM-Tokens']))['$ConnectionKey']"
                }
              }
            },
            "HTTP_-_Delete_Group": {
              "runAfter": {
                "Add_a_ECC_Record_for_Message_Type:_AmbraDeleteStudySiteDeleteGroupAPI": [
                  "Succeeded"
                ]
              },
              "metadata": {
                "operationMetadataId": "d27e508c-f7f3-4f12-8bd8-53005f98cf57"
              },
              "type": "Http",
              "inputs": {
                "method": "POST",
                "uri": "@{triggerBody()['text_2']}/api/v3/group/delete",
                "headers": {
                  "Content-Type": "application/x-www-form-urlencoded"
                },
                "body": "sid=@{body('Parse_JSON_3')?['sid']}&uuid=@{triggerBody()['text']}"
              }
            },
            "Condition_2": {
              "actions": {
                "Update_Site_with_Error_2": {
                  "runAfter": {},
                  "metadata": {
                    "operationMetadataId": "1eaf5363-300a-4972-b20c-f36222672ec0"
                  },
                  "type": "OpenApiConnection",
                  "inputs": {
                    "host": {
                      "connectionName": "shared_commondataserviceforapps",
                      "operationId": "UpdateRecord",
                      "apiId": "/providers/Microsoft.PowerApps/apis/shared_commondataserviceforapps"
                    },
                    "parameters": {
                      "entityName": "cr6ee_studysites",
                      "recordId": "@triggerBody()['text_6']",
                      "item/mib_flowstate": 913380001,
                      "item/mib_namespace": "@variables('BlankValue')"
                    },
                    "authentication": {
                      "type": "Raw",
                      "value": "@json(decodeBase64(triggerOutputs().headers['X-MS-APIM-Tokens']))['$ConnectionKey']"
                    }
                  }
                },
                "Return_to_caller_-_Error_2": {
                  "runAfter": {
                    "Condition_3": [
                      "Succeeded"
                    ]
                  },
                  "metadata": {
                    "operationMetadataId": "4e485d52-00e4-4158-869a-752a31e32696"
                  },
                  "type": "Response",
                  "kind": "PowerApp",
                  "inputs": {
                    "statusCode": 200,
                    "body": {
                      "status": "500"
                    },
                    "schema": {
                      "type": "object",
                      "properties": {
                        "status": {
                          "title": "Status",
                          "x-ms-dynamically-added": true,
                          "type": "string"
                        }
                      }
                    }
                  }
                },
                "Terminate__-_Error_2": {
                  "runAfter": {
                    "Return_to_caller_-_Error_2": [
                      "Succeeded"
                    ]
                  },
                  "metadata": {
                    "operationMetadataId": "f60f21bb-7721-4cf2-8b3d-2a78c3830ca6"
                  },
                  "type": "Terminate",
                  "inputs": {
                    "runStatus": "Failed"
                  }
                },
                "Condition_3": {
                  "actions": {},
                  "runAfter": {
                    "Update_Site_with_Error_2": [
                      "Succeeded"
                    ]
                  },
                  "else": {
                    "actions": {
                      "Update_ECC_Queue_Retry_Record_-_Integration_Failed": {
                        "runAfter": {},
                        "metadata": {
                          "operationMetadataId": "fe339893-03fc-4fb0-bf89-f1a2889f69e9"
                        },
                        "type": "OpenApiConnection",
                        "inputs": {
                          "host": {
                            "connectionName": "shared_commondataserviceforapps_1",
                            "operationId": "UpdateRecord",
                            "apiId": "/providers/Microsoft.PowerApps/apis/shared_commondataserviceforapps"
                          },
                          "parameters": {
                            "entityName": "mib_eccqueues",
                            "recordId": "@outputs('Update_Site_with_Error_2')?['body/mib_eccqueuerecordguid']",
                            "item/mib_status": "Study site(Group) deletion failed",
                            "item/mib_flowstate": 913380001,
                            "item/mib_isretry": "@triggerBody()['boolean']",
                            "item/mib_processeddatetime": "@utcNow()",
                            "item/mib_relatedrecord_cr6ee_StudySite_cr6ee_studysite@odata.bind": "/cr6ee_studysites/@{triggerBody()['text_6']}",
                            "item/mib_state": 913380006
                          },
                          "authentication": {
                            "type": "Raw",
                            "value": "@json(decodeBase64(triggerOutputs().headers['X-MS-APIM-Tokens']))['$ConnectionKey']"
                          }
                        }
                      }
                    }
                  },
                  "expression": {
                    "equals": [
                      "@empty(outputs('Update_Site_with_Error_2')?['body/mib_eccqueuerecordguid'])",
                      "@true"
                    ]
                  },
                  "metadata": {
                    "operationMetadataId": "c1ba3fc3-28d5-4fbb-b1e3-bb2bc6246e52"
                  },
                  "type": "If"
                }
              },
              "runAfter": {
                "Condition_to_update_ECC_record_when_success_6": [
                  "Succeeded"
                ]
              },
              "else": {
                "actions": {
                  "Update_a_row_3": {
                    "runAfter": {},
                    "metadata": {
                      "operationMetadataId": "c8343930-e7ca-4e65-8ae3-9ef0455ecb04"
                    },
                    "type": "OpenApiConnection",
                    "inputs": {
                      "host": {
                        "connectionName": "shared_commondataserviceforapps",
                        "operationId": "UpdateRecord",
                        "apiId": "/providers/Microsoft.PowerApps/apis/shared_commondataserviceforapps"
                      },
                      "parameters": {
                        "entityName": "cr6ee_studysites",
                        "recordId": "@triggerBody()['text_6']",
                        "item/mib_namespace": "@variables('BlankValue')",
                        "item/mib_uuid": "@variables('BlankValue')"
                      },
                      "authentication": {
                        "type": "Raw",
                        "value": "@json(decodeBase64(triggerOutputs().headers['X-MS-APIM-Tokens']))['$ConnectionKey']"
                      }
                    }
                  },
                  "Condition_4": {
                    "actions": {},
                    "runAfter": {
                      "Update_a_row_3": [
                        "Succeeded"
                      ]
                    },
                    "else": {
                      "actions": {
                        "Update_ECC_Queue_Retry_Record_-_Integration_Successful": {
                          "runAfter": {},
                          "metadata": {
                            "operationMetadataId": "fe339893-03fc-4fb0-bf89-f1a2889f69e9"
                          },
                          "type": "OpenApiConnection",
                          "inputs": {
                            "host": {
                              "connectionName": "shared_commondataserviceforapps_1",
                              "operationId": "UpdateRecord",
                              "apiId": "/providers/Microsoft.PowerApps/apis/shared_commondataserviceforapps"
                            },
                            "parameters": {
                              "entityName": "mib_eccqueues",
                              "recordId": "@outputs('Update_a_row_3')?['body/mib_eccqueuerecordguid']",
                              "item/mib_status": "Study site(Group) is successfully deleted",
                              "item/mib_flowstate": 913380001,
                              "item/mib_isretry": "@triggerBody()['boolean']",
                              "item/mib_processeddatetime": "@utcNow()",
                              "item/mib_relatedrecord_cr6ee_StudySite_cr6ee_studysite@odata.bind": "/cr6ee_studysites/@{triggerBody()['text_6']}",
                              "item/mib_state": 913380002
                            },
                            "authentication": {
                              "type": "Raw",
                              "value": "@json(decodeBase64(triggerOutputs().headers['X-MS-APIM-Tokens']))['$ConnectionKey']"
                            }
                          }
                        }
                      }
                    },
                    "expression": {
                      "equals": [
                        "@empty(outputs('Update_a_row_3')?['body/mib_eccqueuerecordguid'])",
                        "@true"
                      ]
                    },
                    "metadata": {
                      "operationMetadataId": "500c3900-3004-46a1-b7b9-c62804f47921"
                    },
                    "type": "If"
                  }
                }
              },
              "expression": {
                "equals": [
                  "@toLower(body('HTTP_-_Delete_Group')?['status'])",
                  "error"
                ]
              },
              "metadata": {
                "operationMetadataId": "d5ab4299-4ff1-47c8-aeea-8cc1cb6e039e"
              },
              "type": "If"
            },
            "HTTP_Session_Login_Failed_-_Delete": {
              "actions": {
                "Failed_Update_ECC_Record_for_Message_Type:_AmbraDeleteGlobalSiteSessionAPI": {
                  "runAfter": {},
                  "metadata": {
                    "operationMetadataId": "5905de10-7089-491e-98d4-da9aef14b770"
                  },
                  "type": "OpenApiConnection",
                  "inputs": {
                    "host": {
                      "connectionName": "shared_commondataserviceforapps",
                      "operationId": "UpdateRecord",
                      "apiId": "/providers/Microsoft.PowerApps/apis/shared_commondataserviceforapps"
                    },
                    "parameters": {
                      "entityName": "mib_eccqueues",
                      "recordId": "@outputs('Add_a_ECC_Record_for_Message_Type:_AmbraDeleteStudySiteSessionAPI')?['body/mib_eccqueueid']",
                      "item/mib_status": "HTTP Session Login Failed",
                      "item/mib_body": "@body('HTTP_-_SessionLogin(Delete)_2')",
                      "item/mib_headers": "@outputs('HTTP_-_SessionLogin(Delete)_2')['headers']",
                      "item/mib_isretry": "@triggerBody()['boolean']",
                      "item/mib_method": "POST",
                      "item/mib_processeddatetime": "@utcNow()",
                      "item/mib_relatedrecord_cr6ee_StudySite_cr6ee_studysite@odata.bind": "/cr6ee_studysites/@{triggerBody()['text_6']}",
                      "item/mib_state": 913380006
                    },
                    "authentication": {
                      "type": "Raw",
                      "value": "@json(decodeBase64(triggerOutputs().headers['X-MS-APIM-Tokens']))['$ConnectionKey']"
                    }
                  }
                },
                "Return_to_caller_-_HTTP_Session_Login_Failed_-_Delete": {
                  "runAfter": {
                    "Condition_7": [
                      "Succeeded"
                    ]
                  },
                  "metadata": {
                    "operationMetadataId": "0dab4312-1486-44ff-b09c-20940e9377ed"
                  },
                  "type": "Response",
                  "kind": "PowerApp",
                  "inputs": {
                    "statusCode": 200,
                    "body": {
                      "status": "500"
                    },
                    "schema": {
                      "type": "object",
                      "properties": {
                        "status": {
                          "title": "Status",
                          "x-ms-dynamically-added": true,
                          "type": "string"
                        }
                      }
                    }
                  }
                },
                "Terminate": {
                  "runAfter": {
                    "Return_to_caller_-_HTTP_Session_Login_Failed_-_Delete": [
                      "Succeeded"
                    ]
                  },
                  "metadata": {
                    "operationMetadataId": "ada235ee-ab58-4c23-adb7-fc7e782b743e"
                  },
                  "type": "Terminate",
                  "inputs": {
                    "runStatus": "Failed"
                  }
                },
                "Update_Group_-_HTTP_Session_Login_Failed_-_Delete": {
                  "runAfter": {
                    "Failed_Update_ECC_Record_for_Message_Type:_AmbraDeleteGlobalSiteSessionAPI": [
                      "Succeeded"
                    ]
                  },
                  "metadata": {
                    "operationMetadataId": "1eaf5363-300a-4972-b20c-f36222672ec0"
                  },
                  "type": "OpenApiConnection",
                  "inputs": {
                    "host": {
                      "connectionName": "shared_commondataserviceforapps",
                      "operationId": "UpdateRecord",
                      "apiId": "/providers/Microsoft.PowerApps/apis/shared_commondataserviceforapps"
                    },
                    "parameters": {
                      "entityName": "cr6ee_studysites",
                      "recordId": "@triggerBody()['text_6']",
                      "item/mib_status": "HTTP Session Login Failed",
                      "item/mib_flowstate": 913380001,
                      "item/mib_namespace": "@variables('BlankValue')"
                    },
                    "authentication": {
                      "type": "Raw",
                      "value": "@json(decodeBase64(triggerOutputs().headers['X-MS-APIM-Tokens']))['$ConnectionKey']"
                    }
                  }
                },
                "Condition_7": {
                  "actions": {},
                  "runAfter": {
                    "Update_Group_-_HTTP_Session_Login_Failed_-_Delete": [
                      "Succeeded"
                    ]
                  },
                  "else": {
                    "actions": {
                      "Update_ECC_Queue_Retry_Record_-_Integration_Failed_3": {
                        "runAfter": {},
                        "metadata": {
                          "operationMetadataId": "c52bb704-2b33-4901-9790-05d1a8f29310"
                        },
                        "type": "OpenApiConnection",
                        "inputs": {
                          "host": {
                            "connectionName": "shared_commondataserviceforapps_1",
                            "operationId": "UpdateRecord",
                            "apiId": "/providers/Microsoft.PowerApps/apis/shared_commondataserviceforapps"
                          },
                          "parameters": {
                            "entityName": "mib_eccqueues",
                            "recordId": "@outputs('Update_Group_-_HTTP_Session_Login_Failed_-_Delete')?['body/mib_eccqueuerecordguid']",
                            "item/mib_status": "Delete study site session login failed",
                            "item/mib_flowstate": 913380001,
                            "item/mib_isretry": true,
                            "item/mib_relatedrecord_cr6ee_StudySite_cr6ee_studysite@odata.bind": "/cr6ee_studysites(@{triggerBody()['text_6']})",
                            "item/mib_state": 913380006
                          },
                          "authentication": {
                            "type": "Raw",
                            "value": "@json(decodeBase64(triggerOutputs().headers['X-MS-APIM-Tokens']))['$ConnectionKey']"
                          }
                        }
                      },
                      "Failed_Update_ECC_Record_for_Message_Type:_AmbraDeleteGlobalSiteSessionAPI_2": {
                        "runAfter": {
                          "Update_ECC_Queue_Retry_Record_-_Integration_Failed_3": [
                            "Succeeded"
                          ]
                        },
                        "metadata": {
                          "operationMetadataId": "5905de10-7089-491e-98d4-da9aef14b770"
                        },
                        "type": "OpenApiConnection",
                        "inputs": {
                          "host": {
                            "connectionName": "shared_commondataserviceforapps",
                            "operationId": "UpdateRecord",
                            "apiId": "/providers/Microsoft.PowerApps/apis/shared_commondataserviceforapps"
                          },
                          "parameters": {
                            "entityName": "mib_eccqueues",
                            "recordId": "@outputs('Add_a_ECC_Record_for_Message_Type:_AmbraDeleteStudySiteSessionAPI')?['body/mib_eccqueueid']",
                            "item/mib_status": "HTTP Session Login Failed",
                            "item/mib_body": "@body('HTTP_-_SessionLogin(Delete)_2')",
                            "item/mib_ECCQueue@odata.bind": "/mib_eccqueues/@{outputs('Update_Group_-_HTTP_Session_Login_Failed_-_Delete')?['body/mib_eccqueuerecordguid']}",
                            "item/mib_headers": "@outputs('HTTP_-_SessionLogin(Delete)_2')['headers']",
                            "item/mib_isretry": "@triggerBody()['boolean']",
                            "item/mib_method": "POST",
                            "item/mib_processeddatetime": "@utcNow()",
                            "item/mib_relatedrecord_cr6ee_StudySite_cr6ee_studysite@odata.bind": "/cr6ee_studysites/@{triggerBody()['text_6']}",
                            "item/mib_state": 913380006
                          },
                          "authentication": {
                            "type": "Raw",
                            "value": "@json(decodeBase64(triggerOutputs().headers['X-MS-APIM-Tokens']))['$ConnectionKey']"
                          }
                        }
                      }
                    }
                  },
                  "expression": {
                    "equals": [
                      "@empty(outputs('Update_Group_-_HTTP_Session_Login_Failed_-_Delete')?['body/mib_eccqueuerecordguid'])",
                      "@true"
                    ]
                  },
                  "metadata": {
                    "operationMetadataId": "6d3b2c00-d18b-4eb2-b7fe-3dcec66c7f1e"
                  },
                  "type": "If"
                }
              },
              "runAfter": {
                "HTTP_-_SessionLogin(Delete)_2": [
                  "Failed",
                  "TimedOut"
                ]
              },
              "metadata": {
                "operationMetadataId": "e528240f-c5e3-451b-9368-84beb190a274"
              },
              "type": "Scope"
            },
            "Condition_to_update_ECC_record_when_success_4": {
              "actions": {
                "Update_ECC_Record_for_Message_Type:_AmbraDeleteGlobalSiteSessionAPI": {
                  "runAfter": {},
                  "metadata": {
                    "operationMetadataId": "a8adc0f7-e874-47bf-9d2f-c4184fc2ca9d"
                  },
                  "type": "OpenApiConnection",
                  "inputs": {
                    "host": {
                      "connectionName": "shared_commondataserviceforapps",
                      "operationId": "UpdateRecord",
                      "apiId": "/providers/Microsoft.PowerApps/apis/shared_commondataserviceforapps"
                    },
                    "parameters": {
                      "entityName": "mib_eccqueues",
                      "recordId": "@outputs('Add_a_ECC_Record_for_Message_Type:_AmbraDeleteStudySiteSessionAPI')?['body/mib_eccqueueid']",
                      "item/mib_body": "@body('HTTP_-_SessionLogin(Delete)_2')",
                      "item/mib_headers": "@outputs('HTTP_-_SessionLogin(Delete)_2')['headers']",
                      "item/mib_method": "POST",
                      "item/mib_processeddatetime": "@utcNow()",
                      "item/mib_state": 913380002
                    },
                    "authentication": {
                      "type": "Raw",
                      "value": "@json(decodeBase64(triggerOutputs().headers['X-MS-APIM-Tokens']))['$ConnectionKey']"
                    }
                  }
                }
              },
              "runAfter": {
                "HTTP_Session_Login_Failed_-_Delete": [
                  "Skipped"
                ]
              },
              "else": {
                "actions": {
                  "Update_ECC_Record_for_Message_Type:_AmbraDeleteGlobalSiteSessionAPI_2": {
                    "runAfter": {},
                    "metadata": {
                      "operationMetadataId": "a8adc0f7-e874-47bf-9d2f-c4184fc2ca9d"
                    },
                    "type": "OpenApiConnection",
                    "inputs": {
                      "host": {
                        "connectionName": "shared_commondataserviceforapps",
                        "operationId": "UpdateRecord",
                        "apiId": "/providers/Microsoft.PowerApps/apis/shared_commondataserviceforapps"
                      },
                      "parameters": {
                        "entityName": "mib_eccqueues",
                        "recordId": "@outputs('Add_a_ECC_Record_for_Message_Type:_AmbraDeleteStudySiteSessionAPI')?['body/mib_eccqueueid']",
                        "item/mib_body": "@body('HTTP_-_SessionLogin(Delete)_2')",
                        "item/mib_ECCQueue@odata.bind": "/mib_eccqueues/@{triggerBody()['text_8']}",
                        "item/mib_headers": "@outputs('HTTP_-_SessionLogin(Delete)_2')['headers']",
                        "item/mib_method": "POST",
                        "item/mib_processeddatetime": "@utcNow()",
                        "item/mib_state": 913380002
                      },
                      "authentication": {
                        "type": "Raw",
                        "value": "@json(decodeBase64(triggerOutputs().headers['X-MS-APIM-Tokens']))['$ConnectionKey']"
                      }
                    }
                  }
                }
              },
              "expression": {
                "equals": [
                  "@empty(triggerBody()['text_8'])",
                  "@true"
                ]
              },
              "metadata": {
                "operationMetadataId": "1837e965-841f-4e4a-8d81-a75ddbbbd607"
              },
              "type": "If"
            },
            "Condition_to_update_ECC_record_when_failed_2": {
              "actions": {
                "Failed_Update_ECC_Record_for_Message_Type_:_AmbraDeleteStudySiteDeleteGroupAPI": {
                  "runAfter": {},
                  "metadata": {
                    "operationMetadataId": "3538f10c-8273-4cae-9933-77db845d7ed6"
                  },
                  "type": "OpenApiConnection",
                  "inputs": {
                    "host": {
                      "connectionName": "shared_commondataserviceforapps",
                      "operationId": "UpdateRecord",
                      "apiId": "/providers/Microsoft.PowerApps/apis/shared_commondataserviceforapps"
                    },
                    "parameters": {
                      "entityName": "mib_eccqueues",
                      "recordId": "@outputs('Add_a_ECC_Record_for_Message_Type:_AmbraDeleteStudySiteDeleteGroupAPI')?['body/mib_eccqueueid']",
                      "item/mib_body": "@body('HTTP_-_Delete_Group')",
                      "item/mib_headers": "@outputs('HTTP_-_Delete_Group')['headers']",
                      "item/mib_isretry": "@triggerBody()['boolean']",
                      "item/mib_method": "POST",
                      "item/mib_processeddatetime": "@utcNow()",
                      "item/mib_relatedrecord_cr6ee_StudySite_cr6ee_studysite@odata.bind": "/cr6ee_studysites/@{triggerBody()['text_6']}",
                      "item/mib_state": 913380006
                    },
                    "authentication": {
                      "type": "Raw",
                      "value": "@json(decodeBase64(triggerOutputs().headers['X-MS-APIM-Tokens']))['$ConnectionKey']"
                    }
                  }
                }
              },
              "runAfter": {
                "HTTP_-_Delete_Group": [
                  "Failed",
                  "TimedOut"
                ]
              },
              "else": {
                "actions": {
                  "Failed_Update_ECC_Record_for_Message_Type_:_AmbraDeleteStudySiteDeleteGroupAPI_2": {
                    "runAfter": {},
                    "metadata": {
                      "operationMetadataId": "3538f10c-8273-4cae-9933-77db845d7ed6"
                    },
                    "type": "OpenApiConnection",
                    "inputs": {
                      "host": {
                        "connectionName": "shared_commondataserviceforapps",
                        "operationId": "UpdateRecord",
                        "apiId": "/providers/Microsoft.PowerApps/apis/shared_commondataserviceforapps"
                      },
                      "parameters": {
                        "entityName": "mib_eccqueues",
                        "recordId": "@outputs('Add_a_ECC_Record_for_Message_Type:_AmbraDeleteStudySiteDeleteGroupAPI')?['body/mib_eccqueueid']",
                        "item/mib_body": "@body('HTTP_-_Delete_Group')",
                        "item/mib_ECCQueue@odata.bind": "/mib_eccqueues/@{triggerBody()['text_8']}",
                        "item/mib_headers": "@outputs('HTTP_-_Delete_Group')['headers']",
                        "item/mib_isretry": "@triggerBody()['boolean']",
                        "item/mib_method": "POST",
                        "item/mib_processeddatetime": "@utcNow()",
                        "item/mib_relatedrecord_cr6ee_StudySite_cr6ee_studysite@odata.bind": "/cr6ee_studysites/@{triggerBody()['text_6']}",
                        "item/mib_state": 913380006
                      },
                      "authentication": {
                        "type": "Raw",
                        "value": "@json(decodeBase64(triggerOutputs().headers['X-MS-APIM-Tokens']))['$ConnectionKey']"
                      }
                    }
                  }
                }
              },
              "expression": {
                "equals": [
                  "@empty(triggerBody()['text_8'])",
                  "@true"
                ]
              },
              "metadata": {
                "operationMetadataId": "9e3287b6-c426-4f24-be9c-5509050dfbdd"
              },
              "type": "If"
            },
            "Condition_to_update_ECC_record_when_success_6": {
              "actions": {
                "Update_ECC_Record_for_Message_Type_:_AmbraDeleteStudySiteDeleteGroupAPI": {
                  "runAfter": {},
                  "metadata": {
                    "operationMetadataId": "92f05e48-26e4-413d-9f48-bdc84ac84507"
                  },
                  "type": "OpenApiConnection",
                  "inputs": {
                    "host": {
                      "connectionName": "shared_commondataserviceforapps",
                      "operationId": "UpdateRecord",
                      "apiId": "/providers/Microsoft.PowerApps/apis/shared_commondataserviceforapps"
                    },
                    "parameters": {
                      "entityName": "mib_eccqueues",
                      "recordId": "@outputs('Add_a_ECC_Record_for_Message_Type:_AmbraDeleteStudySiteDeleteGroupAPI')?['body/mib_eccqueueid']",
                      "item/mib_status": "Study site is successfully deleted in Ambra",
                      "item/mib_body": "@body('HTTP_-_Delete_Group')",
                      "item/mib_headers": "@outputs('HTTP_-_Delete_Group')['headers']",
                      "item/mib_isretry": "@triggerBody()['boolean']",
                      "item/mib_method": "POST",
                      "item/mib_processeddatetime": "@utcNow()",
                      "item/mib_relatedrecord_cr6ee_StudySite_cr6ee_studysite@odata.bind": "/cr6ee_studysites/@{triggerBody()['text_6']}",
                      "item/mib_state": 913380002
                    },
                    "authentication": {
                      "type": "Raw",
                      "value": "@json(decodeBase64(triggerOutputs().headers['X-MS-APIM-Tokens']))['$ConnectionKey']"
                    }
                  }
                }
              },
              "runAfter": {
                "Condition_to_update_ECC_record_when_failed_2": [
                  "Skipped"
                ]
              },
              "else": {
                "actions": {
                  "Update_ECC_Record_for_Message_Type_:_AmbraDeleteStudySiteDeleteGroupAPI_2": {
                    "runAfter": {},
                    "metadata": {
                      "operationMetadataId": "92f05e48-26e4-413d-9f48-bdc84ac84507"
                    },
                    "type": "OpenApiConnection",
                    "inputs": {
                      "host": {
                        "connectionName": "shared_commondataserviceforapps",
                        "operationId": "UpdateRecord",
                        "apiId": "/providers/Microsoft.PowerApps/apis/shared_commondataserviceforapps"
                      },
                      "parameters": {
                        "entityName": "mib_eccqueues",
                        "recordId": "@outputs('Add_a_ECC_Record_for_Message_Type:_AmbraDeleteStudySiteDeleteGroupAPI')?['body/mib_eccqueueid']",
                        "item/mib_status": "Study site is successfully deleted in Ambra",
                        "item/mib_body": "@body('HTTP_-_Delete_Group')",
                        "item/mib_ECCQueue@odata.bind": "/mib_eccqueues/@{triggerBody()['text_8']}",
                        "item/mib_headers": "@outputs('HTTP_-_Delete_Group')['headers']",
                        "item/mib_isretry": "@triggerBody()['boolean']",
                        "item/mib_method": "POST",
                        "item/mib_processeddatetime": "@utcNow()",
                        "item/mib_relatedrecord_cr6ee_StudySite_cr6ee_studysite@odata.bind": "/cr6ee_studysites/@{triggerBody()['text_6']}",
                        "item/mib_state": 913380002
                      },
                      "authentication": {
                        "type": "Raw",
                        "value": "@json(decodeBase64(triggerOutputs().headers['X-MS-APIM-Tokens']))['$ConnectionKey']"
                      }
                    }
                  }
                }
              },
              "expression": {
                "equals": [
                  "@empty(triggerBody()['text_8'])",
                  "@true"
                ]
              },
              "metadata": {
                "operationMetadataId": "9e3287b6-c426-4f24-be9c-5509050dfbdd"
              },
              "type": "If"
            }
          },
          "runAfter": {
            "Initialize_variable": [
              "Succeeded"
            ]
          },
          "else": {
            "actions": {
              "Add_a_ECC_Record_for_Message_Type:_AmbraUpdateStudySiteSessionAPI": {
                "runAfter": {},
                "metadata": {
                  "operationMetadataId": "0797e379-25a6-493e-8d6a-17fff5bd816d"
                },
                "type": "OpenApiConnection",
                "inputs": {
                  "host": {
                    "connectionName": "shared_commondataserviceforapps",
                    "operationId": "CreateRecord",
                    "apiId": "/providers/Microsoft.PowerApps/apis/shared_commondataserviceforapps"
                  },
                  "parameters": {
                    "entityName": "mib_eccqueues",
                    "item/mib_createddatetime": "@utcNow()",
                    "item/mib_direction": 913380001,
                    "item/mib_integrationmessagetype": 29,
                    "item/mib_name": "Update Study Site - @{triggerBody()['text_9']}",
                    "item/mib_requestfor": 913380001,
                    "item/mib_state": 913380004
                  },
                  "authentication": {
                    "type": "Raw",
                    "value": "@json(decodeBase64(triggerOutputs().headers['X-MS-APIM-Tokens']))['$ConnectionKey']"
                  }
                }
              },
              "HTTP_-_SessionLogin(Update)": {
                "runAfter": {
                  "Add_a_ECC_Record_for_Message_Type:_AmbraUpdateStudySiteSessionAPI": [
                    "Succeeded"
                  ]
                },
                "metadata": {
                  "operationMetadataId": "e818526d-718c-4c56-865e-3a829e8e9c65"
                },
                "type": "Http",
                "inputs": {
                  "method": "POST",
                  "uri": "@{triggerBody()['text_2']}/api/v3/session/login",
                  "headers": {
                    "Content-Type": "application/x-www-form-urlencoded"
                  },
                  "body": "login=@{triggerBody()['text_3']}&password=@{triggerBody()['text_4']}"
                }
              },
              "Parse_JSON_2": {
                "runAfter": {
                  "Condition_to_update_ECC_record_when_success": [
                    "Succeeded"
                  ]
                },
                "metadata": {
                  "operationMetadataId": "e225be29-92ec-4685-a70e-25e5de5d0398"
                },
                "type": "ParseJson",
                "inputs": {
                  "content": "@body('HTTP_-_SessionLogin(Update)')",
                  "schema": {
                    "type": "object",
                    "properties": {
                      "sid": {
                        "type": "string"
                      }
                    }
                  }
                }
              },
              "Add_a_ECC_Record_for_Message_Type:_AmbraUpdateStudySiteUpdateGroupAPI": {
                "runAfter": {
                  "Parse_JSON_2": [
                    "Succeeded"
                  ]
                },
                "metadata": {
                  "operationMetadataId": "9cdf0a4d-d0fd-4c4f-b7f5-80b33a0895c8"
                },
                "type": "OpenApiConnection",
                "inputs": {
                  "host": {
                    "connectionName": "shared_commondataserviceforapps",
                    "operationId": "CreateRecord",
                    "apiId": "/providers/Microsoft.PowerApps/apis/shared_commondataserviceforapps"
                  },
                  "parameters": {
                    "entityName": "mib_eccqueues",
                    "item/mib_createddatetime": "@utcNow()",
                    "item/mib_direction": 913380001,
                    "item/mib_integrationmessagetype": 30,
                    "item/mib_name": "Update Study Site - @{triggerBody()['text_9']}",
                    "item/mib_requestfor": 913380004,
                    "item/mib_state": 913380004
                  },
                  "authentication": {
                    "type": "Raw",
                    "value": "@json(decodeBase64(triggerOutputs().headers['X-MS-APIM-Tokens']))['$ConnectionKey']"
                  }
                }
              },
              "HTTP_-_Update_Group": {
                "runAfter": {
                  "Set_variable": [
                    "Succeeded"
                  ]
                },
                "metadata": {
                  "operationMetadataId": "464986f8-873c-41a7-997a-03d7e49a196a"
                },
                "type": "Http",
                "inputs": {
                  "method": "POST",
                  "uri": "@{triggerBody()['text_2']}/api/v3/group/set",
                  "headers": {
                    "Content-Type": "application/x-www-form-urlencoded"
                  },
                  "body": "@variables('Query')"
                }
              },
              "Condition": {
                "actions": {
                  "Update_Site_with_Error": {
                    "runAfter": {},
                    "metadata": {
                      "operationMetadataId": "4d817923-4b8a-4c09-9bcd-b50ff093ce09"
                    },
                    "type": "OpenApiConnection",
                    "inputs": {
                      "host": {
                        "connectionName": "shared_commondataserviceforapps",
                        "operationId": "UpdateRecord",
                        "apiId": "/providers/Microsoft.PowerApps/apis/shared_commondataserviceforapps"
                      },
                      "parameters": {
                        "entityName": "cr6ee_studysites",
                        "recordId": "@triggerBody()['text_6']",
                        "item/mib_status": "@{body('HTTP_-_Update_Group')?['status']} - @{body('HTTP_-_Update_Group')?['error_type']}",
                        "item/mib_flowstate": 913380001
                      },
                      "authentication": {
                        "type": "Raw",
                        "value": "@json(decodeBase64(triggerOutputs().headers['X-MS-APIM-Tokens']))['$ConnectionKey']"
                      }
                    }
                  },
                  "Return_to_caller_-_Error": {
                    "runAfter": {
                      "Condition_5": [
                        "Succeeded"
                      ]
                    },
                    "metadata": {
                      "operationMetadataId": "f3edf03e-6352-4d78-b43d-0f6c861a5a11"
                    },
                    "type": "Response",
                    "kind": "PowerApp",
                    "inputs": {
                      "statusCode": 200,
                      "body": {
                        "status": "500"
                      },
                      "schema": {
                        "type": "object",
                        "properties": {
                          "status": {
                            "title": "Status",
                            "x-ms-dynamically-added": true,
                            "type": "string"
                          }
                        }
                      }
                    }
                  },
                  "Terminate__-_Error": {
                    "runAfter": {
                      "Return_to_caller_-_Error": [
                        "Succeeded"
                      ]
                    },
                    "metadata": {
                      "operationMetadataId": "8e42f095-1e44-49a3-b8c4-0226c447b5a1"
                    },
                    "type": "Terminate",
                    "inputs": {
                      "runStatus": "Failed"
                    }
                  },
                  "Condition_5": {
                    "actions": {},
                    "runAfter": {
                      "Update_Site_with_Error": [
                        "Succeeded"
                      ]
                    },
                    "else": {
                      "actions": {
                        "Update_ECC_Queue_Retry_Record_-_Integration_Failed_2": {
                          "runAfter": {},
                          "metadata": {
                            "operationMetadataId": "fe339893-03fc-4fb0-bf89-f1a2889f69e9"
                          },
                          "type": "OpenApiConnection",
                          "inputs": {
                            "host": {
                              "connectionName": "shared_commondataserviceforapps_1",
                              "operationId": "UpdateRecord",
                              "apiId": "/providers/Microsoft.PowerApps/apis/shared_commondataserviceforapps"
                            },
                            "parameters": {
                              "entityName": "mib_eccqueues",
                              "recordId": "@outputs('Update_Site_with_Error')?['body/mib_eccqueuerecordguid']",
                              "item/mib_status": "Study site(Group) updation failed",
                              "item/mib_flowstate": 913380001,
                              "item/mib_isretry": "@triggerBody()['boolean']",
                              "item/mib_processeddatetime": "@utcNow()",
                              "item/mib_relatedrecord_cr6ee_StudySite_cr6ee_studysite@odata.bind": "/cr6ee_studysites/@{triggerBody()['text_6']}",
                              "item/mib_state": 913380006
                            },
                            "authentication": {
                              "type": "Raw",
                              "value": "@json(decodeBase64(triggerOutputs().headers['X-MS-APIM-Tokens']))['$ConnectionKey']"
                            }
                          }
                        }
                      }
                    },
                    "expression": {
                      "equals": [
                        "@empty(outputs('Update_Site_with_Error')?['body/mib_eccqueuerecordguid'])",
                        "@true"
                      ]
                    },
                    "metadata": {
                      "operationMetadataId": "c461f807-4bef-47e4-9ade-57fb69f8bcc1"
                    },
                    "type": "If"
                  }
                },
                "runAfter": {
                  "Condition_to_update_ECC_record_when_success_3": [
                    "Succeeded"
                  ]
                },
                "else": {
                  "actions": {
                    "Update_a_row_2": {
                      "runAfter": {},
                      "metadata": {
                        "operationMetadataId": "f2e081d3-788b-422d-83d2-53040d847617"
                      },
                      "type": "OpenApiConnection",
                      "inputs": {
                        "host": {
                          "connectionName": "shared_commondataserviceforapps",
                          "operationId": "UpdateRecord",
                          "apiId": "/providers/Microsoft.PowerApps/apis/shared_commondataserviceforapps"
                        },
                        "parameters": {
                          "entityName": "cr6ee_studysites",
                          "recordId": "@triggerBody()['text_6']",
                          "item/mib_status": "In Sync",
                          "item/mib_flowstate": 913380001
                        },
                        "authentication": {
                          "type": "Raw",
                          "value": "@json(decodeBase64(triggerOutputs().headers['X-MS-APIM-Tokens']))['$ConnectionKey']"
                        }
                      }
                    },
                    "Condition_6": {
                      "actions": {},
                      "runAfter": {
                        "Update_a_row_2": [
                          "Succeeded"
                        ]
                      },
                      "else": {
                        "actions": {
                          "Update_ECC_Queue_Retry_Record_-_Integration_Successful_2": {
                            "runAfter": {},
                            "metadata": {
                              "operationMetadataId": "fe339893-03fc-4fb0-bf89-f1a2889f69e9"
                            },
                            "type": "OpenApiConnection",
                            "inputs": {
                              "host": {
                                "connectionName": "shared_commondataserviceforapps_1",
                                "operationId": "UpdateRecord",
                                "apiId": "/providers/Microsoft.PowerApps/apis/shared_commondataserviceforapps"
                              },
                              "parameters": {
                                "entityName": "mib_eccqueues",
                                "recordId": "@outputs('Update_a_row_2')?['body/mib_eccqueuerecordguid']",
                                "item/mib_status": "Study site(Group) is successfully updated",
                                "item/mib_flowstate": 913380001,
                                "item/mib_isretry": "@triggerBody()['boolean']",
                                "item/mib_processeddatetime": "@utcNow()",
                                "item/mib_relatedrecord_cr6ee_StudySite_cr6ee_studysite@odata.bind": "/cr6ee_studysites/@{triggerBody()['text_6']}",
                                "item/mib_state": 913380002
                              },
                              "authentication": {
                                "type": "Raw",
                                "value": "@json(decodeBase64(triggerOutputs().headers['X-MS-APIM-Tokens']))['$ConnectionKey']"
                              }
                            }
                          }
                        }
                      },
                      "expression": {
                        "equals": [
                          "@empty(outputs('Update_a_row_2')?['body/mib_eccqueuerecordguid'])",
                          "@true"
                        ]
                      },
                      "metadata": {
                        "operationMetadataId": "da253efe-6fce-418d-8fcb-d09ff467b723"
                      },
                      "type": "If"
                    }
                  }
                },
                "expression": {
                  "equals": [
                    "@toLower(body('HTTP_-_Update_Group')?['status'])",
                    "error"
                  ]
                },
                "metadata": {
                  "operationMetadataId": "8519ba67-bf7e-47b7-a89b-f29ffd709355"
                },
                "type": "If"
              },
              "Set_variable_2": {
                "runAfter": {
                  "Add_a_ECC_Record_for_Message_Type:_AmbraUpdateStudySiteUpdateGroupAPI": [
                    "Succeeded"
                  ]
                },
                "metadata": {
                  "operationMetadataId": "11c0a3af-cd5c-4057-adf4-336c12111293"
                },
                "type": "SetVariable",
                "inputs": {
                  "name": "SITEIDEXIST",
                  "value": "&customfield-@{triggerBody()['text_10']}=@{triggerBody()['text_1']}"
                }
              },
              "Set_variable": {
                "runAfter": {
                  "Set_variable_2": [
                    "Succeeded"
                  ]
                },
                "metadata": {
                  "operationMetadataId": "aed51519-4c80-442d-99d4-63682c7b4b81"
                },
                "type": "SetVariable",
                "inputs": {
                  "name": "Query",
                  "value": "sid=@{body('Parse_JSON_2')?['sid']}&uuid=@{triggerBody()['text']}&site_qualified=@{triggerBody()['number']}&site_id=@{triggerBody()['text_11']}&name=@{triggerBody()['text_9']}"
                }
              },
              "HTTP_Session_Login_Failed_-_Update": {
                "actions": {
                  "Failed_Update_ECC_Record_for_Message_Type:_AmbraUpdateGlobalSiteSessionAPI": {
                    "runAfter": {},
                    "metadata": {
                      "operationMetadataId": "c0beb26b-5c68-4ccd-b610-f4991489d12d"
                    },
                    "type": "OpenApiConnection",
                    "inputs": {
                      "host": {
                        "connectionName": "shared_commondataserviceforapps",
                        "operationId": "UpdateRecord",
                        "apiId": "/providers/Microsoft.PowerApps/apis/shared_commondataserviceforapps"
                      },
                      "parameters": {
                        "entityName": "mib_eccqueues",
                        "recordId": "@outputs('Add_a_ECC_Record_for_Message_Type:_AmbraUpdateStudySiteSessionAPI')?['body/mib_eccqueueid']",
                        "item/mib_status": "HTTP Session Login Failed",
                        "item/mib_body": "@body('HTTP_-_SessionLogin(Update)')",
                        "item/mib_headers": "@outputs('HTTP_-_SessionLogin(Update)')['headers']",
                        "item/mib_isretry": "@triggerBody()['boolean']",
                        "item/mib_method": "POST",
                        "item/mib_processeddatetime": "@utcNow()",
                        "item/mib_relatedrecord_cr6ee_StudySite_cr6ee_studysite@odata.bind": "/cr6ee_studysites/@{triggerBody()['text_6']}",
                        "item/mib_state": 913380006
                      },
                      "authentication": {
                        "type": "Raw",
                        "value": "@json(decodeBase64(triggerOutputs().headers['X-MS-APIM-Tokens']))['$ConnectionKey']"
                      }
                    }
                  },
                  "Return_to_caller_-_HTTP_Session_Login_Failed_-_Update": {
                    "runAfter": {
                      "Condition_8": [
                        "Succeeded"
                      ]
                    },
                    "metadata": {
                      "operationMetadataId": "ab0a26a3-b990-4d26-90ce-febf395b2169"
                    },
                    "type": "Response",
                    "kind": "PowerApp",
                    "inputs": {
                      "statusCode": 200,
                      "body": {
                        "status": "500"
                      },
                      "schema": {
                        "type": "object",
                        "properties": {
                          "status": {
                            "title": "Status",
                            "x-ms-dynamically-added": true,
                            "type": "string"
                          }
                        }
                      }
                    }
                  },
                  "Terminate_2": {
                    "runAfter": {
                      "Return_to_caller_-_HTTP_Session_Login_Failed_-_Update": [
                        "Succeeded"
                      ]
                    },
                    "metadata": {
                      "operationMetadataId": "18157a91-d517-4cd3-8b3f-dd84d2053ddc"
                    },
                    "type": "Terminate",
                    "inputs": {
                      "runStatus": "Failed"
                    }
                  },
                  "Update_Group_-_HTTP_Session_Login_Failed_-_Update": {
                    "runAfter": {
                      "Failed_Update_ECC_Record_for_Message_Type:_AmbraUpdateGlobalSiteSessionAPI": [
                        "Succeeded"
                      ]
                    },
                    "metadata": {
                      "operationMetadataId": "4d817923-4b8a-4c09-9bcd-b50ff093ce09"
                    },
                    "type": "OpenApiConnection",
                    "inputs": {
                      "host": {
                        "connectionName": "shared_commondataserviceforapps",
                        "operationId": "UpdateRecord",
                        "apiId": "/providers/Microsoft.PowerApps/apis/shared_commondataserviceforapps"
                      },
                      "parameters": {
                        "entityName": "cr6ee_studysites",
                        "recordId": "@triggerBody()['text_6']",
                        "item/mib_status": "HTTP Session Login Failed",
                        "item/mib_flowstate": 913380001
                      },
                      "authentication": {
                        "type": "Raw",
                        "value": "@json(decodeBase64(triggerOutputs().headers['X-MS-APIM-Tokens']))['$ConnectionKey']"
                      }
                    }
                  },
                  "Condition_8": {
                    "actions": {},
                    "runAfter": {
                      "Update_Group_-_HTTP_Session_Login_Failed_-_Update": [
                        "Succeeded"
                      ]
                    },
                    "else": {
                      "actions": {
                        "Update_ECC_Queue_Retry_Record_-_Integration_Failed_4": {
                          "runAfter": {},
                          "metadata": {
                            "operationMetadataId": "8d3561e8-4c38-4df7-97ab-affd8fe73889"
                          },
                          "type": "OpenApiConnection",
                          "inputs": {
                            "host": {
                              "connectionName": "shared_commondataserviceforapps_1",
                              "operationId": "UpdateRecord",
                              "apiId": "/providers/Microsoft.PowerApps/apis/shared_commondataserviceforapps"
                            },
                            "parameters": {
                              "entityName": "mib_eccqueues",
                              "recordId": "@outputs('Update_Group_-_HTTP_Session_Login_Failed_-_Update')?['body/mib_eccqueuerecordguid']",
                              "item/mib_status": "Update study site session login failed",
                              "item/mib_flowstate": 913380001,
                              "item/mib_isretry": true,
                              "item/mib_relatedrecord_cr6ee_StudySite_cr6ee_studysite@odata.bind": "/cr6ee_studysites(@{triggerBody()['text_6']})",
                              "item/mib_state": 913380006
                            },
                            "authentication": {
                              "type": "Raw",
                              "value": "@json(decodeBase64(triggerOutputs().headers['X-MS-APIM-Tokens']))['$ConnectionKey']"
                            }
                          }
                        },
                        "Failed_Update_ECC_Record_for_Message_Type:_AmbraUpdateGlobalSiteSessionAPI_2": {
                          "runAfter": {
                            "Update_ECC_Queue_Retry_Record_-_Integration_Failed_4": [
                              "Succeeded"
                            ]
                          },
                          "metadata": {
                            "operationMetadataId": "c0beb26b-5c68-4ccd-b610-f4991489d12d"
                          },
                          "type": "OpenApiConnection",
                          "inputs": {
                            "host": {
                              "connectionName": "shared_commondataserviceforapps",
                              "operationId": "UpdateRecord",
                              "apiId": "/providers/Microsoft.PowerApps/apis/shared_commondataserviceforapps"
                            },
                            "parameters": {
                              "entityName": "mib_eccqueues",
                              "recordId": "@outputs('Add_a_ECC_Record_for_Message_Type:_AmbraUpdateStudySiteSessionAPI')?['body/mib_eccqueueid']",
                              "item/mib_status": "HTTP Session Login Failed",
                              "item/mib_body": "@body('HTTP_-_SessionLogin(Update)')",
                              "item/mib_ECCQueue@odata.bind": "/mib_eccqueues/@{outputs('Update_Group_-_HTTP_Session_Login_Failed_-_Update')?['body/mib_eccqueuerecordguid']}",
                              "item/mib_headers": "@outputs('HTTP_-_SessionLogin(Update)')['headers']",
                              "item/mib_isretry": "@triggerBody()['boolean']",
                              "item/mib_method": "POST",
                              "item/mib_processeddatetime": "@utcNow()",
                              "item/mib_relatedrecord_cr6ee_StudySite_cr6ee_studysite@odata.bind": "/cr6ee_studysites/@{triggerBody()['text_6']}",
                              "item/mib_state": 913380006
                            },
                            "authentication": {
                              "type": "Raw",
                              "value": "@json(decodeBase64(triggerOutputs().headers['X-MS-APIM-Tokens']))['$ConnectionKey']"
                            }
                          }
                        }
                      }
                    },
                    "expression": {
                      "equals": [
                        "@empty(outputs('Update_Group_-_HTTP_Session_Login_Failed_-_Update')?['body/mib_eccqueuerecordguid'])",
                        "@true"
                      ]
                    },
                    "metadata": {
                      "operationMetadataId": "02a6e5a9-0fd9-428d-a649-98f8276fe29c"
                    },
                    "type": "If"
                  }
                },
                "runAfter": {
                  "HTTP_-_SessionLogin(Update)": [
                    "Failed"
                  ]
                },
                "metadata": {
                  "operationMetadataId": "b64802c7-b2da-43ae-b724-669e78e64c6f"
                },
                "type": "Scope"
              },
              "Condition_to_update_ECC_record_when_success": {
                "actions": {
                  "Update_ECC_Record_for_Message_Type:_AmbraUpdateGlobalSiteSessionAPI": {
                    "runAfter": {},
                    "metadata": {
                      "operationMetadataId": "085462c6-b4e6-498e-a1e9-ae9561aca30d"
                    },
                    "type": "OpenApiConnection",
                    "inputs": {
                      "host": {
                        "connectionName": "shared_commondataserviceforapps",
                        "operationId": "UpdateRecord",
                        "apiId": "/providers/Microsoft.PowerApps/apis/shared_commondataserviceforapps"
                      },
                      "parameters": {
                        "entityName": "mib_eccqueues",
                        "recordId": "@outputs('Add_a_ECC_Record_for_Message_Type:_AmbraUpdateStudySiteSessionAPI')?['body/mib_eccqueueid']",
                        "item/mib_body": "@body('HTTP_-_SessionLogin(Update)')",
                        "item/mib_headers": "@outputs('HTTP_-_SessionLogin(Update)')['headers']",
                        "item/mib_method": "POST",
                        "item/mib_processeddatetime": "@utcNow()",
                        "item/mib_state": 913380002
                      },
                      "authentication": {
                        "type": "Raw",
                        "value": "@json(decodeBase64(triggerOutputs().headers['X-MS-APIM-Tokens']))['$ConnectionKey']"
                      }
                    }
                  }
                },
                "runAfter": {
                  "HTTP_Session_Login_Failed_-_Update": [
                    "Skipped"
                  ]
                },
                "else": {
                  "actions": {
                    "Update_ECC_Record_for_Message_Type:_AmbraUpdateGlobalSiteSessionAPI_2": {
                      "runAfter": {},
                      "metadata": {
                        "operationMetadataId": "085462c6-b4e6-498e-a1e9-ae9561aca30d"
                      },
                      "type": "OpenApiConnection",
                      "inputs": {
                        "host": {
                          "connectionName": "shared_commondataserviceforapps",
                          "operationId": "UpdateRecord",
                          "apiId": "/providers/Microsoft.PowerApps/apis/shared_commondataserviceforapps"
                        },
                        "parameters": {
                          "entityName": "mib_eccqueues",
                          "recordId": "@outputs('Add_a_ECC_Record_for_Message_Type:_AmbraUpdateStudySiteSessionAPI')?['body/mib_eccqueueid']",
                          "item/mib_body": "@body('HTTP_-_SessionLogin(Update)')",
                          "item/mib_ECCQueue@odata.bind": "/mib_eccqueues/@{triggerBody()['text_8']}",
                          "item/mib_headers": "@outputs('HTTP_-_SessionLogin(Update)')['headers']",
                          "item/mib_method": "POST",
                          "item/mib_processeddatetime": "@utcNow()",
                          "item/mib_state": 913380002
                        },
                        "authentication": {
                          "type": "Raw",
                          "value": "@json(decodeBase64(triggerOutputs().headers['X-MS-APIM-Tokens']))['$ConnectionKey']"
                        }
                      }
                    }
                  }
                },
                "expression": {
                  "equals": [
                    "@empty(triggerBody()['text_8'])",
                    "@true"
                  ]
                },
                "metadata": {
                  "operationMetadataId": "9e3287b6-c426-4f24-be9c-5509050dfbdd"
                },
                "type": "If"
              },
              "Condition_to_update_ECC_record_when_failed": {
                "actions": {
                  "Failed_Update_ECC_Record_for_Message_Type_:_AmbraUpdateStudySiteUpdateGroupAPI": {
                    "runAfter": {},
                    "metadata": {
                      "operationMetadataId": "7fc09a7d-ab28-4cf2-b9ff-15ff12df8624"
                    },
                    "type": "OpenApiConnection",
                    "inputs": {
                      "host": {
                        "connectionName": "shared_commondataserviceforapps",
                        "operationId": "UpdateRecord",
                        "apiId": "/providers/Microsoft.PowerApps/apis/shared_commondataserviceforapps"
                      },
                      "parameters": {
                        "entityName": "mib_eccqueues",
                        "recordId": "@outputs('Add_a_ECC_Record_for_Message_Type:_AmbraUpdateStudySiteUpdateGroupAPI')?['body/mib_eccqueueid']",
                        "item/mib_status": "@{body('HTTP_-_Update_Group')?['status']} - @{body('HTTP_-_Update_Group')?['errorcode']}",
                        "item/mib_body": "@body('HTTP_-_Update_Group')",
                        "item/mib_headers": "@outputs('HTTP_-_Update_Group')['headers']",
                        "item/mib_isretry": "@triggerBody()['boolean']",
                        "item/mib_method": "POST",
                        "item/mib_processeddatetime": "@utcNow()",
                        "item/mib_relatedrecord_cr6ee_StudySite_cr6ee_studysite@odata.bind": "/cr6ee_studysites/@{triggerBody()['text_6']}",
                        "item/mib_state": 913380006
                      },
                      "authentication": {
                        "type": "Raw",
                        "value": "@json(decodeBase64(triggerOutputs().headers['X-MS-APIM-Tokens']))['$ConnectionKey']"
                      }
                    }
                  }
                },
                "runAfter": {
                  "HTTP_-_Update_Group": [
                    "Failed",
                    "TimedOut"
                  ]
                },
                "else": {
                  "actions": {
                    "Failed_Update_ECC_Record_for_Message_Type_:_AmbraUpdateStudySiteUpdateGroupAPI_2": {
                      "runAfter": {},
                      "metadata": {
                        "operationMetadataId": "7fc09a7d-ab28-4cf2-b9ff-15ff12df8624"
                      },
                      "type": "OpenApiConnection",
                      "inputs": {
                        "host": {
                          "connectionName": "shared_commondataserviceforapps",
                          "operationId": "UpdateRecord",
                          "apiId": "/providers/Microsoft.PowerApps/apis/shared_commondataserviceforapps"
                        },
                        "parameters": {
                          "entityName": "mib_eccqueues",
                          "recordId": "@outputs('Add_a_ECC_Record_for_Message_Type:_AmbraUpdateStudySiteUpdateGroupAPI')?['body/mib_eccqueueid']",
                          "item/mib_status": "@{body('HTTP_-_Update_Group')?['status']} - @{body('HTTP_-_Update_Group')?['errorcode']}",
                          "item/mib_body": "@body('HTTP_-_Update_Group')",
                          "item/mib_ECCQueue@odata.bind": "/mib_eccqueues/@{triggerBody()['text_8']}",
                          "item/mib_headers": "@outputs('HTTP_-_Update_Group')['headers']",
                          "item/mib_isretry": "@triggerBody()['boolean']",
                          "item/mib_method": "POST",
                          "item/mib_processeddatetime": "@utcNow()",
                          "item/mib_relatedrecord_cr6ee_StudySite_cr6ee_studysite@odata.bind": "/cr6ee_studysites/@{triggerBody()['text_6']}",
                          "item/mib_state": 913380006
                        },
                        "authentication": {
                          "type": "Raw",
                          "value": "@json(decodeBase64(triggerOutputs().headers['X-MS-APIM-Tokens']))['$ConnectionKey']"
                        }
                      }
                    }
                  }
                },
                "expression": {
                  "equals": [
                    "@empty(triggerBody()['text_8'])",
                    "@true"
                  ]
                },
                "metadata": {
                  "operationMetadataId": "9e3287b6-c426-4f24-be9c-5509050dfbdd"
                },
                "type": "If"
              },
              "Condition_to_update_ECC_record_when_success_3": {
                "actions": {
                  "Update_ECC_Record_for_Message_Type_:_AmbraUpdateStudySiteUpdateGroupAPI": {
                    "runAfter": {},
                    "metadata": {
                      "operationMetadataId": "d7dded30-92b5-4e36-8637-9c4145fdc753"
                    },
                    "type": "OpenApiConnection",
                    "inputs": {
                      "host": {
                        "connectionName": "shared_commondataserviceforapps",
                        "operationId": "UpdateRecord",
                        "apiId": "/providers/Microsoft.PowerApps/apis/shared_commondataserviceforapps"
                      },
                      "parameters": {
                        "entityName": "mib_eccqueues",
                        "recordId": "@outputs('Add_a_ECC_Record_for_Message_Type:_AmbraUpdateStudySiteUpdateGroupAPI')?['body/mib_eccqueueid']",
                        "item/mib_status": "Study site is successfully updated in Ambra",
                        "item/mib_body": "@body('HTTP_-_Update_Group')",
                        "item/mib_headers": "@outputs('HTTP_-_Update_Group')['headers']",
                        "item/mib_method": "POST",
                        "item/mib_processeddatetime": "@utcNow()",
                        "item/mib_relatedrecord_cr6ee_StudySite_cr6ee_studysite@odata.bind": "/cr6ee_studysites/@{triggerBody()['text_6']}",
                        "item/mib_state": 913380002
                      },
                      "authentication": {
                        "type": "Raw",
                        "value": "@json(decodeBase64(triggerOutputs().headers['X-MS-APIM-Tokens']))['$ConnectionKey']"
                      }
                    }
                  }
                },
                "runAfter": {
                  "Condition_to_update_ECC_record_when_failed": [
                    "Skipped"
                  ]
                },
                "else": {
                  "actions": {
                    "Update_ECC_Record_for_Message_Type_:_AmbraUpdateStudySiteUpdateGroupAPI_2": {
                      "runAfter": {},
                      "metadata": {
                        "operationMetadataId": "d7dded30-92b5-4e36-8637-9c4145fdc753"
                      },
                      "type": "OpenApiConnection",
                      "inputs": {
                        "host": {
                          "connectionName": "shared_commondataserviceforapps",
                          "operationId": "UpdateRecord",
                          "apiId": "/providers/Microsoft.PowerApps/apis/shared_commondataserviceforapps"
                        },
                        "parameters": {
                          "entityName": "mib_eccqueues",
                          "recordId": "@outputs('Add_a_ECC_Record_for_Message_Type:_AmbraUpdateStudySiteUpdateGroupAPI')?['body/mib_eccqueueid']",
                          "item/mib_status": "Study site is successfully updated in Ambra",
                          "item/mib_body": "@body('HTTP_-_Update_Group')",
                          "item/mib_ECCQueue@odata.bind": "/mib_eccqueues/@{triggerBody()['text_8']}",
                          "item/mib_headers": "@outputs('HTTP_-_Update_Group')['headers']",
                          "item/mib_method": "POST",
                          "item/mib_processeddatetime": "@utcNow()",
                          "item/mib_relatedrecord_cr6ee_StudySite_cr6ee_studysite@odata.bind": "/cr6ee_studysites/@{triggerBody()['text_6']}",
                          "item/mib_state": 913380002
                        },
                        "authentication": {
                          "type": "Raw",
                          "value": "@json(decodeBase64(triggerOutputs().headers['X-MS-APIM-Tokens']))['$ConnectionKey']"
                        }
                      }
                    }
                  }
                },
                "expression": {
                  "equals": [
                    "@empty(triggerBody()['text_8'])",
                    "@true"
                  ]
                },
                "metadata": {
                  "operationMetadataId": "9e3287b6-c426-4f24-be9c-5509050dfbdd"
                },
                "type": "If"
              }
            }
          },
          "expression": {
            "equals": [
              "@triggerBody()['text_7']",
              "True"
            ]
          },
          "metadata": {
            "operationMetadataId": "ebb8995c-643e-4963-9e09-d98dc529b29b"
          },
          "type": "If"
        },
        "Respond_to_a_PowerApp_or_flow": {
          "runAfter": {
            "Condition_to_check_soft_delete": [
              "Succeeded"
            ]
          },
          "metadata": {
            "operationMetadataId": "f9e02d59-a0c4-4c6a-a91d-071e2fe3d5bc"
          },
          "type": "Response",
          "kind": "PowerApp",
          "inputs": {
            "statusCode": 200,
            "body": {
              "status": "200"
            },
            "schema": {
              "type": "object",
              "properties": {
                "status": {
                  "title": "Status",
                  "x-ms-dynamically-added": true,
                  "type": "string"
                }
              }
            }
          }
        },
        "Initialize_variable_2": {
          "runAfter": {},
          "metadata": {
            "operationMetadataId": "5a1d67cb-364a-464e-8dbb-3614412585aa"
          },
          "type": "InitializeVariable",
          "inputs": {
            "variables": [
              {
                "name": "Query",
                "type": "string"
              }
            ]
          }
        },
        "Initialize_variable_3": {
          "runAfter": {
            "Initialize_variable_2": [
              "Succeeded"
            ]
          },
          "metadata": {
            "operationMetadataId": "11e9496e-3db4-4b6b-8bc7-03be192a0647"
          },
          "type": "InitializeVariable",
          "inputs": {
            "variables": [
              {
                "name": "SITEIDEXIST",
                "type": "string"
              }
            ]
          }
        }
      },
      "outputs": {}
    }
  },
  "schemaVersion": "1.0.0.0"
}