{
  "properties": {
    "connectionReferences": {
      "shared_commondataserviceforapps": {
        "runtimeSource": "embedded",
        "connection": {
          "connectionReferenceLogicalName": "mib_MicrosoftDataverseMIBAdmin"
        },
        "api": {
          "name": "shared_commondataserviceforapps"
        }
      }
    },
    "definition": {
      "$schema": "https://schema.management.azure.com/providers/Microsoft.Logic/schemas/2016-06-01/workflowdefinition.json#",
      "contentVersion": "1.0.0.0",
      "parameters": {
        "$connections": {
          "defaultValue": {},
          "type": "Object"
        },
        "$authentication": {
          "defaultValue": {},
          "type": "SecureObject"
        }
      },
      "triggers": {
        "manual": {
          "metadata": {
            "operationMetadataId": "a82000bb-d325-411b-93a0-2aef93a9e6ae"
          },
          "type": "Request",
          "kind": "Button",
          "inputs": {
            "schema": {
              "type": "object",
              "properties": {
                "text": {
                  "title": "uuid",
                  "type": "string",
                  "x-ms-dynamically-added": true,
                  "description": "uuid",
                  "x-ms-content-hint": "TEXT"
                },
                "text_1": {
                  "title": "ScannerName",
                  "type": "string",
                  "x-ms-dynamically-added": true,
                  "description": "ScannerName",
                  "x-ms-content-hint": "TEXT"
                },
                "text_2": {
                  "title": "Service_Url",
                  "type": "string",
                  "x-ms-dynamically-added": true,
                  "description": "Service_Url",
                  "x-ms-content-hint": "TEXT"
                },
                "text_3": {
                  "title": "UserName",
                  "type": "string",
                  "x-ms-dynamically-added": true,
                  "description": "UserName",
                  "x-ms-content-hint": "TEXT"
                },
                "text_4": {
                  "title": "Password",
                  "type": "string",
                  "x-ms-dynamically-added": true,
                  "description": "Password",
                  "x-ms-content-hint": "TEXT"
                },
                "text_5": {
                  "title": "Site_ID",
                  "type": "string",
                  "x-ms-dynamically-added": true,
                  "description": "Site_ID",
                  "x-ms-content-hint": "TEXT"
                },
                "text_6": {
                  "title": "Scanner GUID",
                  "type": "string",
                  "x-ms-dynamically-added": true,
                  "description": "Scanner GUID",
                  "x-ms-content-hint": "TEXT"
                },
                "text_7": {
                  "title": "SoftDelete",
                  "type": "string",
                  "x-ms-dynamically-added": true,
                  "description": "SoftDelete",
                  "x-ms-content-hint": "TEXT"
                },
                "text_8": {
                  "title": "Manufacturer ",
                  "type": "string",
                  "x-ms-dynamically-added": true,
                  "description": "Manufacturer ",
                  "x-ms-content-hint": "TEXT"
                },
                "text_9": {
                  "title": "Model",
                  "type": "string",
                  "x-ms-dynamically-added": true,
                  "description": "Model",
                  "x-ms-content-hint": "TEXT"
                },
                "text_10": {
                  "title": "serialnumber",
                  "type": "string",
                  "x-ms-dynamically-added": true,
                  "description": "serialnumber",
                  "x-ms-content-hint": "TEXT"
                },
                "boolean": {
                  "title": "Is Retry",
                  "type": "boolean",
                  "x-ms-dynamically-added": true,
                  "description": "Is Retry",
                  "x-ms-content-hint": "BOOLEAN"
                },
                "text_11": {
                  "title": "ECC queue record GUID",
                  "type": "string",
                  "x-ms-dynamically-added": true,
                  "description": "ECC queue record GUID",
                  "x-ms-content-hint": "TEXT"
                }
              },
              "required": [
                "text",
                "text_1",
                "text_2",
                "text_3",
                "text_4",
                "text_5",
                "text_6",
                "text_7",
                "text_8",
                "text_9",
                "boolean",
                "text_11"
              ]
            },
            "headersSchema": {
              "x-ms-user-name-encoded": {
                "title": "User name",
                "type": "string",
                "format": "byte",
                "x-ms-dynamically-added": false
              }
            }
          }
        }
      },
      "actions": {
        "Initialize_variable": {
          "runAfter": {},
          "metadata": {
            "operationMetadataId": "1f65415f-e505-4521-bf83-c261780389fd"
          },
          "type": "InitializeVariable",
          "inputs": {
            "variables": [
              {
                "name": "BlankValue",
                "type": "string"
              }
            ]
          }
        },
        "Condition_to_check_Soft_Delete": {
          "actions": {
            "Add_a_ECC_Record_for_Message_Type:_AmbraDeleteGlobalSiteEquipSessionAPI": {
              "runAfter": {},
              "metadata": {
                "operationMetadataId": "e83380b2-c986-4037-b3c9-985b6899b607"
              },
              "type": "OpenApiConnection",
              "inputs": {
                "host": {
                  "connectionName": "shared_commondataserviceforapps",
                  "operationId": "CreateRecord",
                  "apiId": "/providers/Microsoft.PowerApps/apis/shared_commondataserviceforapps"
                },
                "parameters": {
                  "entityName": "mib_eccqueues",
                  "item/mib_createddatetime": "@utcNow()",
                  "item/mib_direction": 913380001,
                  "item/mib_integrationmessagetype": 15,
                  "item/mib_name": "Delete Equipment - @{triggerBody()['text_1']}",
                  "item/mib_requestfor": 913380001,
                  "item/mib_state": 913380004
                },
                "authentication": {
                  "type": "Raw",
                  "value": "@json(decodeBase64(triggerOutputs().headers['X-MS-APIM-Tokens']))['$ConnectionKey']"
                }
              }
            },
            "HTTP_-_Login_session_to_Delete_Scanner": {
              "runAfter": {
                "Add_a_ECC_Record_for_Message_Type:_AmbraDeleteGlobalSiteEquipSessionAPI": [
                  "Succeeded"
                ]
              },
              "metadata": {
                "operationMetadataId": "f36a8148-9618-40d0-b580-2498dba0f196"
              },
              "type": "Http",
              "inputs": {
                "method": "POST",
                "uri": "@{triggerBody()['text_2']}/api/v3/session/login",
                "headers": {
                  "Content-Type": "application/x-www-form-urlencoded"
                },
                "body": "login=@{triggerBody()['text_3']}&password=@{triggerBody()['text_4']}"
              }
            },
            "Get_Session_ID_for_Delete_Operation": {
              "runAfter": {
                "Condition_to_update_ECC_record_when_success_2": [
                  "Succeeded"
                ]
              },
              "metadata": {
                "operationMetadataId": "1536150d-d8ae-48e7-96eb-839482a1c7ae"
              },
              "type": "ParseJson",
              "inputs": {
                "content": "@body('HTTP_-_Login_session_to_Delete_Scanner')",
                "schema": {
                  "type": "object",
                  "properties": {
                    "sid": {
                      "type": "string"
                    }
                  }
                }
              }
            },
            "Add_a_ECC_Record_for_Message_Type:_AmbraDeleteGlobalSiteEquipDeleteScanner": {
              "runAfter": {
                "Get_Session_ID_for_Delete_Operation": [
                  "Succeeded"
                ]
              },
              "metadata": {
                "operationMetadataId": "3aa1d2ad-e4b8-4b45-9016-87c97e92627f"
              },
              "type": "OpenApiConnection",
              "inputs": {
                "host": {
                  "connectionName": "shared_commondataserviceforapps",
                  "operationId": "CreateRecord",
                  "apiId": "/providers/Microsoft.PowerApps/apis/shared_commondataserviceforapps"
                },
                "parameters": {
                  "entityName": "mib_eccqueues",
                  "item/mib_createddatetime": "@utcNow()",
                  "item/mib_direction": 913380001,
                  "item/mib_integrationmessagetype": 16,
                  "item/mib_name": "Update Site Equip - @{triggerBody()['text_1']}",
                  "item/mib_requestfor": 913380004,
                  "item/mib_state": 913380004
                },
                "authentication": {
                  "type": "Raw",
                  "value": "@json(decodeBase64(triggerOutputs().headers['X-MS-APIM-Tokens']))['$ConnectionKey']"
                }
              }
            },
            "HTTP_-_Delete_Scanner": {
              "runAfter": {
                "Add_a_ECC_Record_for_Message_Type:_AmbraDeleteGlobalSiteEquipDeleteScanner": [
                  "Succeeded"
                ]
              },
              "metadata": {
                "operationMetadataId": "5065a924-b807-427f-98e7-155edd17a23a"
              },
              "type": "Http",
              "inputs": {
                "method": "POST",
                "uri": "@{triggerBody()['text_2']}/api/v3/scanner/delete",
                "headers": {
                  "Content-Type": "application/x-www-form-urlencoded"
                },
                "body": "sid=@{body('Get_Session_ID_for_Delete_Operation')?['sid']}&uuid=@{triggerBody()['text']}"
              }
            },
            "Condition_2": {
              "actions": {
                "Update_a_row_with_Error_Type": {
                  "runAfter": {},
                  "metadata": {
                    "operationMetadataId": "4c04378e-a8d6-45c0-a8a3-dc2a2003e7ed"
                  },
                  "type": "OpenApiConnection",
                  "inputs": {
                    "host": {
                      "connectionName": "shared_commondataserviceforapps",
                      "operationId": "UpdateRecord",
                      "apiId": "/providers/Microsoft.PowerApps/apis/shared_commondataserviceforapps"
                    },
                    "parameters": {
                      "entityName": "new_siteequipments",
                      "recordId": "@triggerBody()['text_6']",
                      "item/mib_status": "@concat(body('HTTP_-_Delete_Scanner')?['status'], ',', body('HTTP_-_Delete_Scanner')?['error_type'])",
                      "item/mib_flowstate": 913380001
                    },
                    "authentication": {
                      "type": "Raw",
                      "value": "@json(decodeBase64(triggerOutputs().headers['X-MS-APIM-Tokens']))['$ConnectionKey']"
                    }
                  }
                },
                "Return_to_caller_-_Delete_failed": {
                  "runAfter": {
                    "Condition": [
                      "Succeeded"
                    ]
                  },
                  "metadata": {
                    "operationMetadataId": "90323425-2cae-47b1-a85e-bd2ac97a51a7"
                  },
                  "type": "Response",
                  "kind": "PowerApp",
                  "inputs": {
                    "statusCode": 200,
                    "body": {
                      "status": "500"
                    },
                    "schema": {
                      "type": "object",
                      "properties": {
                        "status": {
                          "title": "Status",
                          "x-ms-dynamically-added": true,
                          "type": "string"
                        }
                      }
                    }
                  }
                },
                "Terminate_-_Delete_failed": {
                  "runAfter": {
                    "Return_to_caller_-_Delete_failed": [
                      "Succeeded"
                    ]
                  },
                  "metadata": {
                    "operationMetadataId": "b3497ceb-14b6-4cc9-8ece-e9707a994d40"
                  },
                  "type": "Terminate",
                  "inputs": {
                    "runStatus": "Failed"
                  }
                },
                "Condition": {
                  "actions": {},
                  "runAfter": {
                    "Update_a_row_with_Error_Type": [
                      "Succeeded"
                    ]
                  },
                  "else": {
                    "actions": {
                      "Update_ECC_Queue_Retry_Record_-_Integration_Failed": {
                        "runAfter": {},
                        "metadata": {
                          "operationMetadataId": "afff2254-74a1-4f01-b918-020b0ce46e14"
                        },
                        "type": "OpenApiConnection",
                        "inputs": {
                          "host": {
                            "connectionName": "shared_commondataserviceforapps",
                            "operationId": "UpdateRecord",
                            "apiId": "/providers/Microsoft.PowerApps/apis/shared_commondataserviceforapps"
                          },
                          "parameters": {
                            "entityName": "mib_eccqueues",
                            "recordId": "@outputs('Update_a_row_with_Error_Type')?['body/mib_eccqueuerecordguid']",
                            "item/mib_status": "Site equipment deletion failed",
                            "item/mib_flowstate": 913380001,
                            "item/mib_isretry": "@triggerBody()['boolean']",
                            "item/mib_processeddatetime": "@utcNow()",
                            "item/mib_relatedrecord_new_SiteEquipment_new_siteequipment@odata.bind": "/new_siteequipments/@{triggerBody()['text_6']}",
                            "item/mib_state": 913380006
                          },
                          "authentication": {
                            "type": "Raw",
                            "value": "@json(decodeBase64(triggerOutputs().headers['X-MS-APIM-Tokens']))['$ConnectionKey']"
                          }
                        }
                      }
                    }
                  },
                  "expression": {
                    "equals": [
                      "@empty(outputs('Update_a_row_with_Error_Type')?['body/mib_eccqueuerecordguid'])",
                      "@true"
                    ]
                  },
                  "metadata": {
                    "operationMetadataId": "4d07d752-6703-4c7c-bc75-fe2f448f32d8"
                  },
                  "type": "If"
                }
              },
              "runAfter": {
                "Condition_to_update_ECC_record_when_success_5": [
                  "Succeeded"
                ]
              },
              "else": {
                "actions": {
                  "Update_a_row": {
                    "runAfter": {},
                    "metadata": {
                      "operationMetadataId": "48d6e8d8-cb29-4823-9bfe-f1aaaeb062ed"
                    },
                    "type": "OpenApiConnection",
                    "inputs": {
                      "host": {
                        "connectionName": "shared_commondataserviceforapps",
                        "operationId": "UpdateRecord",
                        "apiId": "/providers/Microsoft.PowerApps/apis/shared_commondataserviceforapps"
                      },
                      "parameters": {
                        "entityName": "new_siteequipments",
                        "recordId": "@triggerBody()['text_6']",
                        "item/mib_status": "Deleted",
                        "item/mib_flowstate": 913380001,
                        "item/mib_uuid": "@variables('BlankValue')"
                      },
                      "authentication": {
                        "type": "Raw",
                        "value": "@json(decodeBase64(triggerOutputs().headers['X-MS-APIM-Tokens']))['$ConnectionKey']"
                      }
                    }
                  },
                  "Condition_4": {
                    "actions": {},
                    "runAfter": {
                      "Update_a_row": [
                        "Succeeded"
                      ]
                    },
                    "else": {
                      "actions": {
                        "Update_ECC_Queue_Retry_Record_-_Integration_Successful": {
                          "runAfter": {},
                          "metadata": {
                            "operationMetadataId": "afff2254-74a1-4f01-b918-020b0ce46e14"
                          },
                          "type": "OpenApiConnection",
                          "inputs": {
                            "host": {
                              "connectionName": "shared_commondataserviceforapps",
                              "operationId": "UpdateRecord",
                              "apiId": "/providers/Microsoft.PowerApps/apis/shared_commondataserviceforapps"
                            },
                            "parameters": {
                              "entityName": "mib_eccqueues",
                              "recordId": "@outputs('Update_a_row')?['body/mib_eccqueuerecordguid']",
                              "item/mib_status": "Site equipment is successfully deleted",
                              "item/mib_flowstate": 913380001,
                              "item/mib_isretry": "@triggerBody()['boolean']",
                              "item/mib_processeddatetime": "@utcNow()",
                              "item/mib_relatedrecord_new_SiteEquipment_new_siteequipment@odata.bind": "/new_siteequipments/@{triggerBody()['text_6']}",
                              "item/mib_state": 913380002
                            },
                            "authentication": {
                              "type": "Raw",
                              "value": "@json(decodeBase64(triggerOutputs().headers['X-MS-APIM-Tokens']))['$ConnectionKey']"
                            }
                          }
                        }
                      }
                    },
                    "expression": {
                      "equals": [
                        "@empty(outputs('Update_a_row')?['body/mib_eccqueuerecordguid'])",
                        "@true"
                      ]
                    },
                    "metadata": {
                      "operationMetadataId": "94e629b4-0c1c-4b77-919a-c6d764ca0e75"
                    },
                    "type": "If"
                  }
                }
              },
              "expression": {
                "equals": [
                  "@toLower(body('HTTP_-_Delete_Scanner')?['status'])",
                  "error"
                ]
              },
              "metadata": {
                "operationMetadataId": "62aa0681-7a40-4a86-acab-51ccd714cb72"
              },
              "type": "If"
            },
            "HTTP_Session_Login_Failed_-_Delete": {
              "actions": {
                "Failed_Update_ECC_Record_for_Message_Type:_AmbraDeleteGlobalSiteEquipSession": {
                  "runAfter": {},
                  "metadata": {
                    "operationMetadataId": "01723d92-1bda-4f2a-9d81-7d2d48e1734e"
                  },
                  "type": "OpenApiConnection",
                  "inputs": {
                    "host": {
                      "connectionName": "shared_commondataserviceforapps",
                      "operationId": "UpdateRecord",
                      "apiId": "/providers/Microsoft.PowerApps/apis/shared_commondataserviceforapps"
                    },
                    "parameters": {
                      "entityName": "mib_eccqueues",
                      "recordId": "@outputs('Add_a_ECC_Record_for_Message_Type:_AmbraDeleteGlobalSiteEquipSessionAPI')?['body/mib_eccqueueid']",
                      "item/mib_status": "HTTP Session Login Failed",
                      "item/mib_body": "@body('HTTP_-_Login_session_to_Delete_Scanner')",
                      "item/mib_isretry": "@triggerBody()['boolean']",
                      "item/mib_method": "POST",
                      "item/mib_processeddatetime": "@utcNow()",
                      "item/mib_relatedrecord_new_SiteEquipment_new_siteequipment@odata.bind": "/new_siteequipments/@{triggerBody()['text_6']}",
                      "item/mib_state": 913380006
                    },
                    "authentication": {
                      "type": "Raw",
                      "value": "@json(decodeBase64(triggerOutputs().headers['X-MS-APIM-Tokens']))['$ConnectionKey']"
                    }
                  }
                },
                "Return_to_caller_-_HTTP_Session_Login_Failed_-_Delete": {
                  "runAfter": {
                    "Condition_5": [
                      "Succeeded"
                    ]
                  },
                  "metadata": {
                    "operationMetadataId": "ec3ae23e-f200-4bd0-b800-8a1fa9fb80e7"
                  },
                  "type": "Response",
                  "kind": "PowerApp",
                  "inputs": {
                    "statusCode": 200,
                    "body": {
                      "status": "500"
                    },
                    "schema": {
                      "type": "object",
                      "properties": {
                        "status": {
                          "title": "Status",
                          "x-ms-dynamically-added": true,
                          "type": "string"
                        }
                      }
                    }
                  }
                },
                "Terminate_-_Session_Login_Failed_-_Delete": {
                  "runAfter": {
                    "Return_to_caller_-_HTTP_Session_Login_Failed_-_Delete": [
                      "Succeeded"
                    ]
                  },
                  "metadata": {
                    "operationMetadataId": "ef020cbf-752d-4b78-aef2-220fea31f1f7"
                  },
                  "type": "Terminate",
                  "inputs": {
                    "runStatus": "Failed"
                  }
                },
                "Update_Site_Equipment_-_HTTP_Session_Login_Failed_-_Delete": {
                  "runAfter": {
                    "Failed_Update_ECC_Record_for_Message_Type:_AmbraDeleteGlobalSiteEquipSession": [
                      "Succeeded"
                    ]
                  },
                  "metadata": {
                    "operationMetadataId": "4c04378e-a8d6-45c0-a8a3-dc2a2003e7ed"
                  },
                  "type": "OpenApiConnection",
                  "inputs": {
                    "host": {
                      "connectionName": "shared_commondataserviceforapps",
                      "operationId": "UpdateRecord",
                      "apiId": "/providers/Microsoft.PowerApps/apis/shared_commondataserviceforapps"
                    },
                    "parameters": {
                      "entityName": "new_siteequipments",
                      "recordId": "@triggerBody()['text_6']",
                      "item/mib_status": "HTTP Session Login Failed",
                      "item/mib_flowstate": 913380001
                    },
                    "authentication": {
                      "type": "Raw",
                      "value": "@json(decodeBase64(triggerOutputs().headers['X-MS-APIM-Tokens']))['$ConnectionKey']"
                    }
                  }
                },
                "Condition_5": {
                  "actions": {},
                  "runAfter": {
                    "Update_Site_Equipment_-_HTTP_Session_Login_Failed_-_Delete": [
                      "Succeeded"
                    ]
                  },
                  "else": {
                    "actions": {
                      "Update_ECC_Queue_Retry_Record_-_Integration_Failed_3": {
                        "runAfter": {},
                        "metadata": {
                          "operationMetadataId": "afff2254-74a1-4f01-b918-020b0ce46e14"
                        },
                        "type": "OpenApiConnection",
                        "inputs": {
                          "host": {
                            "connectionName": "shared_commondataserviceforapps",
                            "operationId": "UpdateRecord",
                            "apiId": "/providers/Microsoft.PowerApps/apis/shared_commondataserviceforapps"
                          },
                          "parameters": {
                            "entityName": "mib_eccqueues",
                            "recordId": "@outputs('Update_Site_Equipment_-_HTTP_Session_Login_Failed_-_Delete')?['body/mib_eccqueuerecordguid']",
                            "item/mib_status": "Site equipment deletion session login failed",
                            "item/mib_flowstate": 913380001,
                            "item/mib_isretry": "@triggerBody()['boolean']",
                            "item/mib_processeddatetime": "@utcNow()",
                            "item/mib_relatedrecord_new_SiteEquipment_new_siteequipment@odata.bind": "/new_siteequipments/@{triggerBody()['text_6']}",
                            "item/mib_state": 913380006
                          },
                          "authentication": {
                            "type": "Raw",
                            "value": "@json(decodeBase64(triggerOutputs().headers['X-MS-APIM-Tokens']))['$ConnectionKey']"
                          }
                        }
                      },
                      "Failed_Update_ECC_Record_for_Message_Type:_AmbraDeleteGlobalSiteEquipSession_2": {
                        "runAfter": {
                          "Update_ECC_Queue_Retry_Record_-_Integration_Failed_3": [
                            "Succeeded"
                          ]
                        },
                        "metadata": {
                          "operationMetadataId": "01723d92-1bda-4f2a-9d81-7d2d48e1734e"
                        },
                        "type": "OpenApiConnection",
                        "inputs": {
                          "host": {
                            "connectionName": "shared_commondataserviceforapps",
                            "operationId": "UpdateRecord",
                            "apiId": "/providers/Microsoft.PowerApps/apis/shared_commondataserviceforapps"
                          },
                          "parameters": {
                            "entityName": "mib_eccqueues",
                            "recordId": "@outputs('Add_a_ECC_Record_for_Message_Type:_AmbraDeleteGlobalSiteEquipSessionAPI')?['body/mib_eccqueueid']",
                            "item/mib_status": "HTTP Session Login Failed",
                            "item/mib_body": "@body('HTTP_-_Login_session_to_Delete_Scanner')",
                            "item/mib_ECCQueue@odata.bind": "/mib_eccqueues/@{outputs('Update_Site_Equipment_-_HTTP_Session_Login_Failed_-_Delete')?['body/mib_eccqueuerecordguid']}",
                            "item/mib_isretry": "@triggerBody()['boolean']",
                            "item/mib_method": "POST",
                            "item/mib_processeddatetime": "@utcNow()",
                            "item/mib_relatedrecord_new_SiteEquipment_new_siteequipment@odata.bind": "/new_siteequipments/@{triggerBody()['text_6']}",
                            "item/mib_state": 913380006
                          },
                          "authentication": {
                            "type": "Raw",
                            "value": "@json(decodeBase64(triggerOutputs().headers['X-MS-APIM-Tokens']))['$ConnectionKey']"
                          }
                        }
                      }
                    }
                  },
                  "expression": {
                    "equals": [
                      "@empty(outputs('Update_Site_Equipment_-_HTTP_Session_Login_Failed_-_Delete')?['body/mib_eccqueuerecordguid'])",
                      "@true"
                    ]
                  },
                  "metadata": {
                    "operationMetadataId": "0cf63d4a-eb71-4db3-a303-876458e6bbbc"
                  },
                  "type": "If"
                }
              },
              "runAfter": {
                "HTTP_-_Login_session_to_Delete_Scanner": [
                  "Failed",
                  "TimedOut"
                ]
              },
              "metadata": {
                "operationMetadataId": "477e9e78-9ce5-4062-b162-f1d77fd5cd8b"
              },
              "type": "Scope"
            },
            "Condition_to_update_ECC_record_when_success_2": {
              "actions": {
                "Update_ECC_Record_for_Message_Type:_AmbraDeleteGlobalSiteEquipSessionAPI": {
                  "runAfter": {},
                  "metadata": {
                    "operationMetadataId": "8d199854-095b-4cd4-beac-bb2485f88388"
                  },
                  "type": "OpenApiConnection",
                  "inputs": {
                    "host": {
                      "connectionName": "shared_commondataserviceforapps",
                      "operationId": "UpdateRecord",
                      "apiId": "/providers/Microsoft.PowerApps/apis/shared_commondataserviceforapps"
                    },
                    "parameters": {
                      "entityName": "mib_eccqueues",
                      "recordId": "@outputs('Add_a_ECC_Record_for_Message_Type:_AmbraDeleteGlobalSiteEquipSessionAPI')?['body/mib_eccqueueid']",
                      "item/mib_status": "HTTP Session Login Successful",
                      "item/mib_body": "@body('HTTP_-_Login_session_to_Delete_Scanner')",
                      "item/mib_method": "POST",
                      "item/mib_processeddatetime": "@utcNow()",
                      "item/mib_relatedrecord_new_SiteEquipment_new_siteequipment@odata.bind": "/new_siteequipments/@{triggerBody()['text_6']}",
                      "item/mib_state": 913380002
                    },
                    "authentication": {
                      "type": "Raw",
                      "value": "@json(decodeBase64(triggerOutputs().headers['X-MS-APIM-Tokens']))['$ConnectionKey']"
                    }
                  }
                }
              },
              "runAfter": {
                "HTTP_Session_Login_Failed_-_Delete": [
                  "Skipped"
                ]
              },
              "else": {
                "actions": {
                  "Update_ECC_Record_for_Message_Type:_AmbraDeleteGlobalSiteEquipSessionAPI_2": {
                    "runAfter": {},
                    "metadata": {
                      "operationMetadataId": "8d199854-095b-4cd4-beac-bb2485f88388"
                    },
                    "type": "OpenApiConnection",
                    "inputs": {
                      "host": {
                        "connectionName": "shared_commondataserviceforapps",
                        "operationId": "UpdateRecord",
                        "apiId": "/providers/Microsoft.PowerApps/apis/shared_commondataserviceforapps"
                      },
                      "parameters": {
                        "entityName": "mib_eccqueues",
                        "recordId": "@outputs('Add_a_ECC_Record_for_Message_Type:_AmbraDeleteGlobalSiteEquipSessionAPI')?['body/mib_eccqueueid']",
                        "item/mib_status": "HTTP Session Login Successful",
                        "item/mib_body": "@body('HTTP_-_Login_session_to_Delete_Scanner')",
                        "item/mib_ECCQueue@odata.bind": "/mib_eccqueues/@{triggerBody()['text_11']}",
                        "item/mib_method": "POST",
                        "item/mib_processeddatetime": "@utcNow()",
                        "item/mib_relatedrecord_new_SiteEquipment_new_siteequipment@odata.bind": "/new_siteequipments/@{triggerBody()['text_6']}",
                        "item/mib_state": 913380002
                      },
                      "authentication": {
                        "type": "Raw",
                        "value": "@json(decodeBase64(triggerOutputs().headers['X-MS-APIM-Tokens']))['$ConnectionKey']"
                      }
                    }
                  }
                }
              },
              "expression": {
                "equals": [
                  "@empty(triggerBody()['text_11'])",
                  "@true"
                ]
              },
              "metadata": {
                "operationMetadataId": "0b3605fa-204c-4ccb-87d2-30153581eb8a"
              },
              "type": "If"
            },
            "Condition_to_update_ECC_record_when_failed4": {
              "actions": {
                "Failed_Update_ECC_Record_For_Message:_AmbraDeleteGlobalSiteScannerDelete": {
                  "runAfter": {},
                  "metadata": {
                    "operationMetadataId": "134d4479-1fd9-44d1-af62-808cf00685d8"
                  },
                  "type": "OpenApiConnection",
                  "inputs": {
                    "host": {
                      "connectionName": "shared_commondataserviceforapps",
                      "operationId": "UpdateRecord",
                      "apiId": "/providers/Microsoft.PowerApps/apis/shared_commondataserviceforapps"
                    },
                    "parameters": {
                      "entityName": "mib_eccqueues",
                      "recordId": "@outputs('Add_a_ECC_Record_for_Message_Type:_AmbraDeleteGlobalSiteEquipDeleteScanner')?['body/mib_eccqueueid']",
                      "item/mib_status": "@concat(body('HTTP_-_Delete_Scanner')?['status'], ',', body('HTTP_-_Delete_Scanner')?['error_type'])",
                      "item/mib_body": "@body('HTTP_-_Delete_Scanner')",
                      "item/mib_headers": "@outputs('HTTP_-_Delete_Scanner')['headers']",
                      "item/mib_isretry": "@triggerBody()['boolean']",
                      "item/mib_method": "POST",
                      "item/mib_processeddatetime": "@utcNow()",
                      "item/mib_relatedrecord_new_SiteEquipment_new_siteequipment@odata.bind": "/new_siteequipments/@{triggerBody()['text_6']}",
                      "item/mib_state": 913380006
                    },
                    "authentication": {
                      "type": "Raw",
                      "value": "@json(decodeBase64(triggerOutputs().headers['X-MS-APIM-Tokens']))['$ConnectionKey']"
                    }
                  }
                }
              },
              "runAfter": {
                "HTTP_-_Delete_Scanner": [
                  "Failed",
                  "TimedOut"
                ]
              },
              "else": {
                "actions": {
                  "Failed_Update_ECC_Record_For_Message:_AmbraDeleteGlobalSiteScannerDelete_2": {
                    "runAfter": {},
                    "metadata": {
                      "operationMetadataId": "134d4479-1fd9-44d1-af62-808cf00685d8"
                    },
                    "type": "OpenApiConnection",
                    "inputs": {
                      "host": {
                        "connectionName": "shared_commondataserviceforapps",
                        "operationId": "UpdateRecord",
                        "apiId": "/providers/Microsoft.PowerApps/apis/shared_commondataserviceforapps"
                      },
                      "parameters": {
                        "entityName": "mib_eccqueues",
                        "recordId": "@outputs('Add_a_ECC_Record_for_Message_Type:_AmbraDeleteGlobalSiteEquipDeleteScanner')?['body/mib_eccqueueid']",
                        "item/mib_status": "@concat(body('HTTP_-_Delete_Scanner')?['status'], ',', body('HTTP_-_Delete_Scanner')?['error_type'])",
                        "item/mib_body": "@body('HTTP_-_Delete_Scanner')",
                        "item/mib_ECCQueue@odata.bind": "/mib_eccqueues/@{triggerBody()['text_11']}",
                        "item/mib_headers": "@outputs('HTTP_-_Delete_Scanner')['headers']",
                        "item/mib_isretry": "@triggerBody()['boolean']",
                        "item/mib_method": "POST",
                        "item/mib_processeddatetime": "@utcNow()",
                        "item/mib_relatedrecord_new_SiteEquipment_new_siteequipment@odata.bind": "/new_siteequipments/@{triggerBody()['text_6']}",
                        "item/mib_state": 913380006
                      },
                      "authentication": {
                        "type": "Raw",
                        "value": "@json(decodeBase64(triggerOutputs().headers['X-MS-APIM-Tokens']))['$ConnectionKey']"
                      }
                    }
                  }
                }
              },
              "expression": {
                "equals": [
                  "@empty(triggerBody()['text_11'])",
                  "@true"
                ]
              },
              "metadata": {
                "operationMetadataId": "5931c15f-7e14-4595-9e39-1229872bedf3"
              },
              "type": "If"
            },
            "Condition_to_update_ECC_record_when_success_5": {
              "actions": {
                "Update_ECC_Record_for_Message_Type:_AmbraDeleteGlobalSiteDeleteScanner": {
                  "runAfter": {},
                  "metadata": {
                    "operationMetadataId": "f03a6715-e6c6-4106-abdf-a7718f480fcc"
                  },
                  "type": "OpenApiConnection",
                  "inputs": {
                    "host": {
                      "connectionName": "shared_commondataserviceforapps",
                      "operationId": "UpdateRecord",
                      "apiId": "/providers/Microsoft.PowerApps/apis/shared_commondataserviceforapps"
                    },
                    "parameters": {
                      "entityName": "mib_eccqueues",
                      "recordId": "@outputs('Add_a_ECC_Record_for_Message_Type:_AmbraDeleteGlobalSiteEquipDeleteScanner')?['body/mib_eccqueueid']",
                      "item/mib_status": "Site equipment is successfully deleted",
                      "item/mib_body": "@body('HTTP_-_Delete_Scanner')",
                      "item/mib_headers": "@outputs('HTTP_-_Delete_Scanner')['headers']",
                      "item/mib_isretry": "@triggerBody()['boolean']",
                      "item/mib_method": "POST",
                      "item/mib_processeddatetime": "@utcNow()",
                      "item/mib_relatedrecord_new_SiteEquipment_new_siteequipment@odata.bind": "/new_siteequipments/@{triggerBody()['text_6']}",
                      "item/mib_state": 913380002
                    },
                    "authentication": {
                      "type": "Raw",
                      "value": "@json(decodeBase64(triggerOutputs().headers['X-MS-APIM-Tokens']))['$ConnectionKey']"
                    }
                  }
                }
              },
              "runAfter": {
                "Condition_to_update_ECC_record_when_failed4": [
                  "Skipped"
                ]
              },
              "else": {
                "actions": {
                  "Update_ECC_Record_for_Message_Type:_AmbraDeleteGlobalSiteDeleteScanner_2": {
                    "runAfter": {},
                    "metadata": {
                      "operationMetadataId": "f03a6715-e6c6-4106-abdf-a7718f480fcc"
                    },
                    "type": "OpenApiConnection",
                    "inputs": {
                      "host": {
                        "connectionName": "shared_commondataserviceforapps",
                        "operationId": "UpdateRecord",
                        "apiId": "/providers/Microsoft.PowerApps/apis/shared_commondataserviceforapps"
                      },
                      "parameters": {
                        "entityName": "mib_eccqueues",
                        "recordId": "@outputs('Add_a_ECC_Record_for_Message_Type:_AmbraDeleteGlobalSiteEquipDeleteScanner')?['body/mib_eccqueueid']",
                        "item/mib_status": "Site equipment is successfully deleted",
                        "item/mib_body": "@body('HTTP_-_Delete_Scanner')",
                        "item/mib_ECCQueue@odata.bind": "/mib_eccqueues/@{triggerBody()['text_11']}",
                        "item/mib_headers": "@outputs('HTTP_-_Delete_Scanner')['headers']",
                        "item/mib_isretry": "@triggerBody()['boolean']",
                        "item/mib_method": "POST",
                        "item/mib_processeddatetime": "@utcNow()",
                        "item/mib_relatedrecord_new_SiteEquipment_new_siteequipment@odata.bind": "/new_siteequipments/@{triggerBody()['text_6']}",
                        "item/mib_state": 913380002
                      },
                      "authentication": {
                        "type": "Raw",
                        "value": "@json(decodeBase64(triggerOutputs().headers['X-MS-APIM-Tokens']))['$ConnectionKey']"
                      }
                    }
                  }
                }
              },
              "expression": {
                "equals": [
                  "@empty(triggerBody()['text_11'])",
                  "@true"
                ]
              },
              "metadata": {
                "operationMetadataId": "b2a30299-69f9-4854-9dd8-1c1017afaf8e"
              },
              "type": "If"
            }
          },
          "runAfter": {
            "Initialize_variable": [
              "Succeeded"
            ]
          },
          "else": {
            "actions": {
              "Add_a_ECC_Record_for_Message_Type:AmbraUpdateGlobalScannerSessionAPI": {
                "runAfter": {},
                "metadata": {
                  "operationMetadataId": "582e5952-5960-4f18-bda8-22696d562c0c"
                },
                "type": "OpenApiConnection",
                "inputs": {
                  "host": {
                    "connectionName": "shared_commondataserviceforapps",
                    "operationId": "CreateRecord",
                    "apiId": "/providers/Microsoft.PowerApps/apis/shared_commondataserviceforapps"
                  },
                  "parameters": {
                    "entityName": "mib_eccqueues",
                    "item/mib_createddatetime": "@utcNow()",
                    "item/mib_direction": 913380001,
                    "item/mib_name": "Update Scanner - @{triggerBody()['text_1']}",
                    "item/mib_requestfor": 913380001,
                    "item/mib_state": 913380004
                  },
                  "authentication": {
                    "type": "Raw",
                    "value": "@json(decodeBase64(triggerOutputs().headers['X-MS-APIM-Tokens']))['$ConnectionKey']"
                  }
                }
              },
              "HTTP_-_SessionLogin(UpdateScanner)": {
                "runAfter": {
                  "Add_a_ECC_Record_for_Message_Type:AmbraUpdateGlobalScannerSessionAPI": [
                    "Succeeded"
                  ]
                },
                "metadata": {
                  "operationMetadataId": "cc0af7d2-0c72-4bcd-beb0-76df0fdd80ac"
                },
                "type": "Http",
                "inputs": {
                  "method": "POST",
                  "uri": "@{triggerBody()['text_2']}/api/v3/session/login",
                  "headers": {
                    "Content-Type": "application/x-www-form-urlencoded"
                  },
                  "body": "login=@{triggerBody()['text_3']}&password=@{triggerBody()['text_4']}"
                }
              },
              "Parse_JSON": {
                "runAfter": {
                  "Condition_to_update_ECC_record_when_success": [
                    "Succeeded"
                  ]
                },
                "metadata": {
                  "operationMetadataId": "ba9e639e-975d-476d-81cd-adede776e5cb"
                },
                "type": "ParseJson",
                "inputs": {
                  "content": "@body('HTTP_-_SessionLogin(UpdateScanner)')",
                  "schema": {
                    "type": "object",
                    "properties": {
                      "sid": {
                        "type": "string"
                      }
                    }
                  }
                }
              },
              "Add_a_ECC_record_for__Message_type_:_AmbraAddGlobalScannerUpdateAPI": {
                "runAfter": {
                  "Parse_JSON": [
                    "Succeeded"
                  ]
                },
                "metadata": {
                  "operationMetadataId": "8cf96b53-99da-455f-9f3f-b5b3e3d82d79"
                },
                "type": "OpenApiConnection",
                "inputs": {
                  "host": {
                    "connectionName": "shared_commondataserviceforapps",
                    "operationId": "CreateRecord",
                    "apiId": "/providers/Microsoft.PowerApps/apis/shared_commondataserviceforapps"
                  },
                  "parameters": {
                    "entityName": "mib_eccqueues",
                    "item/mib_createddatetime": "@utcNow()",
                    "item/mib_direction": 913380001,
                    "item/mib_integrationmessagetype": 10,
                    "item/mib_name": "Update Scanner Name - @{triggerBody()['text_1']}",
                    "item/mib_requestfor": 913380004,
                    "item/mib_state": 913380004
                  },
                  "authentication": {
                    "type": "Raw",
                    "value": "@json(decodeBase64(triggerOutputs().headers['X-MS-APIM-Tokens']))['$ConnectionKey']"
                  }
                }
              },
              "HTTP_-_Update_Scanner": {
                "runAfter": {
                  "Add_a_ECC_record_for__Message_type_:_AmbraAddGlobalScannerUpdateAPI": [
                    "Succeeded"
                  ]
                },
                "metadata": {
                  "operationMetadataId": "cdee65c3-3d60-4e2a-8560-5e6573cfab59"
                },
                "type": "Http",
                "inputs": {
                  "method": "POST",
                  "uri": "@{triggerBody()['text_2']}/api/v3/scanner/set",
                  "headers": {
                    "Content-Type": "application/x-www-form-urlencoded"
                  },
                  "body": "sid=@{body('Parse_JSON')?['sid']}&uuid=@{triggerBody()['text']}&manufacturer=@{triggerBody()['text_8']}&model=@{triggerBody()['text_9']}&name=@{triggerBody()['text_1']}&serial_no=@{triggerBody()['text_10']}"
                }
              },
              "Condition_3": {
                "actions": {
                  "Update_a_row_4": {
                    "runAfter": {},
                    "metadata": {
                      "operationMetadataId": "23a2e6eb-12f2-4c49-a483-541ef66c361e"
                    },
                    "type": "OpenApiConnection",
                    "inputs": {
                      "host": {
                        "connectionName": "shared_commondataserviceforapps",
                        "operationId": "UpdateRecord",
                        "apiId": "/providers/Microsoft.PowerApps/apis/shared_commondataserviceforapps"
                      },
                      "parameters": {
                        "entityName": "new_siteequipments",
                        "recordId": "@triggerBody()['text_6']",
                        "item/mib_status": "@{body('HTTP_-_Update_Scanner')?['status']}-@{body('HTTP_-_Update_Scanner')?['error_type']}",
                        "item/mib_flowstate": 913380001,
                        "item/mib_operation": 913380001
                      },
                      "authentication": {
                        "type": "Raw",
                        "value": "@json(decodeBase64(triggerOutputs().headers['X-MS-APIM-Tokens']))['$ConnectionKey']"
                      }
                    }
                  },
                  "Return_to_caller_-_Update_failed": {
                    "runAfter": {
                      "Update_ECC_Queue_Retry_Record_-_Integration_Failed_2": [
                        "Succeeded"
                      ]
                    },
                    "metadata": {
                      "operationMetadataId": "61332183-9837-42a6-aede-44561874a285"
                    },
                    "type": "Response",
                    "kind": "PowerApp",
                    "inputs": {
                      "statusCode": 200,
                      "body": {
                        "status": "500"
                      },
                      "schema": {
                        "type": "object",
                        "properties": {
                          "status": {
                            "title": "Status",
                            "x-ms-dynamically-added": true,
                            "type": "string"
                          }
                        }
                      }
                    }
                  },
                  "Terminate_-_Update_failed": {
                    "runAfter": {
                      "Return_to_caller_-_Update_failed": [
                        "Succeeded"
                      ]
                    },
                    "metadata": {
                      "operationMetadataId": "c1f76d0f-a5d0-4001-86ae-ecddd0c150b7"
                    },
                    "type": "Terminate",
                    "inputs": {
                      "runStatus": "Failed"
                    }
                  },
                  "Update_ECC_Queue_Retry_Record_-_Integration_Failed_2": {
                    "runAfter": {
                      "Update_a_row_4": [
                        "Succeeded"
                      ]
                    },
                    "metadata": {
                      "operationMetadataId": "afff2254-74a1-4f01-b918-020b0ce46e14"
                    },
                    "type": "OpenApiConnection",
                    "inputs": {
                      "host": {
                        "connectionName": "shared_commondataserviceforapps",
                        "operationId": "UpdateRecord",
                        "apiId": "/providers/Microsoft.PowerApps/apis/shared_commondataserviceforapps"
                      },
                      "parameters": {
                        "entityName": "mib_eccqueues",
                        "recordId": "@outputs('Update_a_row_4')?['body/mib_eccqueuerecordguid']",
                        "item/mib_status": "Site equipment updation failed",
                        "item/mib_flowstate": 913380001,
                        "item/mib_isretry": "@triggerBody()['boolean']",
                        "item/mib_processeddatetime": "@utcNow()",
                        "item/mib_relatedrecord_new_SiteEquipment_new_siteequipment@odata.bind": "/new_siteequipments/@{triggerBody()['text_6']}",
                        "item/mib_state": 913380006
                      },
                      "authentication": {
                        "type": "Raw",
                        "value": "@json(decodeBase64(triggerOutputs().headers['X-MS-APIM-Tokens']))['$ConnectionKey']"
                      }
                    }
                  }
                },
                "runAfter": {
                  "Condition_to_update_ECC_record_when_success_3": [
                    "Succeeded"
                  ]
                },
                "else": {
                  "actions": {
                    "Update_a_row_5": {
                      "runAfter": {},
                      "metadata": {
                        "operationMetadataId": "937ae534-73e1-4da0-b415-9d48a8a27590"
                      },
                      "type": "OpenApiConnection",
                      "inputs": {
                        "host": {
                          "connectionName": "shared_commondataserviceforapps",
                          "operationId": "UpdateRecord",
                          "apiId": "/providers/Microsoft.PowerApps/apis/shared_commondataserviceforapps"
                        },
                        "parameters": {
                          "entityName": "new_siteequipments",
                          "recordId": "@triggerBody()['text_6']",
                          "item/mib_status": "In Sync",
                          "item/mib_flowstate": 913380001
                        },
                        "authentication": {
                          "type": "Raw",
                          "value": "@json(decodeBase64(triggerOutputs().headers['X-MS-APIM-Tokens']))['$ConnectionKey']"
                        }
                      }
                    },
                    "Update_ECC_Queue_Retry_Record_-_Integration_Successful_2": {
                      "runAfter": {
                        "Update_a_row_5": [
                          "Succeeded"
                        ]
                      },
                      "metadata": {
                        "operationMetadataId": "8864e261-8174-4ac4-843d-358aca9b5b7c"
                      },
                      "type": "OpenApiConnection",
                      "inputs": {
                        "host": {
                          "connectionName": "shared_commondataserviceforapps",
                          "operationId": "UpdateRecord",
                          "apiId": "/providers/Microsoft.PowerApps/apis/shared_commondataserviceforapps"
                        },
                        "parameters": {
                          "entityName": "mib_eccqueues",
                          "recordId": "@outputs('Update_a_row_5')?['body/mib_eccqueuerecordguid']",
                          "item/mib_status": "Site equipment is successfully updated",
                          "item/mib_flowstate": 913380001,
                          "item/mib_isretry": "@triggerBody()['boolean']",
                          "item/mib_processeddatetime": "@utcNow()",
                          "item/mib_relatedrecord_new_SiteEquipment_new_siteequipment@odata.bind": "/new_siteequipments/@{triggerBody()['text_6']}",
                          "item/mib_state": 913380002
                        },
                        "authentication": {
                          "type": "Raw",
                          "value": "@json(decodeBase64(triggerOutputs().headers['X-MS-APIM-Tokens']))['$ConnectionKey']"
                        }
                      }
                    }
                  }
                },
                "expression": {
                  "equals": [
                    "@toLower(body('HTTP_-_Update_Scanner')?['status'])",
                    "error"
                  ]
                },
                "metadata": {
                  "operationMetadataId": "a9ded7b7-8804-4a4b-8660-32b1527b0437"
                },
                "type": "If"
              },
              "HTTP_Session_Login_Failed_-_Update": {
                "actions": {
                  "Failed_Update_ECC_Record_-_AmbraUpdateGlobalScannerSessionAPI": {
                    "runAfter": {},
                    "metadata": {
                      "operationMetadataId": "154a8990-b2f0-4188-bb38-00fdb8c4db57"
                    },
                    "type": "OpenApiConnection",
                    "inputs": {
                      "host": {
                        "connectionName": "shared_commondataserviceforapps",
                        "operationId": "UpdateRecord",
                        "apiId": "/providers/Microsoft.PowerApps/apis/shared_commondataserviceforapps"
                      },
                      "parameters": {
                        "entityName": "mib_eccqueues",
                        "recordId": "@outputs('Add_a_ECC_Record_for_Message_Type:AmbraUpdateGlobalScannerSessionAPI')?['body/mib_eccqueueid']",
                        "item/mib_status": "HTTP Session Login Failed",
                        "item/mib_body": "@body('HTTP_-_SessionLogin(UpdateScanner)')",
                        "item/mib_headers": "@outputs('HTTP_-_SessionLogin(UpdateScanner)')['headers']",
                        "item/mib_isretry": "@triggerBody()['boolean']",
                        "item/mib_method": "POST",
                        "item/mib_processeddatetime": "@utcNow()",
                        "item/mib_relatedrecord_new_SiteEquipment_new_siteequipment@odata.bind": "/new_siteequipments/@{triggerBody()['text_6']}",
                        "item/mib_state": 913380006
                      },
                      "authentication": {
                        "type": "Raw",
                        "value": "@json(decodeBase64(triggerOutputs().headers['X-MS-APIM-Tokens']))['$ConnectionKey']"
                      }
                    }
                  },
                  "Return_to_caller_-_HTTP_Session_Login_Failed_-_Update": {
                    "runAfter": {
                      "Condition_6": [
                        "Succeeded"
                      ]
                    },
                    "metadata": {
                      "operationMetadataId": "84486991-4efc-496e-bc0b-c1592a00cea4"
                    },
                    "type": "Response",
                    "kind": "PowerApp",
                    "inputs": {
                      "statusCode": 200,
                      "body": {
                        "status": "500"
                      },
                      "schema": {
                        "type": "object",
                        "properties": {
                          "status": {
                            "title": "Status",
                            "x-ms-dynamically-added": true,
                            "type": "string"
                          }
                        }
                      }
                    }
                  },
                  "Terminate_-_Session_Login_Failed_-_Update": {
                    "runAfter": {
                      "Return_to_caller_-_HTTP_Session_Login_Failed_-_Update": [
                        "Succeeded"
                      ]
                    },
                    "metadata": {
                      "operationMetadataId": "2c2ff56e-65d6-4277-a1ee-616129636f63"
                    },
                    "type": "Terminate",
                    "inputs": {
                      "runStatus": "Failed"
                    }
                  },
                  "Update_Site_Equipment_-_HTTP_Session_Login_Failed_-_Update": {
                    "runAfter": {
                      "Failed_Update_ECC_Record_-_AmbraUpdateGlobalScannerSessionAPI": [
                        "Succeeded"
                      ]
                    },
                    "metadata": {
                      "operationMetadataId": "4c04378e-a8d6-45c0-a8a3-dc2a2003e7ed"
                    },
                    "type": "OpenApiConnection",
                    "inputs": {
                      "host": {
                        "connectionName": "shared_commondataserviceforapps",
                        "operationId": "UpdateRecord",
                        "apiId": "/providers/Microsoft.PowerApps/apis/shared_commondataserviceforapps"
                      },
                      "parameters": {
                        "entityName": "new_siteequipments",
                        "recordId": "@triggerBody()['text_6']",
                        "item/mib_status": "HTTP Session Login Failed",
                        "item/mib_flowstate": 913380001
                      },
                      "authentication": {
                        "type": "Raw",
                        "value": "@json(decodeBase64(triggerOutputs().headers['X-MS-APIM-Tokens']))['$ConnectionKey']"
                      }
                    }
                  },
                  "Condition_6": {
                    "actions": {},
                    "runAfter": {
                      "Update_Site_Equipment_-_HTTP_Session_Login_Failed_-_Update": [
                        "Succeeded"
                      ]
                    },
                    "else": {
                      "actions": {
                        "Update_ECC_Queue_Retry_Record_-_Integration_Failed_4": {
                          "runAfter": {},
                          "metadata": {
                            "operationMetadataId": "afff2254-74a1-4f01-b918-020b0ce46e14"
                          },
                          "type": "OpenApiConnection",
                          "inputs": {
                            "host": {
                              "connectionName": "shared_commondataserviceforapps",
                              "operationId": "UpdateRecord",
                              "apiId": "/providers/Microsoft.PowerApps/apis/shared_commondataserviceforapps"
                            },
                            "parameters": {
                              "entityName": "mib_eccqueues",
                              "recordId": "@outputs('Update_Site_Equipment_-_HTTP_Session_Login_Failed_-_Update')?['body/mib_eccqueuerecordguid']",
                              "item/mib_status": "Site equipment updation session login failed",
                              "item/mib_flowstate": 913380001,
                              "item/mib_isretry": "@triggerBody()['boolean']",
                              "item/mib_processeddatetime": "@utcNow()",
                              "item/mib_relatedrecord_new_SiteEquipment_new_siteequipment@odata.bind": "/new_siteequipments/@{triggerBody()['text_6']}",
                              "item/mib_state": 913380006
                            },
                            "authentication": {
                              "type": "Raw",
                              "value": "@json(decodeBase64(triggerOutputs().headers['X-MS-APIM-Tokens']))['$ConnectionKey']"
                            }
                          }
                        },
                        "Failed_Update_ECC_Record_-_AmbraUpdateGlobalScannerSessionAPI_2": {
                          "runAfter": {
                            "Update_ECC_Queue_Retry_Record_-_Integration_Failed_4": [
                              "Succeeded"
                            ]
                          },
                          "metadata": {
                            "operationMetadataId": "154a8990-b2f0-4188-bb38-00fdb8c4db57"
                          },
                          "type": "OpenApiConnection",
                          "inputs": {
                            "host": {
                              "connectionName": "shared_commondataserviceforapps",
                              "operationId": "UpdateRecord",
                              "apiId": "/providers/Microsoft.PowerApps/apis/shared_commondataserviceforapps"
                            },
                            "parameters": {
                              "entityName": "mib_eccqueues",
                              "recordId": "@outputs('Add_a_ECC_Record_for_Message_Type:AmbraUpdateGlobalScannerSessionAPI')?['body/mib_eccqueueid']",
                              "item/mib_status": "HTTP Session Login Failed",
                              "item/mib_body": "@body('HTTP_-_SessionLogin(UpdateScanner)')",
                              "item/mib_ECCQueue@odata.bind": "/mib_eccqueues/@{outputs('Update_Site_Equipment_-_HTTP_Session_Login_Failed_-_Update')?['body/mib_eccqueuerecordguid']}",
                              "item/mib_headers": "@outputs('HTTP_-_SessionLogin(UpdateScanner)')['headers']",
                              "item/mib_isretry": "@triggerBody()['boolean']",
                              "item/mib_method": "POST",
                              "item/mib_processeddatetime": "@utcNow()",
                              "item/mib_relatedrecord_new_SiteEquipment_new_siteequipment@odata.bind": "/new_siteequipments/@{triggerBody()['text_6']}",
                              "item/mib_state": 913380006
                            },
                            "authentication": {
                              "type": "Raw",
                              "value": "@json(decodeBase64(triggerOutputs().headers['X-MS-APIM-Tokens']))['$ConnectionKey']"
                            }
                          }
                        }
                      }
                    },
                    "expression": {
                      "equals": [
                        "@empty(outputs('Update_Site_Equipment_-_HTTP_Session_Login_Failed_-_Update')?['body/mib_eccqueuerecordguid'])",
                        "@true"
                      ]
                    },
                    "metadata": {
                      "operationMetadataId": "b326404b-f728-40ea-9399-35abf715b886"
                    },
                    "type": "If"
                  }
                },
                "runAfter": {
                  "HTTP_-_SessionLogin(UpdateScanner)": [
                    "Failed"
                  ]
                },
                "metadata": {
                  "operationMetadataId": "9079177d-9625-44ea-a289-b878010ec4be"
                },
                "type": "Scope"
              },
              "Condition_to_update_ECC_record_when_success": {
                "actions": {
                  "Update_ECC_Record_-_AmbraUpdateGlobalScannerSessionAPI": {
                    "runAfter": {},
                    "metadata": {
                      "operationMetadataId": "47724a69-2d4b-4855-8fa7-298d46c77e10"
                    },
                    "type": "OpenApiConnection",
                    "inputs": {
                      "host": {
                        "connectionName": "shared_commondataserviceforapps",
                        "operationId": "UpdateRecord",
                        "apiId": "/providers/Microsoft.PowerApps/apis/shared_commondataserviceforapps"
                      },
                      "parameters": {
                        "entityName": "mib_eccqueues",
                        "recordId": "@outputs('Add_a_ECC_Record_for_Message_Type:AmbraUpdateGlobalScannerSessionAPI')?['body/mib_eccqueueid']",
                        "item/mib_status": "HTTP Session Login Successful",
                        "item/mib_body": "@body('HTTP_-_SessionLogin(UpdateScanner)')",
                        "item/mib_headers": "@outputs('HTTP_-_SessionLogin(UpdateScanner)')['headers']",
                        "item/mib_method": "POST",
                        "item/mib_processeddatetime": "@utcNow()",
                        "item/mib_state": 913380002
                      },
                      "authentication": {
                        "type": "Raw",
                        "value": "@json(decodeBase64(triggerOutputs().headers['X-MS-APIM-Tokens']))['$ConnectionKey']"
                      }
                    }
                  }
                },
                "runAfter": {
                  "HTTP_Session_Login_Failed_-_Update": [
                    "Skipped"
                  ]
                },
                "else": {
                  "actions": {
                    "Update_ECC_Record_-_AmbraUpdateGlobalScannerSessionAPI_2": {
                      "runAfter": {},
                      "metadata": {
                        "operationMetadataId": "47724a69-2d4b-4855-8fa7-298d46c77e10"
                      },
                      "type": "OpenApiConnection",
                      "inputs": {
                        "host": {
                          "connectionName": "shared_commondataserviceforapps",
                          "operationId": "UpdateRecord",
                          "apiId": "/providers/Microsoft.PowerApps/apis/shared_commondataserviceforapps"
                        },
                        "parameters": {
                          "entityName": "mib_eccqueues",
                          "recordId": "@outputs('Add_a_ECC_Record_for_Message_Type:AmbraUpdateGlobalScannerSessionAPI')?['body/mib_eccqueueid']",
                          "item/mib_status": "HTTP Session Login Successful",
                          "item/mib_body": "@body('HTTP_-_SessionLogin(UpdateScanner)')",
                          "item/mib_ECCQueue@odata.bind": "/mib_eccqueues/@{triggerBody()['text_11']}",
                          "item/mib_headers": "@outputs('HTTP_-_SessionLogin(UpdateScanner)')['headers']",
                          "item/mib_method": "POST",
                          "item/mib_processeddatetime": "@utcNow()",
                          "item/mib_relatedrecord_new_SiteEquipment_new_siteequipment@odata.bind": "/new_siteequipments/@{triggerBody()['text_6']}",
                          "item/mib_state": 913380002
                        },
                        "authentication": {
                          "type": "Raw",
                          "value": "@json(decodeBase64(triggerOutputs().headers['X-MS-APIM-Tokens']))['$ConnectionKey']"
                        }
                      }
                    }
                  }
                },
                "expression": {
                  "equals": [
                    "@empty(triggerBody()['text_11'])",
                    "@true"
                  ]
                },
                "metadata": {
                  "operationMetadataId": "d613b254-54cb-4f77-9ace-d5d9a8f02020"
                },
                "type": "If"
              },
              "Condition_to_update_ECC_record_when_failed2": {
                "actions": {
                  "Failed_Update_ECC_record_for_Message_Type:_AmbraAddglocalScannerUpdateSiteAPI": {
                    "runAfter": {},
                    "metadata": {
                      "operationMetadataId": "b7379462-ff0d-47fc-9f01-bb24433dd544"
                    },
                    "type": "OpenApiConnection",
                    "inputs": {
                      "host": {
                        "connectionName": "shared_commondataserviceforapps",
                        "operationId": "UpdateRecord",
                        "apiId": "/providers/Microsoft.PowerApps/apis/shared_commondataserviceforapps"
                      },
                      "parameters": {
                        "entityName": "mib_eccqueues",
                        "recordId": "@outputs('Add_a_ECC_record_for__Message_type_:_AmbraAddGlobalScannerUpdateAPI')?['body/mib_eccqueueid']",
                        "item/mib_status": "@{body('HTTP_-_Update_Scanner')?['status']}-@{body('HTTP_-_Update_Scanner')?['error_type']}",
                        "item/mib_body": "@body('HTTP_-_Update_Scanner')",
                        "item/mib_headers": "@outputs('HTTP_-_Update_Scanner')['headers']",
                        "item/mib_isretry": "@triggerBody()['boolean']",
                        "item/mib_method": "POST",
                        "item/mib_processeddatetime": "@utcNow()",
                        "item/mib_relatedrecord_new_SiteEquipment_new_siteequipment@odata.bind": "/new_siteequipments/@{triggerBody()['text_6']}",
                        "item/mib_state": 913380006
                      },
                      "authentication": {
                        "type": "Raw",
                        "value": "@json(decodeBase64(triggerOutputs().headers['X-MS-APIM-Tokens']))['$ConnectionKey']"
                      }
                    }
                  }
                },
                "runAfter": {
                  "HTTP_-_Update_Scanner": [
                    "Failed",
                    "TimedOut"
                  ]
                },
                "else": {
                  "actions": {
                    "Failed_Update_ECC_record_for_Message_Type:_AmbraAddglocalScannerUpdateSiteAPI_2": {
                      "runAfter": {},
                      "metadata": {
                        "operationMetadataId": "b7379462-ff0d-47fc-9f01-bb24433dd544"
                      },
                      "type": "OpenApiConnection",
                      "inputs": {
                        "host": {
                          "connectionName": "shared_commondataserviceforapps",
                          "operationId": "UpdateRecord",
                          "apiId": "/providers/Microsoft.PowerApps/apis/shared_commondataserviceforapps"
                        },
                        "parameters": {
                          "entityName": "mib_eccqueues",
                          "recordId": "@outputs('Add_a_ECC_record_for__Message_type_:_AmbraAddGlobalScannerUpdateAPI')?['body/mib_eccqueueid']",
                          "item/mib_status": "@{body('HTTP_-_Update_Scanner')?['status']}-@{body('HTTP_-_Update_Scanner')?['error_type']}",
                          "item/mib_body": "@body('HTTP_-_Update_Scanner')",
                          "item/mib_ECCQueue@odata.bind": "/mib_eccqueues/@{triggerBody()['text_11']}",
                          "item/mib_headers": "@outputs('HTTP_-_Update_Scanner')['headers']",
                          "item/mib_isretry": "@triggerBody()['boolean']",
                          "item/mib_method": "POST",
                          "item/mib_processeddatetime": "@utcNow()",
                          "item/mib_relatedrecord_new_SiteEquipment_new_siteequipment@odata.bind": "/new_siteequipments/@{triggerBody()['text_6']}",
                          "item/mib_state": 913380006
                        },
                        "authentication": {
                          "type": "Raw",
                          "value": "@json(decodeBase64(triggerOutputs().headers['X-MS-APIM-Tokens']))['$ConnectionKey']"
                        }
                      }
                    }
                  }
                },
                "expression": {
                  "equals": [
                    "@empty(triggerBody()['text_11'])",
                    "@true"
                  ]
                },
                "metadata": {
                  "operationMetadataId": "91b76f06-c7e7-4349-b338-5230e87c24e8"
                },
                "type": "If"
              },
              "Condition_to_update_ECC_record_when_success_3": {
                "actions": {
                  "Update_ECC_Record_for_Message_type:_AmbraAddglobalScannerUpdateScannerAPI": {
                    "runAfter": {},
                    "metadata": {
                      "operationMetadataId": "b1aa23cc-4aa1-4b4d-8106-9ea0d996644c"
                    },
                    "type": "OpenApiConnection",
                    "inputs": {
                      "host": {
                        "connectionName": "shared_commondataserviceforapps",
                        "operationId": "UpdateRecord",
                        "apiId": "/providers/Microsoft.PowerApps/apis/shared_commondataserviceforapps"
                      },
                      "parameters": {
                        "entityName": "mib_eccqueues",
                        "recordId": "@outputs('Add_a_ECC_record_for__Message_type_:_AmbraAddGlobalScannerUpdateAPI')?['body/mib_eccqueueid']",
                        "item/mib_status": "Site equipment is successfully updated",
                        "item/mib_body": "@body('HTTP_-_Update_Scanner')",
                        "item/mib_headers": "@outputs('HTTP_-_Update_Scanner')['headers']",
                        "item/mib_isretry": "@triggerBody()['boolean']",
                        "item/mib_method": "POST",
                        "item/mib_processeddatetime": "@utcNow()",
                        "item/mib_relatedrecord_new_SiteEquipment_new_siteequipment@odata.bind": "/new_siteequipments/@{triggerBody()['text_6']}",
                        "item/mib_state": 913380002
                      },
                      "authentication": {
                        "type": "Raw",
                        "value": "@json(decodeBase64(triggerOutputs().headers['X-MS-APIM-Tokens']))['$ConnectionKey']"
                      }
                    }
                  }
                },
                "runAfter": {
                  "Condition_to_update_ECC_record_when_failed2": [
                    "Skipped"
                  ]
                },
                "else": {
                  "actions": {
                    "Update_ECC_Record_for_Message_type:_AmbraAddglobalScannerUpdateScannerAPI_2": {
                      "runAfter": {},
                      "metadata": {
                        "operationMetadataId": "b1aa23cc-4aa1-4b4d-8106-9ea0d996644c"
                      },
                      "type": "OpenApiConnection",
                      "inputs": {
                        "host": {
                          "connectionName": "shared_commondataserviceforapps",
                          "operationId": "UpdateRecord",
                          "apiId": "/providers/Microsoft.PowerApps/apis/shared_commondataserviceforapps"
                        },
                        "parameters": {
                          "entityName": "mib_eccqueues",
                          "recordId": "@outputs('Add_a_ECC_record_for__Message_type_:_AmbraAddGlobalScannerUpdateAPI')?['body/mib_eccqueueid']",
                          "item/mib_status": "Site equipment is successfully updated",
                          "item/mib_body": "@body('HTTP_-_Update_Scanner')",
                          "item/mib_ECCQueue@odata.bind": "/mib_eccqueues/@{triggerBody()['text_11']}",
                          "item/mib_headers": "@outputs('HTTP_-_Update_Scanner')['headers']",
                          "item/mib_isretry": "@triggerBody()['boolean']",
                          "item/mib_method": "POST",
                          "item/mib_processeddatetime": "@utcNow()",
                          "item/mib_relatedrecord_new_SiteEquipment_new_siteequipment@odata.bind": "/new_siteequipments/@{triggerBody()['text_6']}",
                          "item/mib_state": 913380002
                        },
                        "authentication": {
                          "type": "Raw",
                          "value": "@json(decodeBase64(triggerOutputs().headers['X-MS-APIM-Tokens']))['$ConnectionKey']"
                        }
                      }
                    }
                  }
                },
                "expression": {
                  "equals": [
                    "@empty(triggerBody()['text_11'])",
                    "@true"
                  ]
                },
                "metadata": {
                  "operationMetadataId": "433a1119-23c5-4463-9d66-b4fc735a8db8"
                },
                "type": "If"
              }
            }
          },
          "expression": {
            "equals": [
              "@triggerBody()['text_7']",
              "True"
            ]
          },
          "metadata": {
            "operationMetadataId": "dd02d146-ec01-485d-9415-9b63777651bc"
          },
          "type": "If"
        },
        "Respond_to_a_PowerApp_or_flow": {
          "runAfter": {
            "Condition_to_check_Soft_Delete": [
              "Succeeded"
            ]
          },
          "metadata": {
            "operationMetadataId": "dbdab488-e881-4358-b97f-45d7ffbaa82a"
          },
          "type": "Response",
          "kind": "PowerApp",
          "inputs": {
            "statusCode": 200,
            "body": {
              "status": "200"
            },
            "schema": {
              "type": "object",
              "properties": {
                "status": {
                  "title": "Status",
                  "x-ms-dynamically-added": true,
                  "type": "string"
                }
              }
            }
          }
        }
      }
    }
  },
  "schemaVersion": "1.0.0.0"
}