{
  "properties": {
    "connectionReferences": {
      "shared_commondataserviceforapps": {
        "runtimeSource": "embedded",
        "connection": {
          "connectionReferenceLogicalName": "mib_MicrosoftDataverseMIBAdmin"
        },
        "api": {
          "name": "shared_commondataserviceforapps"
        }
      }
    },
    "definition": {
      "$schema": "https://schema.management.azure.com/providers/Microsoft.Logic/schemas/2016-06-01/workflowdefinition.json#",
      "contentVersion": "1.0.0.0",
      "parameters": {
        "$connections": {
          "defaultValue": {},
          "type": "Object"
        },
        "$authentication": {
          "defaultValue": {},
          "type": "SecureObject"
        }
      },
      "triggers": {
        "When_a_row_is_added,_modified_or_deleted": {
          "metadata": {
            "operationMetadataId": "7c09522a-04f3-4205-bc62-8c5ff1d4c89b"
          },
          "type": "OpenApiConnectionWebhook",
          "inputs": {
            "host": {
              "connectionName": "shared_commondataserviceforapps",
              "operationId": "SubscribeWebhookTrigger",
              "apiId": "/providers/Microsoft.PowerApps/apis/shared_commondataserviceforapps"
            },
            "parameters": {
              "subscriptionRequest/message": 4,
              "subscriptionRequest/entityname": "new_studyversion",
              "subscriptionRequest/scope": 4,
              "subscriptionRequest/filterexpression": "mib_status eq 6"
            },
            "authentication": "@parameters('$authentication')"
          }
        }
      },
      "actions": {
        "Initialize_variable_-_Study_Configuration_Status": {
          "runAfter": {},
          "metadata": {
            "operationMetadataId": "421c9963-8cf0-4640-9322-59dd4cb37008"
          },
          "type": "InitializeVariable",
          "inputs": {
            "variables": [
              {
                "name": "Study Configuration Status",
                "type": "string",
                "value": "@{triggerOutputs()?['body/mib_status']}"
              }
            ]
          }
        },
        "Condition_to_check_if_Study_configuration_is_Published": {
          "actions": {
            "List_rows_-_QC_Task_Assignments": {
              "runAfter": {},
              "metadata": {
                "operationMetadataId": "9cfd8744-3365-457b-811e-eb10b924d9e7"
              },
              "type": "OpenApiConnection",
              "inputs": {
                "host": {
                  "connectionName": "shared_commondataserviceforapps",
                  "operationId": "ListRecords",
                  "apiId": "/providers/Microsoft.PowerApps/apis/shared_commondataserviceforapps"
                },
                "parameters": {
                  "entityName": "mib_qctaskassignments",
                  "fetchXml": "<fetch version=\"1.0\" output-format=\"xml-platform\" mapping=\"logical\" distinct=\"false\">\n  <entity name=\"mib_qctaskassignment\">\n    <attribute name=\"mib_qctaskassignmentid\" />\n    <attribute name=\"mib_name\" />\n    <attribute name=\"createdon\" />\n    <attribute name=\"mib_qcformtemplate\" />\n    <order attribute=\"mib_name\" descending=\"false\" />\n    <filter type=\"and\">\n      <condition attribute=\"mib_softdelete\" operator=\"eq\" value=\"0\" />\n      <condition attribute=\"mib_studyconfiguration\" operator=\"eq\" value=\"{@{variables('study configuration value')}}\" />\n    </filter>\n  </entity>\n</fetch>"
                },
                "authentication": "@parameters('$authentication')"
              }
            },
            "Apply_to_each": {
              "foreach": "@outputs('List_rows_-_QC_Task_Assignments')?['body/value']",
              "actions": {
                "Update_a_row_-_Ambra_QC_Form": {
                  "runAfter": {},
                  "metadata": {
                    "operationMetadataId": "4c34250d-43f7-49cb-a27f-02353ee5da9e"
                  },
                  "type": "OpenApiConnection",
                  "inputs": {
                    "host": {
                      "connectionName": "shared_commondataserviceforapps",
                      "operationId": "UpdateRecord",
                      "apiId": "/providers/Microsoft.PowerApps/apis/shared_commondataserviceforapps"
                    },
                    "parameters": {
                      "entityName": "mib_ambraqcforms",
                      "recordId": "@items('Apply_to_each')?['_mib_qcformtemplate_value']",
                      "item/mib_linkedtostudy": true
                    },
                    "authentication": "@parameters('$authentication')"
                  }
                }
              },
              "runAfter": {
                "List_rows_-_QC_Task_Assignments": [
                  "Succeeded"
                ]
              },
              "metadata": {
                "operationMetadataId": "efd3a62f-2f66-40c5-9f73-6796df760cf4"
              },
              "type": "Foreach"
            }
          },
          "runAfter": {
            "Initialize_variable_Array_Increment": [
              "Succeeded"
            ]
          },
          "expression": {
            "equals": [
              "@variables('Study Configuration Status')",
              "@string(6)"
            ]
          },
          "metadata": {
            "operationMetadataId": "b48bcb89-72cf-476e-b65a-99cb02504c76"
          },
          "type": "If"
        },
        "Initialize_variable_-_study_configuration_value": {
          "runAfter": {
            "Initialize_variable_-_Study_Configuration_Status": [
              "Succeeded"
            ]
          },
          "metadata": {
            "operationMetadataId": "68f0f44d-e18c-4c16-8766-c0fe5a344008"
          },
          "type": "InitializeVariable",
          "inputs": {
            "variables": [
              {
                "name": "study configuration value",
                "type": "string",
                "value": "@triggerOutputs()?['body/new_studyversionid']"
              }
            ]
          }
        },
        "Initialize_variable_-_Ambra_QC_form_Linked_to_Study": {
          "runAfter": {
            "Initialize_variable_-_study_configuration_value": [
              "Succeeded"
            ]
          },
          "metadata": {
            "operationMetadataId": "84c38bb6-4226-46e2-ae86-765103c6f3e4"
          },
          "type": "InitializeVariable",
          "inputs": {
            "variables": [
              {
                "name": "Ambra QC form Linked to Study",
                "type": "string"
              }
            ]
          }
        },
        "Initialize_variable_-_QC_Template_Id": {
          "runAfter": {
            "Initialize_variable_-_Ambra_QC_form_Linked_to_Study": [
              "Succeeded"
            ]
          },
          "metadata": {
            "operationMetadataId": "fea74566-0fcd-4aa3-aacd-e83d87b394e9"
          },
          "type": "InitializeVariable",
          "inputs": {
            "variables": [
              {
                "name": "QC Template Id",
                "type": "string"
              }
            ]
          }
        },
        "List_rows_-_Active_Studies": {
          "runAfter": {
            "Condition_to_check_if_Study_configuration_is_Published": [
              "Succeeded"
            ]
          },
          "metadata": {
            "operationMetadataId": "33c42f3f-3e95-42a7-aa01-7b30da9fc8b8"
          },
          "type": "OpenApiConnection",
          "inputs": {
            "host": {
              "connectionName": "shared_commondataserviceforapps",
              "operationId": "ListRecords",
              "apiId": "/providers/Microsoft.PowerApps/apis/shared_commondataserviceforapps"
            },
            "parameters": {
              "entityName": "new_studies",
              "fetchXml": "<fetch version=\"1.0\" output-format=\"xml-platform\" mapping=\"logical\" distinct=\"true\">\n  <entity name=\"new_study\">\n    <attribute name=\"new_studyid\" />\n    <attribute name=\"new_name\" />\n    <attribute name=\"createdon\" />\n    <order attribute=\"new_name\" descending=\"false\" />\n    <link-entity name=\"new_studyversion\" from=\"mib_study\" to=\"new_studyid\" link-type=\"inner\" alias=\"ac\">\n      <link-entity name=\"mib_qctaskassignment\" from=\"mib_studyconfiguration\" to=\"new_studyversionid\" link-type=\"inner\" alias=\"ad\">\n        <filter type=\"and\">\n          <condition attribute=\"mib_qcformtemplate\" operator=\"not-null\" />\n        </filter>\n      </link-entity>\n    </link-entity>\n  </entity>\n</fetch>"
            },
            "authentication": "@parameters('$authentication')"
          }
        },
        "Apply_to_each_Study": {
          "foreach": "@outputs('List_rows_-_Active_Studies')?['body/value']",
          "actions": {
            "List_rows_-_Get_Latest_Study_Configuration": {
              "runAfter": {},
              "metadata": {
                "operationMetadataId": "40b72192-2550-47b9-b597-b4b8064ce720"
              },
              "type": "OpenApiConnection",
              "inputs": {
                "host": {
                  "connectionName": "shared_commondataserviceforapps",
                  "operationId": "ListRecords",
                  "apiId": "/providers/Microsoft.PowerApps/apis/shared_commondataserviceforapps"
                },
                "parameters": {
                  "entityName": "new_studyversions",
                  "$filter": "_mib_study_value eq '@{items('Apply_to_each_Study')?['new_studyid']}' and mib_status eq 6",
                  "$orderby": "createdon desc",
                  "$top": 1
                },
                "authentication": "@parameters('$authentication')"
              }
            },
            "Apply_to_each_Published_Study_Configuration": {
              "foreach": "@outputs('List_rows_-_Get_Latest_Study_Configuration')?['body/value']",
              "actions": {
                "List_rows_QC_Task_Assignments": {
                  "runAfter": {},
                  "metadata": {
                    "operationMetadataId": "0a53b18b-5346-4978-b0f2-fe49d938d3d3"
                  },
                  "type": "OpenApiConnection",
                  "inputs": {
                    "host": {
                      "connectionName": "shared_commondataserviceforapps",
                      "operationId": "ListRecords",
                      "apiId": "/providers/Microsoft.PowerApps/apis/shared_commondataserviceforapps"
                    },
                    "parameters": {
                      "entityName": "mib_qctaskassignments",
                      "fetchXml": "<fetch version=\"1.0\" output-format=\"xml-platform\" mapping=\"logical\" distinct=\"false\">\n  <entity name=\"mib_qctaskassignment\">\n    <attribute name=\"mib_qctaskassignmentid\" />\n    <attribute name=\"mib_name\" />\n    <attribute name=\"createdon\" />\n<attribute name=\"mib_qcformtemplate\" />\n    <order attribute=\"mib_name\" descending=\"false\" />\n    <filter type=\"and\">\n      <condition attribute=\"mib_softdelete\" operator=\"eq\" value=\"0\" />\n      <condition attribute=\"mib_studyconfiguration\" operator=\"eq\" value=\"{@{items('Apply_to_each_Published_Study_Configuration')?['new_studyversionid']}}\" />\n    </filter>\n  </entity>\n</fetch>"
                    },
                    "authentication": "@parameters('$authentication')"
                  }
                },
                "Apply_to_each_QC_Task_Assignments": {
                  "foreach": "@outputs('List_rows_QC_Task_Assignments')?['body/value']",
                  "actions": {
                    "Condition_2": {
                      "actions": {},
                      "runAfter": {},
                      "else": {
                        "actions": {
                          "Append_to_array_variable_3": {
                            "runAfter": {},
                            "metadata": {
                              "operationMetadataId": "8a6b724a-9ae7-4788-bfd5-03ce97c16c1c"
                            },
                            "type": "AppendToArrayVariable",
                            "inputs": {
                              "name": "QC Template Array",
                              "value": "@items('Apply_to_each_QC_Task_Assignments')?['_mib_qcformtemplate_value']"
                            }
                          }
                        }
                      },
                      "expression": {
                        "equals": [
                          "@items('Apply_to_each_QC_Task_Assignments')?['_mib_qcformtemplate_value']",
                          "@null"
                        ]
                      },
                      "metadata": {
                        "operationMetadataId": "fcb3ade6-0b15-472e-80fa-b669233c0253"
                      },
                      "type": "If"
                    }
                  },
                  "runAfter": {
                    "List_rows_QC_Task_Assignments": [
                      "Succeeded"
                    ]
                  },
                  "metadata": {
                    "operationMetadataId": "864c88a0-74a1-41dc-bc60-cf4cd85e5044"
                  },
                  "type": "Foreach"
                }
              },
              "runAfter": {
                "List_rows_-_Get_Latest_Study_Configuration": [
                  "Succeeded"
                ]
              },
              "metadata": {
                "operationMetadataId": "0be7796e-6b5d-4e6a-90f3-deeb500e85ca"
              },
              "type": "Foreach"
            }
          },
          "runAfter": {
            "List_rows_-_Active_Studies": [
              "Succeeded"
            ]
          },
          "metadata": {
            "operationMetadataId": "e032dcaa-75c2-4fd1-8ff5-4e5e67422ea8"
          },
          "type": "Foreach"
        },
        "Initialize_variable_-_QC_Template_Array": {
          "runAfter": {
            "Initialize_variable_-_QC_Template_Id": [
              "Succeeded"
            ]
          },
          "metadata": {
            "operationMetadataId": "1f41267f-0d56-4c5d-b5b6-3624999e87c4"
          },
          "type": "InitializeVariable",
          "inputs": {
            "variables": [
              {
                "name": "QC Template Array",
                "type": "array"
              }
            ]
          }
        },
        "Compose_-_Distinct_QC_Templates": {
          "runAfter": {
            "Apply_to_each_Study": [
              "Succeeded"
            ]
          },
          "metadata": {
            "operationMetadataId": "80c51d41-e8d7-41ce-8b1c-dd25e7e0890f"
          },
          "type": "Compose",
          "inputs": "@union(variables('QC Template Array'),variables('QC Template Array'))"
        },
        "List_rows_-_Ambra_QC_Forms_(Linked_To_Study_yes)": {
          "runAfter": {
            "Compose_-_Distinct_QC_Templates": [
              "Succeeded"
            ]
          },
          "metadata": {
            "operationMetadataId": "f5b80198-460a-49b8-81d9-b036a146699a"
          },
          "type": "OpenApiConnection",
          "inputs": {
            "host": {
              "connectionName": "shared_commondataserviceforapps",
              "operationId": "ListRecords",
              "apiId": "/providers/Microsoft.PowerApps/apis/shared_commondataserviceforapps"
            },
            "parameters": {
              "entityName": "mib_ambraqcforms",
              "fetchXml": "<fetch version=\"1.0\" output-format=\"xml-platform\" mapping=\"logical\" distinct=\"false\">\n  <entity name=\"mib_ambraqcform\">\n    <attribute name=\"mib_ambraqcformid\" />\n    <attribute name=\"mib_name\" />\n    <attribute name=\"createdon\" />\n    <order attribute=\"mib_name\" descending=\"false\" />\n    <filter type=\"and\">\n      <condition attribute=\"mib_linkedtostudy\" operator=\"eq\" value=\"1\" />\n    </filter>\n  </entity>\n</fetch>"
            },
            "authentication": "@parameters('$authentication')"
          }
        },
        "Initialize_variable_temp": {
          "runAfter": {
            "Initialize_variable_-_Distinct_QC_Template_Array": [
              "Succeeded"
            ]
          },
          "metadata": {
            "operationMetadataId": "c067b5b4-f2a2-42e3-a8d4-00243a45c489"
          },
          "type": "InitializeVariable",
          "inputs": {
            "variables": [
              {
                "name": "temp",
                "type": "integer",
                "value": 0
              }
            ]
          }
        },
        "Initialize_variable_Array_Increment": {
          "runAfter": {
            "Initialize_variable_temp": [
              "Succeeded"
            ]
          },
          "metadata": {
            "operationMetadataId": "911a9252-dc3a-429d-80a5-9cacab816583"
          },
          "type": "InitializeVariable",
          "inputs": {
            "variables": [
              {
                "name": "Array Increment",
                "type": "integer",
                "value": 0
              }
            ]
          }
        },
        "Apply_to_each_Ambra_QC_form_(Linked_To_Study_yes)": {
          "foreach": "@outputs('List_rows_-_Ambra_QC_Forms_(Linked_To_Study_yes)')?['body/value']",
          "actions": {
            "Filter_array": {
              "runAfter": {},
              "metadata": {
                "operationMetadataId": "d1d69373-2a3e-496f-be07-cb0972c28180"
              },
              "type": "Query",
              "inputs": {
                "from": "@variables('QC Template Array')",
                "where": "@contains(outputs('Compose_-_Distinct_QC_Templates'), items('Apply_to_each_Ambra_QC_form_(Linked_To_Study_yes)')?['mib_ambraqcformid'])"
              }
            },
            "Condition": {
              "actions": {
                "Update_a_row": {
                  "runAfter": {},
                  "metadata": {
                    "operationMetadataId": "04a7e79b-ffe6-4a88-b19e-3d0c2581bdf4"
                  },
                  "type": "OpenApiConnection",
                  "inputs": {
                    "host": {
                      "connectionName": "shared_commondataserviceforapps",
                      "operationId": "UpdateRecord",
                      "apiId": "/providers/Microsoft.PowerApps/apis/shared_commondataserviceforapps"
                    },
                    "parameters": {
                      "entityName": "mib_ambraqcforms",
                      "recordId": "@items('Apply_to_each_Ambra_QC_form_(Linked_To_Study_yes)')?['mib_ambraqcformid']",
                      "item/mib_linkedtostudy": false
                    },
                    "authentication": "@parameters('$authentication')"
                  }
                }
              },
              "runAfter": {
                "Filter_array": [
                  "Succeeded"
                ]
              },
              "expression": {
                "equals": [
                  "@empty(body('Filter_array'))",
                  "@true"
                ]
              },
              "metadata": {
                "operationMetadataId": "752cc018-0549-456d-ae68-366bdef5b6a7"
              },
              "type": "If"
            }
          },
          "runAfter": {
            "List_rows_-_Ambra_QC_Forms_(Linked_To_Study_yes)": [
              "Succeeded"
            ]
          },
          "metadata": {
            "operationMetadataId": "0542850b-b39e-4e4b-a486-9aae614adc7f"
          },
          "type": "Foreach"
        },
        "Initialize_variable_-_Distinct_QC_Template_Array": {
          "runAfter": {
            "Initialize_variable_-_QC_Template_Array": [
              "Succeeded"
            ]
          },
          "metadata": {
            "operationMetadataId": "619cb1ea-dfe1-468e-b92d-69856311381d"
          },
          "type": "InitializeVariable",
          "inputs": {
            "variables": [
              {
                "name": "Distinct QC Template Array",
                "type": "array"
              }
            ]
          }
        }
      },
      "outputs": {}
    }
  },
  "schemaVersion": "1.0.0.0"
}