{
  "properties": {
    "connectionReferences": {
      "shared_commondataserviceforapps": {
        "runtimeSource": "embedded",
        "connection": {
          "connectionReferenceLogicalName": "mib_MicrosoftDataverseMIBAdmin"
        },
        "api": {
          "name": "shared_commondataserviceforapps"
        }
      }
    },
    "definition": {
      "$schema": "https://schema.management.azure.com/providers/Microsoft.Logic/schemas/2016-06-01/workflowdefinition.json#",
      "contentVersion": "1.0.0.0",
      "parameters": {
        "$connections": {
          "defaultValue": {},
          "type": "Object"
        },
        "$authentication": {
          "defaultValue": {},
          "type": "SecureObject"
        }
      },
      "triggers": {
        "When_a_row_is_Updated_in_Study_Configuration": {
          "metadata": {
            "operationMetadataId": "a9e5cee9-d544-41f5-a59c-00bfccba9ecf"
          },
          "type": "OpenApiConnectionWebhook",
          "inputs": {
            "host": {
              "connectionName": "shared_commondataserviceforapps",
              "operationId": "SubscribeWebhookTrigger",
              "apiId": "/providers/Microsoft.PowerApps/apis/shared_commondataserviceforapps"
            },
            "parameters": {
              "subscriptionRequest/message": 3,
              "subscriptionRequest/entityname": "new_studyversion",
              "subscriptionRequest/scope": 4,
              "subscriptionRequest/filteringattributes": "mib_status"
            },
            "authentication": "@parameters('$authentication')"
          }
        }
      },
      "actions": {
        "Condition": {
          "actions": {
            "Get_list_of_rows_from_ARM_table": {
              "runAfter": {},
              "metadata": {
                "operationMetadataId": "3cf7f16a-58d7-419c-ad1c-d74c9c78aedf"
              },
              "type": "OpenApiConnection",
              "inputs": {
                "host": {
                  "connectionName": "shared_commondataserviceforapps",
                  "operationId": "ListRecords",
                  "apiId": "/providers/Microsoft.PowerApps/apis/shared_commondataserviceforapps"
                },
                "parameters": {
                  "entityName": "new_arms",
                  "$filter": "_mib_studyconfiguration_value eq '@{triggerOutputs()?['body/new_studyversionid']}'"
                },
                "authentication": "@parameters('$authentication')"
              }
            },
            "Get_list_of_rows_from_Defined_Visits_table": {
              "runAfter": {
                "Apply_to_each_ARM": [
                  "Succeeded"
                ]
              },
              "metadata": {
                "operationMetadataId": "43c70f2c-4dc9-4bdb-bae5-7bd044923643"
              },
              "type": "OpenApiConnection",
              "inputs": {
                "host": {
                  "connectionName": "shared_commondataserviceforapps",
                  "operationId": "ListRecords",
                  "apiId": "/providers/Microsoft.PowerApps/apis/shared_commondataserviceforapps"
                },
                "parameters": {
                  "entityName": "mib_definedvisitses",
                  "$filter": "_mib_studyconfiguration_value eq '@{triggerOutputs()?['body/new_studyversionid']}'"
                },
                "authentication": "@parameters('$authentication')"
              }
            },
            "Apply_to_each_ARM": {
              "foreach": "@outputs('Get_list_of_rows_from_ARM_table')?['body/value']",
              "actions": {
                "Update_associated_ARM_record_status_to_Inactive": {
                  "runAfter": {},
                  "metadata": {
                    "operationMetadataId": "4a2fa79b-dff1-4b0c-893d-7861c78c0010"
                  },
                  "type": "OpenApiConnection",
                  "inputs": {
                    "host": {
                      "connectionName": "shared_commondataserviceforapps",
                      "operationId": "UpdateRecord",
                      "apiId": "/providers/Microsoft.PowerApps/apis/shared_commondataserviceforapps"
                    },
                    "parameters": {
                      "entityName": "new_arms",
                      "recordId": "@items('Apply_to_each_ARM')?['new_armid']",
                      "item/statecode": 1
                    },
                    "authentication": "@parameters('$authentication')"
                  }
                }
              },
              "runAfter": {
                "Get_list_of_rows_from_ARM_table": [
                  "Succeeded"
                ]
              },
              "metadata": {
                "operationMetadataId": "3c84cbb2-4996-4edb-aef4-9d99dce0600f"
              },
              "type": "Foreach"
            },
            "Apply_to_each_Defined_Visit": {
              "foreach": "@outputs('Get_list_of_rows_from_Defined_Visits_table')?['body/value']",
              "actions": {
                "Update_associated_Defined_Visits_record_status_to_Inactive": {
                  "runAfter": {},
                  "metadata": {
                    "operationMetadataId": "f8bf959c-b928-483f-a73a-36e11df6b46a"
                  },
                  "type": "OpenApiConnection",
                  "inputs": {
                    "host": {
                      "connectionName": "shared_commondataserviceforapps",
                      "operationId": "UpdateRecord",
                      "apiId": "/providers/Microsoft.PowerApps/apis/shared_commondataserviceforapps"
                    },
                    "parameters": {
                      "entityName": "mib_definedvisitses",
                      "recordId": "@items('Apply_to_each_Defined_Visit')?['mib_definedvisitsid']",
                      "item/statecode": 1
                    },
                    "authentication": "@parameters('$authentication')"
                  }
                }
              },
              "runAfter": {
                "Get_list_of_rows_from_Defined_Visits_table": [
                  "Succeeded"
                ]
              },
              "metadata": {
                "operationMetadataId": "51840763-0f60-4ff5-b37b-b047fec34e44"
              },
              "type": "Foreach"
            },
            "Get_List_of_rows_from_MAS_Configuration": {
              "runAfter": {
                "Apply_to_each_Defined_Visit": [
                  "Succeeded"
                ]
              },
              "metadata": {
                "operationMetadataId": "bf5013c4-1a0f-471d-b08c-bd86b22dc317"
              },
              "type": "OpenApiConnection",
              "inputs": {
                "host": {
                  "connectionName": "shared_commondataserviceforapps",
                  "operationId": "ListRecords",
                  "apiId": "/providers/Microsoft.PowerApps/apis/shared_commondataserviceforapps"
                },
                "parameters": {
                  "entityName": "mib_masconfigurations",
                  "$filter": "_mib_studyconfiguration_value eq '@{triggerOutputs()?['body/new_studyversionid']}'"
                },
                "authentication": "@parameters('$authentication')"
              }
            },
            "Apply_to_each_MAS_Configuration": {
              "foreach": "@outputs('Get_List_of_rows_from_MAS_Configuration')?['body/value']",
              "actions": {
                "Update_associated_MAS_Configuration_record_status_to_Inactive": {
                  "runAfter": {},
                  "metadata": {
                    "operationMetadataId": "2e644a9e-971c-43cb-bb3f-76b62111ba90"
                  },
                  "type": "OpenApiConnection",
                  "inputs": {
                    "host": {
                      "connectionName": "shared_commondataserviceforapps",
                      "operationId": "UpdateRecord",
                      "apiId": "/providers/Microsoft.PowerApps/apis/shared_commondataserviceforapps"
                    },
                    "parameters": {
                      "entityName": "mib_masconfigurations",
                      "recordId": "@items('Apply_to_each_MAS_Configuration')?['mib_masconfigurationid']",
                      "item/statecode": 1
                    },
                    "authentication": "@parameters('$authentication')"
                  }
                }
              },
              "runAfter": {
                "Get_List_of_rows_from_MAS_Configuration": [
                  "Succeeded"
                ]
              },
              "metadata": {
                "operationMetadataId": "29b620af-f515-4657-a3b7-a778ad8ed436"
              },
              "type": "Foreach"
            },
            "Get_List_of_rows_from_ARM_Visits": {
              "runAfter": {
                "Apply_to_each_MAS_Configuration": [
                  "Succeeded"
                ]
              },
              "metadata": {
                "operationMetadataId": "636e06fa-fb9f-4dac-b11d-30bfe573c688"
              },
              "type": "OpenApiConnection",
              "inputs": {
                "host": {
                  "connectionName": "shared_commondataserviceforapps",
                  "operationId": "ListRecords",
                  "apiId": "/providers/Microsoft.PowerApps/apis/shared_commondataserviceforapps"
                },
                "parameters": {
                  "entityName": "mib_expectedarmvisits",
                  "$filter": "_mib_studyconfiguration_value eq '@{triggerOutputs()?['body/new_studyversionid']}'"
                },
                "authentication": "@parameters('$authentication')"
              }
            },
            "Apply_to_each_ARM_Visit": {
              "foreach": "@outputs('Get_List_of_rows_from_ARM_Visits')?['body/value']",
              "actions": {
                "Update_associated_ARM_Visit_record_status_to_Inactive": {
                  "runAfter": {},
                  "metadata": {
                    "operationMetadataId": "eae409c2-89f9-4311-9e7c-fbb29dcde23e"
                  },
                  "type": "OpenApiConnection",
                  "inputs": {
                    "host": {
                      "connectionName": "shared_commondataserviceforapps",
                      "operationId": "UpdateRecord",
                      "apiId": "/providers/Microsoft.PowerApps/apis/shared_commondataserviceforapps"
                    },
                    "parameters": {
                      "entityName": "mib_expectedarmvisits",
                      "recordId": "@items('Apply_to_each_ARM_Visit')?['mib_expectedarmvisitid']",
                      "item/statecode": 1
                    },
                    "authentication": "@parameters('$authentication')"
                  }
                },
                "Get_List_of_rows_from_ARM_Visits_Image_Definition": {
                  "runAfter": {
                    "Update_associated_ARM_Visit_record_status_to_Inactive": [
                      "Succeeded"
                    ]
                  },
                  "metadata": {
                    "operationMetadataId": "636e06fa-fb9f-4dac-b11d-30bfe573c688"
                  },
                  "type": "OpenApiConnection",
                  "inputs": {
                    "host": {
                      "connectionName": "shared_commondataserviceforapps",
                      "operationId": "ListRecords",
                      "apiId": "/providers/Microsoft.PowerApps/apis/shared_commondataserviceforapps"
                    },
                    "parameters": {
                      "entityName": "mib_armvisitmasconfigurations",
                      "$filter": "_mib_armvisit_value eq '@{items('Apply_to_each_ARM_Visit')?['mib_expectedarmvisitid']}'"
                    },
                    "authentication": "@parameters('$authentication')"
                  }
                },
                "Apply_to_each_ARM_Visits_Image_Definition": {
                  "foreach": "@outputs('Get_List_of_rows_from_ARM_Visits_Image_Definition')?['body/value']",
                  "actions": {
                    "Update_associated_ARM_Visit_Image_Definition_record_status_to_Inactive": {
                      "runAfter": {},
                      "metadata": {
                        "operationMetadataId": "eae409c2-89f9-4311-9e7c-fbb29dcde23e"
                      },
                      "type": "OpenApiConnection",
                      "inputs": {
                        "host": {
                          "connectionName": "shared_commondataserviceforapps",
                          "operationId": "UpdateRecord",
                          "apiId": "/providers/Microsoft.PowerApps/apis/shared_commondataserviceforapps"
                        },
                        "parameters": {
                          "entityName": "mib_armvisitmasconfigurations",
                          "recordId": "@items('Apply_to_each_ARM_Visits_Image_Definition')?['mib_armvisitmasconfigurationid']",
                          "item/statecode": 1
                        },
                        "authentication": "@parameters('$authentication')"
                      }
                    }
                  },
                  "runAfter": {
                    "Get_List_of_rows_from_ARM_Visits_Image_Definition": [
                      "Succeeded"
                    ]
                  },
                  "metadata": {
                    "operationMetadataId": "6d5db389-d174-4f7c-8718-c4fbfdb30453"
                  },
                  "type": "Foreach"
                }
              },
              "runAfter": {
                "Get_List_of_rows_from_ARM_Visits": [
                  "Succeeded"
                ]
              },
              "metadata": {
                "operationMetadataId": "aa958bc8-3bf3-4b76-87d8-70765de36522"
              },
              "type": "Foreach"
            },
            "Get_List_of_rows_from_QC_Configuration_(Process_Library)": {
              "runAfter": {
                "Apply_to_each_ARM_Visit": [
                  "Succeeded"
                ]
              },
              "metadata": {
                "operationMetadataId": "0811bf53-2587-45c9-b4c5-ad7f2b3af16a"
              },
              "type": "OpenApiConnection",
              "inputs": {
                "host": {
                  "connectionName": "shared_commondataserviceforapps",
                  "operationId": "ListRecords",
                  "apiId": "/providers/Microsoft.PowerApps/apis/shared_commondataserviceforapps"
                },
                "parameters": {
                  "entityName": "mib_processlibraries",
                  "$filter": "_mib_studyconfiguration_value eq '@{triggerOutputs()?['body/new_studyversionid']}'"
                },
                "authentication": "@parameters('$authentication')"
              }
            },
            "Apply_to_each_QC_Configuration_(Process_Library)": {
              "foreach": "@outputs('Get_List_of_rows_from_QC_Configuration_(Process_Library)')?['body/value']",
              "actions": {
                "Update_associated_QC_Configuration(Process_Library)_record_status_to_Inactive": {
                  "runAfter": {},
                  "metadata": {
                    "operationMetadataId": "646b78c5-960e-4b13-9f32-ffafb8ebd0c0"
                  },
                  "type": "OpenApiConnection",
                  "inputs": {
                    "host": {
                      "connectionName": "shared_commondataserviceforapps",
                      "operationId": "UpdateRecord",
                      "apiId": "/providers/Microsoft.PowerApps/apis/shared_commondataserviceforapps"
                    },
                    "parameters": {
                      "entityName": "mib_processlibraries",
                      "recordId": "@items('Apply_to_each_QC_Configuration_(Process_Library)')?['mib_processlibraryid']",
                      "item/statecode": 1
                    },
                    "authentication": "@parameters('$authentication')"
                  }
                },
                "Get_List_of_rows_from_QC_Configuration_(Process_Library_-_Routing_rule)_": {
                  "runAfter": {
                    "Update_associated_QC_Configuration(Process_Library)_record_status_to_Inactive": [
                      "Succeeded"
                    ]
                  },
                  "metadata": {
                    "operationMetadataId": "442ce2d6-643e-4e48-ad76-828d270badbf"
                  },
                  "type": "OpenApiConnection",
                  "inputs": {
                    "host": {
                      "connectionName": "shared_commondataserviceforapps",
                      "operationId": "ListRecords",
                      "apiId": "/providers/Microsoft.PowerApps/apis/shared_commondataserviceforapps"
                    },
                    "parameters": {
                      "entityName": "mib_processconfiglibraries",
                      "$filter": "_mib_processlibrary_value eq '@{outputs('Update_associated_QC_Configuration(Process_Library)_record_status_to_Inactive')?['body/mib_processlibraryid']}'"
                    },
                    "authentication": "@parameters('$authentication')"
                  }
                },
                "Apply_to_each_QC_Configuration_(Process_Library_-_Routing_rule)": {
                  "foreach": "@outputs('Get_List_of_rows_from_QC_Configuration_(Process_Library_-_Routing_rule)_')?['body/value']",
                  "actions": {
                    "Update_associated_Routing_rule_record_status_to_Inactive": {
                      "runAfter": {},
                      "metadata": {
                        "operationMetadataId": "6f63640b-0d1c-4e48-a740-986bc4c23fa0"
                      },
                      "type": "OpenApiConnection",
                      "inputs": {
                        "host": {
                          "connectionName": "shared_commondataserviceforapps",
                          "operationId": "UpdateRecord",
                          "apiId": "/providers/Microsoft.PowerApps/apis/shared_commondataserviceforapps"
                        },
                        "parameters": {
                          "entityName": "mib_processconfiglibraries",
                          "recordId": "@items('Apply_to_each_QC_Configuration_(Process_Library_-_Routing_rule)')?['mib_processconfiglibraryid']",
                          "item/statecode": 1
                        },
                        "authentication": "@parameters('$authentication')"
                      }
                    }
                  },
                  "runAfter": {
                    "Get_List_of_rows_from_QC_Configuration_(Process_Library_-_Routing_rule)_": [
                      "Succeeded"
                    ]
                  },
                  "metadata": {
                    "operationMetadataId": "2aedbf94-4d04-490c-871c-b028cf710a79"
                  },
                  "type": "Foreach"
                }
              },
              "runAfter": {
                "Get_List_of_rows_from_QC_Configuration_(Process_Library)": [
                  "Succeeded"
                ]
              },
              "metadata": {
                "operationMetadataId": "358ba5bc-e0a2-4884-8680-121742c63234"
              },
              "type": "Foreach"
            },
            "Get_List_of_rows_from_QC_Configuration_(QC_task_assignment)_": {
              "runAfter": {
                "Apply_to_each_QC_Configuration_(Process_Library)": [
                  "Succeeded"
                ]
              },
              "metadata": {
                "operationMetadataId": "526d58ad-6d6b-4ce5-8b46-13d6715e74ea"
              },
              "type": "OpenApiConnection",
              "inputs": {
                "host": {
                  "connectionName": "shared_commondataserviceforapps",
                  "operationId": "ListRecords",
                  "apiId": "/providers/Microsoft.PowerApps/apis/shared_commondataserviceforapps"
                },
                "parameters": {
                  "entityName": "mib_qctaskassignments",
                  "$filter": "_mib_studyconfiguration_value eq '@{triggerOutputs()?['body/new_studyversionid']}'"
                },
                "authentication": "@parameters('$authentication')"
              }
            },
            "Apply_to_each_QC_Configuration_(QC_task_assignment)": {
              "foreach": "@outputs('Get_List_of_rows_from_QC_Configuration_(QC_task_assignment)_')?['body/value']",
              "actions": {
                "Update_associated_QC_Configuration(QC_task_assignment)_record_status_to_Inactive": {
                  "runAfter": {},
                  "metadata": {
                    "operationMetadataId": "fcb1fcb1-961f-4878-af3c-12882cb0ecb7"
                  },
                  "type": "OpenApiConnection",
                  "inputs": {
                    "host": {
                      "connectionName": "shared_commondataserviceforapps",
                      "operationId": "UpdateRecord",
                      "apiId": "/providers/Microsoft.PowerApps/apis/shared_commondataserviceforapps"
                    },
                    "parameters": {
                      "entityName": "mib_qctaskassignments",
                      "recordId": "@items('Apply_to_each_QC_Configuration_(QC_task_assignment)')?['mib_qctaskassignmentid']",
                      "item/statecode": 1
                    },
                    "authentication": "@parameters('$authentication')"
                  }
                }
              },
              "runAfter": {
                "Get_List_of_rows_from_QC_Configuration_(QC_task_assignment)_": [
                  "Succeeded"
                ]
              },
              "metadata": {
                "operationMetadataId": "25b94002-c028-4b78-979a-f588e7598df6"
              },
              "type": "Foreach"
            },
            "Get_List_of_rows_from_Expected_Visit_Schedule": {
              "runAfter": {
                "Apply_to_each_QC_Configuration_(QC_task_assignment)": [
                  "Succeeded"
                ]
              },
              "metadata": {
                "operationMetadataId": "4330c380-9c11-4e44-9295-8bc86bbbcf71"
              },
              "type": "OpenApiConnection",
              "inputs": {
                "host": {
                  "connectionName": "shared_commondataserviceforapps",
                  "operationId": "ListRecords",
                  "apiId": "/providers/Microsoft.PowerApps/apis/shared_commondataserviceforapps"
                },
                "parameters": {
                  "entityName": "mib_expectedvisitschedules",
                  "$filter": "_mib_studyconfiguration_value eq '@{triggerOutputs()?['body/new_studyversionid']}'"
                },
                "authentication": "@parameters('$authentication')"
              }
            },
            "Update_associated_expected_visit_schedule_record_status_to_Inactive": {
              "foreach": "@outputs('Get_List_of_rows_from_Expected_Visit_Schedule')?['body/value']",
              "actions": {
                "Update_associated_Expected_Visit_Schedule_record_status_to_Inactive_2": {
                  "runAfter": {},
                  "metadata": {
                    "operationMetadataId": "19e0a22a-0635-4eae-88bd-18aa7dfb65c2"
                  },
                  "type": "OpenApiConnection",
                  "inputs": {
                    "host": {
                      "connectionName": "shared_commondataserviceforapps",
                      "operationId": "UpdateRecord",
                      "apiId": "/providers/Microsoft.PowerApps/apis/shared_commondataserviceforapps"
                    },
                    "parameters": {
                      "entityName": "mib_expectedvisitschedules",
                      "recordId": "@items('Update_associated_expected_visit_schedule_record_status_to_Inactive')?['mib_expectedvisitscheduleid']",
                      "item/statecode": 1
                    },
                    "authentication": "@parameters('$authentication')"
                  }
                }
              },
              "runAfter": {
                "Get_List_of_rows_from_Expected_Visit_Schedule": [
                  "Succeeded"
                ]
              },
              "metadata": {
                "operationMetadataId": "15a35d7a-2667-468e-9d1e-f8e17284fd83"
              },
              "type": "Foreach"
            },
            "Get_List_of_rows_from_Anonymized_tags": {
              "runAfter": {
                "Update_associated_expected_visit_schedule_record_status_to_Inactive": [
                  "Succeeded"
                ]
              },
              "metadata": {
                "operationMetadataId": "4330c380-9c11-4e44-9295-8bc86bbbcf71"
              },
              "type": "OpenApiConnection",
              "inputs": {
                "host": {
                  "connectionName": "shared_commondataserviceforapps",
                  "operationId": "ListRecords",
                  "apiId": "/providers/Microsoft.PowerApps/apis/shared_commondataserviceforapps"
                },
                "parameters": {
                  "entityName": "mib_anonymizeddicomtagses",
                  "$filter": "_mib_studyconfiguration_value eq '@{triggerOutputs()?['body/new_studyversionid']}'"
                },
                "authentication": "@parameters('$authentication')"
              }
            },
            "Update_associated_Anonymized_or_Blinded_DICOM_tags_record_status_to_Inactive": {
              "foreach": "@outputs('Get_List_of_rows_from_Anonymized_tags')?['body/value']",
              "actions": {
                "Update_associated_Expected_Visit_Schedule_record_status_to_Inactive_4": {
                  "runAfter": {},
                  "metadata": {
                    "operationMetadataId": "19e0a22a-0635-4eae-88bd-18aa7dfb65c2"
                  },
                  "type": "OpenApiConnection",
                  "inputs": {
                    "host": {
                      "connectionName": "shared_commondataserviceforapps",
                      "operationId": "UpdateRecord",
                      "apiId": "/providers/Microsoft.PowerApps/apis/shared_commondataserviceforapps"
                    },
                    "parameters": {
                      "entityName": "mib_anonymizeddicomtagses",
                      "recordId": "@items('Update_associated_Anonymized_or_Blinded_DICOM_tags_record_status_to_Inactive')?['mib_anonymizeddicomtagsid']",
                      "item/statecode": 1
                    },
                    "authentication": "@parameters('$authentication')"
                  }
                }
              },
              "runAfter": {
                "Get_List_of_rows_from_Anonymized_tags": [
                  "Succeeded"
                ]
              },
              "metadata": {
                "operationMetadataId": "2397ef3e-640b-406d-8a4b-47ddcac4c78c"
              },
              "type": "Foreach"
            },
            "Get_List_of_rows_from_Custom_Fields_Definition": {
              "runAfter": {
                "Update_associated_Anonymized_or_Blinded_DICOM_tags_record_status_to_Inactive": [
                  "Succeeded"
                ]
              },
              "metadata": {
                "operationMetadataId": "8a9026ec-4d7b-4446-8310-9a9803d7d558"
              },
              "type": "OpenApiConnection",
              "inputs": {
                "host": {
                  "connectionName": "shared_commondataserviceforapps",
                  "operationId": "ListRecords",
                  "apiId": "/providers/Microsoft.PowerApps/apis/shared_commondataserviceforapps"
                },
                "parameters": {
                  "entityName": "mib_studyconfigurationcustomfieldses",
                  "$filter": "_mib_studyconfiguration_value eq '@{triggerOutputs()?['body/new_studyversionid']}'"
                },
                "authentication": "@parameters('$authentication')"
              }
            },
            "Apply_to_each_Custom_Fields_Definition": {
              "foreach": "@outputs('Get_List_of_rows_from_Custom_Fields_Definition')?['body/value']",
              "actions": {
                "Update_an_associated_Custom_Fields_Definition_record_to_Inactive": {
                  "runAfter": {},
                  "metadata": {
                    "operationMetadataId": "18ebf36e-7be3-4f0f-aadc-b862ba7fa9cf"
                  },
                  "type": "OpenApiConnection",
                  "inputs": {
                    "host": {
                      "connectionName": "shared_commondataserviceforapps",
                      "operationId": "UpdateRecord",
                      "apiId": "/providers/Microsoft.PowerApps/apis/shared_commondataserviceforapps"
                    },
                    "parameters": {
                      "entityName": "mib_studyconfigurationcustomfieldses",
                      "recordId": "@items('Apply_to_each_Custom_Fields_Definition')?['mib_studyconfigurationcustomfieldsid']",
                      "item/statecode": 1
                    },
                    "authentication": "@parameters('$authentication')"
                  }
                }
              },
              "runAfter": {
                "Get_List_of_rows_from_Custom_Fields_Definition": [
                  "Succeeded"
                ]
              },
              "metadata": {
                "operationMetadataId": "9cd42fc1-0cea-416d-8998-4edfb2efb968"
              },
              "type": "Foreach"
            }
          },
          "runAfter": {},
          "else": {
            "actions": {
              "Get_list_of_rows_from_ARM_table_2": {
                "runAfter": {},
                "metadata": {
                  "operationMetadataId": "e5b94350-2e48-4bbf-9cc8-c5da68dcb397"
                },
                "type": "OpenApiConnection",
                "inputs": {
                  "host": {
                    "connectionName": "shared_commondataserviceforapps",
                    "operationId": "ListRecords",
                    "apiId": "/providers/Microsoft.PowerApps/apis/shared_commondataserviceforapps"
                  },
                  "parameters": {
                    "entityName": "new_arms",
                    "$filter": "_mib_studyconfiguration_value eq '@{triggerOutputs()?['body/new_studyversionid']}'"
                  },
                  "authentication": "@parameters('$authentication')"
                }
              },
              "Apply_to_each_ARM_2": {
                "foreach": "@outputs('Get_list_of_rows_from_ARM_table_2')?['body/value']",
                "actions": {
                  "Update_associated_ARM_record_status_to_Active": {
                    "runAfter": {},
                    "metadata": {
                      "operationMetadataId": "66069fc0-d16a-47a7-b174-01627464b2ae"
                    },
                    "type": "OpenApiConnection",
                    "inputs": {
                      "host": {
                        "connectionName": "shared_commondataserviceforapps",
                        "operationId": "UpdateRecord",
                        "apiId": "/providers/Microsoft.PowerApps/apis/shared_commondataserviceforapps"
                      },
                      "parameters": {
                        "entityName": "new_arms",
                        "recordId": "@items('Apply_to_each_ARM_2')?['new_armid']",
                        "item/statecode": 0
                      },
                      "authentication": "@parameters('$authentication')"
                    }
                  }
                },
                "runAfter": {
                  "Get_list_of_rows_from_ARM_table_2": [
                    "Succeeded"
                  ]
                },
                "metadata": {
                  "operationMetadataId": "36424642-f9ac-40cb-ab8e-ec1b570f02d4"
                },
                "type": "Foreach"
              },
              "Get_list_of_rows_from_Defined_Visits_table_2": {
                "runAfter": {
                  "Apply_to_each_ARM_2": [
                    "Succeeded"
                  ]
                },
                "metadata": {
                  "operationMetadataId": "fed9c3df-2c06-4026-9dee-66c2cf2593fd"
                },
                "type": "OpenApiConnection",
                "inputs": {
                  "host": {
                    "connectionName": "shared_commondataserviceforapps",
                    "operationId": "ListRecords",
                    "apiId": "/providers/Microsoft.PowerApps/apis/shared_commondataserviceforapps"
                  },
                  "parameters": {
                    "entityName": "mib_definedvisitses",
                    "$filter": "_mib_studyconfiguration_value eq '@{triggerOutputs()?['body/new_studyversionid']}'"
                  },
                  "authentication": "@parameters('$authentication')"
                }
              },
              "Apply_to_each_Defined_Visit_2": {
                "foreach": "@outputs('Get_list_of_rows_from_Defined_Visits_table_2')?['body/value']",
                "actions": {
                  "Update_associated_Defined_Visits_record_status_to_Active": {
                    "runAfter": {},
                    "metadata": {
                      "operationMetadataId": "e192f5b7-6fee-4922-9fb1-6aad2f9d7500"
                    },
                    "type": "OpenApiConnection",
                    "inputs": {
                      "host": {
                        "connectionName": "shared_commondataserviceforapps",
                        "operationId": "UpdateRecord",
                        "apiId": "/providers/Microsoft.PowerApps/apis/shared_commondataserviceforapps"
                      },
                      "parameters": {
                        "entityName": "mib_definedvisitses",
                        "recordId": "@items('Apply_to_each_Defined_Visit_2')?['mib_definedvisitsid']",
                        "item/statecode": 0
                      },
                      "authentication": "@parameters('$authentication')"
                    }
                  }
                },
                "runAfter": {
                  "Get_list_of_rows_from_Defined_Visits_table_2": [
                    "Succeeded"
                  ]
                },
                "metadata": {
                  "operationMetadataId": "c4f48830-c934-47b3-9d43-cbf0e0ce986b"
                },
                "type": "Foreach"
              },
              "Get_List_of_rows_from_MAS_Configuration_2": {
                "runAfter": {
                  "Apply_to_each_Defined_Visit_2": [
                    "Succeeded"
                  ]
                },
                "metadata": {
                  "operationMetadataId": "286f6a7f-9c86-4777-9895-a3c994856d03"
                },
                "type": "OpenApiConnection",
                "inputs": {
                  "host": {
                    "connectionName": "shared_commondataserviceforapps",
                    "operationId": "ListRecords",
                    "apiId": "/providers/Microsoft.PowerApps/apis/shared_commondataserviceforapps"
                  },
                  "parameters": {
                    "entityName": "mib_masconfigurations",
                    "$filter": "_mib_studyconfiguration_value eq '@{triggerOutputs()?['body/new_studyversionid']}'"
                  },
                  "authentication": "@parameters('$authentication')"
                }
              },
              "Apply_to_each_MAS_Configuration_2": {
                "foreach": "@outputs('Get_List_of_rows_from_MAS_Configuration_2')?['body/value']",
                "actions": {
                  "Update_associated_MAS_Configuration_record_status_to_Active": {
                    "runAfter": {},
                    "metadata": {
                      "operationMetadataId": "ed56cdff-651f-4b80-af84-bca7cb052d71"
                    },
                    "type": "OpenApiConnection",
                    "inputs": {
                      "host": {
                        "connectionName": "shared_commondataserviceforapps",
                        "operationId": "UpdateRecord",
                        "apiId": "/providers/Microsoft.PowerApps/apis/shared_commondataserviceforapps"
                      },
                      "parameters": {
                        "entityName": "mib_masconfigurations",
                        "recordId": "@items('Apply_to_each_MAS_Configuration_2')?['mib_masconfigurationid']",
                        "item/statecode": 0
                      },
                      "authentication": "@parameters('$authentication')"
                    }
                  }
                },
                "runAfter": {
                  "Get_List_of_rows_from_MAS_Configuration_2": [
                    "Succeeded"
                  ]
                },
                "metadata": {
                  "operationMetadataId": "245ec5f9-06ed-4af0-b738-c05754cb3f6e"
                },
                "type": "Foreach"
              },
              "Get_List_of_rows_from_ARM_Visits_2": {
                "runAfter": {
                  "Apply_to_each_MAS_Configuration_2": [
                    "Succeeded"
                  ]
                },
                "metadata": {
                  "operationMetadataId": "0e8767ce-e34d-4a5f-87a4-e0b539d4ac04"
                },
                "type": "OpenApiConnection",
                "inputs": {
                  "host": {
                    "connectionName": "shared_commondataserviceforapps",
                    "operationId": "ListRecords",
                    "apiId": "/providers/Microsoft.PowerApps/apis/shared_commondataserviceforapps"
                  },
                  "parameters": {
                    "entityName": "mib_expectedarmvisits",
                    "$filter": "_mib_studyconfiguration_value eq '@{triggerOutputs()?['body/new_studyversionid']}'"
                  },
                  "authentication": "@parameters('$authentication')"
                }
              },
              "Apply_to_each_ARM_Visit_2": {
                "foreach": "@outputs('Get_List_of_rows_from_ARM_Visits_2')?['body/value']",
                "actions": {
                  "Update_associated_ARM_Visit_record_status_to_Active": {
                    "runAfter": {},
                    "metadata": {
                      "operationMetadataId": "632e4275-33a6-4f52-bd2c-a7571be4a7a1"
                    },
                    "type": "OpenApiConnection",
                    "inputs": {
                      "host": {
                        "connectionName": "shared_commondataserviceforapps",
                        "operationId": "UpdateRecord",
                        "apiId": "/providers/Microsoft.PowerApps/apis/shared_commondataserviceforapps"
                      },
                      "parameters": {
                        "entityName": "mib_expectedarmvisits",
                        "recordId": "@items('Apply_to_each_ARM_Visit_2')?['mib_expectedarmvisitid']",
                        "item/statecode": 0
                      },
                      "authentication": "@parameters('$authentication')"
                    }
                  },
                  "Get_List_of_rows_from_ARM_Visits_Image_Definition_2": {
                    "runAfter": {
                      "Update_associated_ARM_Visit_record_status_to_Active": [
                        "Succeeded"
                      ]
                    },
                    "metadata": {
                      "operationMetadataId": "636e06fa-fb9f-4dac-b11d-30bfe573c688"
                    },
                    "type": "OpenApiConnection",
                    "inputs": {
                      "host": {
                        "connectionName": "shared_commondataserviceforapps",
                        "operationId": "ListRecords",
                        "apiId": "/providers/Microsoft.PowerApps/apis/shared_commondataserviceforapps"
                      },
                      "parameters": {
                        "entityName": "mib_armvisitmasconfigurations",
                        "$filter": "_mib_armvisit_value eq '@{items('Apply_to_each_ARM_Visit_2')?['mib_expectedarmvisitid']}'"
                      },
                      "authentication": "@parameters('$authentication')"
                    }
                  },
                  "Apply_to_each_ARM_Visits_Image_Definition_2": {
                    "foreach": "@outputs('Get_List_of_rows_from_ARM_Visits_Image_Definition_2')?['body/value']",
                    "actions": {
                      "Update_associated_ARM_Visit_Image_Definition_record_status_to_Active": {
                        "runAfter": {},
                        "metadata": {
                          "operationMetadataId": "eae409c2-89f9-4311-9e7c-fbb29dcde23e"
                        },
                        "type": "OpenApiConnection",
                        "inputs": {
                          "host": {
                            "connectionName": "shared_commondataserviceforapps",
                            "operationId": "UpdateRecord",
                            "apiId": "/providers/Microsoft.PowerApps/apis/shared_commondataserviceforapps"
                          },
                          "parameters": {
                            "entityName": "mib_armvisitmasconfigurations",
                            "recordId": "@items('Apply_to_each_ARM_Visits_Image_Definition_2')?['mib_armvisitmasconfigurationid']",
                            "item/statecode": 0
                          },
                          "authentication": "@parameters('$authentication')"
                        }
                      }
                    },
                    "runAfter": {
                      "Get_List_of_rows_from_ARM_Visits_Image_Definition_2": [
                        "Succeeded"
                      ]
                    },
                    "metadata": {
                      "operationMetadataId": "ac3160b2-4cad-4487-8fc5-2e66aed1e024"
                    },
                    "type": "Foreach"
                  }
                },
                "runAfter": {
                  "Get_List_of_rows_from_ARM_Visits_2": [
                    "Succeeded"
                  ]
                },
                "metadata": {
                  "operationMetadataId": "09294076-956d-417c-839d-4d9c31fd8f41"
                },
                "type": "Foreach"
              },
              "Get_List_of_rows_from_QC_Form_2": {
                "runAfter": {
                  "Apply_to_each_ARM_Visit_2": [
                    "Succeeded"
                  ]
                },
                "metadata": {
                  "operationMetadataId": "a93eff1e-bc68-4503-9858-4aea70610d46"
                },
                "type": "OpenApiConnection",
                "inputs": {
                  "host": {
                    "connectionName": "shared_commondataserviceforapps",
                    "operationId": "ListRecords",
                    "apiId": "/providers/Microsoft.PowerApps/apis/shared_commondataserviceforapps"
                  },
                  "parameters": {
                    "entityName": "mib_ambraqcforms",
                    "$filter": "_mib_studyconfiguration_value eq '@{triggerOutputs()?['body/new_studyversionid']}'"
                  },
                  "authentication": "@parameters('$authentication')"
                }
              },
              "Apply_to_each_Ambra_QC_Form_2": {
                "foreach": "@outputs('Get_List_of_rows_from_QC_Form_2')?['body/value']",
                "actions": {
                  "Update_associated_Ambra_QC_Form_record_status_to_Active": {
                    "runAfter": {},
                    "metadata": {
                      "operationMetadataId": "ae6b80d0-0b5f-4496-9642-614541695604"
                    },
                    "type": "OpenApiConnection",
                    "inputs": {
                      "host": {
                        "connectionName": "shared_commondataserviceforapps",
                        "operationId": "UpdateRecord",
                        "apiId": "/providers/Microsoft.PowerApps/apis/shared_commondataserviceforapps"
                      },
                      "parameters": {
                        "entityName": "mib_ambraqcforms",
                        "recordId": "@items('Apply_to_each_Ambra_QC_Form_2')?['mib_ambraqcformid']",
                        "item/statecode": 0
                      },
                      "authentication": "@parameters('$authentication')"
                    }
                  }
                },
                "runAfter": {
                  "Get_List_of_rows_from_QC_Form_2": [
                    "Succeeded"
                  ]
                },
                "metadata": {
                  "operationMetadataId": "f842a7fd-f518-4824-95a6-2422d9e4e479"
                },
                "type": "Foreach"
              },
              "Get_List_of_rows_from_QC_Configuration_(Process_Library)_2": {
                "runAfter": {
                  "Apply_to_each_Ambra_QC_Form_2": [
                    "Succeeded"
                  ]
                },
                "metadata": {
                  "operationMetadataId": "bb4c6b7b-6642-4361-9908-6fcea50040f4"
                },
                "type": "OpenApiConnection",
                "inputs": {
                  "host": {
                    "connectionName": "shared_commondataserviceforapps",
                    "operationId": "ListRecords",
                    "apiId": "/providers/Microsoft.PowerApps/apis/shared_commondataserviceforapps"
                  },
                  "parameters": {
                    "entityName": "mib_processlibraries",
                    "$filter": "_mib_studyconfiguration_value eq '@{triggerOutputs()?['body/new_studyversionid']}'"
                  },
                  "authentication": "@parameters('$authentication')"
                }
              },
              "Apply_to_each_QC_Configuration_(Process_Library)_2": {
                "foreach": "@outputs('Get_List_of_rows_from_QC_Configuration_(Process_Library)_2')?['body/value']",
                "actions": {
                  "Update_associated_QC_Configuration(Process_Library)_record_status_to_Active_2": {
                    "runAfter": {},
                    "metadata": {
                      "operationMetadataId": "cec4f562-c1f5-4765-9656-7c83b91eeeec"
                    },
                    "type": "OpenApiConnection",
                    "inputs": {
                      "host": {
                        "connectionName": "shared_commondataserviceforapps",
                        "operationId": "UpdateRecord",
                        "apiId": "/providers/Microsoft.PowerApps/apis/shared_commondataserviceforapps"
                      },
                      "parameters": {
                        "entityName": "mib_processlibraries",
                        "recordId": "@items('Apply_to_each_QC_Configuration_(Process_Library)_2')?['mib_processlibraryid']",
                        "item/statecode": 0
                      },
                      "authentication": "@parameters('$authentication')"
                    }
                  },
                  "Get_List_of_rows_from_QC_Configuration_(Process_Library_-_Routing_rule)__2": {
                    "runAfter": {
                      "Update_associated_QC_Configuration(Process_Library)_record_status_to_Active_2": [
                        "Succeeded"
                      ]
                    },
                    "metadata": {
                      "operationMetadataId": "a9f6d5cd-5d57-4605-a6e9-f9bc352d5660"
                    },
                    "type": "OpenApiConnection",
                    "inputs": {
                      "host": {
                        "connectionName": "shared_commondataserviceforapps",
                        "operationId": "ListRecords",
                        "apiId": "/providers/Microsoft.PowerApps/apis/shared_commondataserviceforapps"
                      },
                      "parameters": {
                        "entityName": "mib_processconfiglibraries",
                        "$filter": "_mib_processlibrary_value eq '@{outputs('Update_associated_QC_Configuration(Process_Library)_record_status_to_Active_2')?['body/mib_processlibraryid']}'"
                      },
                      "authentication": "@parameters('$authentication')"
                    }
                  },
                  "Apply_to_each_QC_Configuration_(Process_Library_-_Routing_rule)_2": {
                    "foreach": "@outputs('Get_List_of_rows_from_QC_Configuration_(Process_Library_-_Routing_rule)__2')?['body/value']",
                    "actions": {
                      "Update_associated_Routing_rule_record_status_to_Active": {
                        "runAfter": {},
                        "metadata": {
                          "operationMetadataId": "1d52cf21-1781-4505-b03c-568c89b24f15"
                        },
                        "type": "OpenApiConnection",
                        "inputs": {
                          "host": {
                            "connectionName": "shared_commondataserviceforapps",
                            "operationId": "UpdateRecord",
                            "apiId": "/providers/Microsoft.PowerApps/apis/shared_commondataserviceforapps"
                          },
                          "parameters": {
                            "entityName": "mib_processconfiglibraries",
                            "recordId": "@items('Apply_to_each_QC_Configuration_(Process_Library_-_Routing_rule)_2')?['mib_processconfiglibraryid']",
                            "item/statecode": 0
                          },
                          "authentication": "@parameters('$authentication')"
                        }
                      }
                    },
                    "runAfter": {
                      "Get_List_of_rows_from_QC_Configuration_(Process_Library_-_Routing_rule)__2": [
                        "Succeeded"
                      ]
                    },
                    "metadata": {
                      "operationMetadataId": "c88e8c33-697f-43a8-952c-6092f512d5b7"
                    },
                    "type": "Foreach"
                  }
                },
                "runAfter": {
                  "Get_List_of_rows_from_QC_Configuration_(Process_Library)_2": [
                    "Succeeded"
                  ]
                },
                "metadata": {
                  "operationMetadataId": "ad2f9bbf-6637-4269-ae3d-bf1e4325cb23"
                },
                "type": "Foreach"
              },
              "Get_List_of_rows_from_QC_Configuration_(QC_task_assignment)__2": {
                "runAfter": {
                  "Apply_to_each_QC_Configuration_(Process_Library)_2": [
                    "Succeeded"
                  ]
                },
                "metadata": {
                  "operationMetadataId": "8f1be5e5-3df7-4890-8884-39b05a96cdb8"
                },
                "type": "OpenApiConnection",
                "inputs": {
                  "host": {
                    "connectionName": "shared_commondataserviceforapps",
                    "operationId": "ListRecords",
                    "apiId": "/providers/Microsoft.PowerApps/apis/shared_commondataserviceforapps"
                  },
                  "parameters": {
                    "entityName": "mib_qctaskassignments",
                    "$filter": "_mib_studyconfiguration_value eq '@{triggerOutputs()?['body/new_studyversionid']}'"
                  },
                  "authentication": "@parameters('$authentication')"
                }
              },
              "Apply_to_each_QC_Configuration_(QC_task_assignment)_2": {
                "foreach": "@outputs('Get_List_of_rows_from_QC_Configuration_(QC_task_assignment)__2')?['body/value']",
                "actions": {
                  "Update_associated_QC_Configuration(QC_task_assignment)_record_status_to_Active": {
                    "runAfter": {},
                    "metadata": {
                      "operationMetadataId": "c292f598-d720-4421-ae0b-6ce51fdf0f31"
                    },
                    "type": "OpenApiConnection",
                    "inputs": {
                      "host": {
                        "connectionName": "shared_commondataserviceforapps",
                        "operationId": "UpdateRecord",
                        "apiId": "/providers/Microsoft.PowerApps/apis/shared_commondataserviceforapps"
                      },
                      "parameters": {
                        "entityName": "mib_qctaskassignments",
                        "recordId": "@items('Apply_to_each_QC_Configuration_(QC_task_assignment)_2')?['mib_qctaskassignmentid']",
                        "item/statecode": 0
                      },
                      "authentication": "@parameters('$authentication')"
                    }
                  }
                },
                "runAfter": {
                  "Get_List_of_rows_from_QC_Configuration_(QC_task_assignment)__2": [
                    "Succeeded"
                  ]
                },
                "metadata": {
                  "operationMetadataId": "9678ee78-87d0-4242-8b4f-54cb59c04920"
                },
                "type": "Foreach"
              },
              "Get_List_of_rows_from_Expected_Visit_Schedule_2": {
                "runAfter": {
                  "Apply_to_each_QC_Configuration_(QC_task_assignment)_2": [
                    "Succeeded"
                  ]
                },
                "metadata": {
                  "operationMetadataId": "6ac25617-960c-4427-a633-25d9b3974f9e"
                },
                "type": "OpenApiConnection",
                "inputs": {
                  "host": {
                    "connectionName": "shared_commondataserviceforapps",
                    "operationId": "ListRecords",
                    "apiId": "/providers/Microsoft.PowerApps/apis/shared_commondataserviceforapps"
                  },
                  "parameters": {
                    "entityName": "mib_expectedvisitschedules",
                    "$filter": "_mib_studyconfiguration_value eq '@{triggerOutputs()?['body/new_studyversionid']}'"
                  },
                  "authentication": "@parameters('$authentication')"
                }
              },
              "Apply_to_each_expected_visit_schedule_2": {
                "foreach": "@outputs('Get_List_of_rows_from_Expected_Visit_Schedule_2')?['body/value']",
                "actions": {
                  "Update_associated_expected_visit_schedule_record_status_to_Active_2": {
                    "runAfter": {},
                    "metadata": {
                      "operationMetadataId": "6da92a1d-db95-4895-a174-f97645202f5b"
                    },
                    "type": "OpenApiConnection",
                    "inputs": {
                      "host": {
                        "connectionName": "shared_commondataserviceforapps",
                        "operationId": "UpdateRecord",
                        "apiId": "/providers/Microsoft.PowerApps/apis/shared_commondataserviceforapps"
                      },
                      "parameters": {
                        "entityName": "mib_expectedvisitschedules",
                        "recordId": "@items('Apply_to_each_expected_visit_schedule_2')?['mib_expectedvisitscheduleid']",
                        "item/statecode": 0
                      },
                      "authentication": "@parameters('$authentication')"
                    }
                  }
                },
                "runAfter": {
                  "Get_List_of_rows_from_Expected_Visit_Schedule_2": [
                    "Succeeded"
                  ]
                },
                "metadata": {
                  "operationMetadataId": "6136fc2a-c0af-4ab7-b8ec-78b6ef9cdfdf"
                },
                "type": "Foreach"
              },
              "Get_List_of_rows_from_Anonymized_DICOM_tags": {
                "runAfter": {
                  "Apply_to_each_expected_visit_schedule_2": [
                    "Succeeded"
                  ]
                },
                "metadata": {
                  "operationMetadataId": "6ac25617-960c-4427-a633-25d9b3974f9e"
                },
                "type": "OpenApiConnection",
                "inputs": {
                  "host": {
                    "connectionName": "shared_commondataserviceforapps",
                    "operationId": "ListRecords",
                    "apiId": "/providers/Microsoft.PowerApps/apis/shared_commondataserviceforapps"
                  },
                  "parameters": {
                    "entityName": "mib_anonymizeddicomtagses",
                    "$filter": "_mib_studyconfiguration_value eq '@{triggerOutputs()?['body/new_studyversionid']}'"
                  },
                  "authentication": "@parameters('$authentication')"
                }
              },
              "Apply_to_each_Anonymized_DICOM_tags": {
                "foreach": "@outputs('Get_List_of_rows_from_Anonymized_DICOM_tags')?['body/value']",
                "actions": {
                  "Update_associated_expected_visit_schedule_record_status_to_Active": {
                    "runAfter": {},
                    "metadata": {
                      "operationMetadataId": "6da92a1d-db95-4895-a174-f97645202f5b"
                    },
                    "type": "OpenApiConnection",
                    "inputs": {
                      "host": {
                        "connectionName": "shared_commondataserviceforapps",
                        "operationId": "UpdateRecord",
                        "apiId": "/providers/Microsoft.PowerApps/apis/shared_commondataserviceforapps"
                      },
                      "parameters": {
                        "entityName": "mib_anonymizeddicomtagses",
                        "recordId": "@items('Apply_to_each_Anonymized_DICOM_tags')?['mib_anonymizeddicomtagsid']",
                        "item/statecode": 0
                      },
                      "authentication": "@parameters('$authentication')"
                    }
                  }
                },
                "runAfter": {
                  "Get_List_of_rows_from_Anonymized_DICOM_tags": [
                    "Succeeded"
                  ]
                },
                "metadata": {
                  "operationMetadataId": "e46a7b29-3bda-4cf5-aaac-63f8d7df49b5"
                },
                "type": "Foreach"
              },
              "Get_List_of_rows_from_Custom_Fields_Definition_2": {
                "runAfter": {
                  "Apply_to_each_Anonymized_DICOM_tags": [
                    "Succeeded"
                  ]
                },
                "metadata": {
                  "operationMetadataId": "740ee671-eb54-4209-9c52-42fb189e1497"
                },
                "type": "OpenApiConnection",
                "inputs": {
                  "host": {
                    "connectionName": "shared_commondataserviceforapps",
                    "operationId": "ListRecords",
                    "apiId": "/providers/Microsoft.PowerApps/apis/shared_commondataserviceforapps"
                  },
                  "parameters": {
                    "entityName": "mib_studyconfigurationcustomfieldses",
                    "$filter": "_mib_studyconfiguration_value eq '@{triggerOutputs()?['body/new_studyversionid']}'"
                  },
                  "authentication": "@parameters('$authentication')"
                }
              },
              "Apply_to_each_Custom_Fields_Definition_2": {
                "foreach": "@outputs('Get_List_of_rows_from_Custom_Fields_Definition_2')?['body/value']",
                "actions": {
                  "Update_an_associated_Custom_Fields_Definition_record_to_Inactive_2": {
                    "runAfter": {},
                    "metadata": {
                      "operationMetadataId": "498cbcec-afe0-417a-b386-37be2541337c"
                    },
                    "type": "OpenApiConnection",
                    "inputs": {
                      "host": {
                        "connectionName": "shared_commondataserviceforapps",
                        "operationId": "UpdateRecord",
                        "apiId": "/providers/Microsoft.PowerApps/apis/shared_commondataserviceforapps"
                      },
                      "parameters": {
                        "entityName": "mib_studyconfigurationcustomfieldses",
                        "recordId": "@items('Apply_to_each_Custom_Fields_Definition_2')?['mib_studyconfigurationcustomfieldsid']",
                        "item/statecode": 0
                      },
                      "authentication": "@parameters('$authentication')"
                    }
                  }
                },
                "runAfter": {
                  "Get_List_of_rows_from_Custom_Fields_Definition_2": [
                    "Succeeded"
                  ]
                },
                "metadata": {
                  "operationMetadataId": "43e584cf-87cc-402b-b105-072f40499927"
                },
                "type": "Foreach"
              }
            }
          },
          "expression": {
            "or": [
              {
                "equals": [
                  "@triggerOutputs()?['body/mib_status']",
                  2
                ]
              },
              {
                "equals": [
                  "@triggerOutputs()?['body/mib_status']",
                  6
                ]
              }
            ]
          },
          "metadata": {
            "operationMetadataId": "29e05a33-050f-4bd6-a06c-170ea60e1e7c"
          },
          "type": "If"
        }
      },
      "outputs": {}
    }
  },
  "schemaVersion": "1.0.0.0"
}