{
  "properties": {
    "connectionReferences": {
      "shared_commondataserviceforapps": {
        "runtimeSource": "embedded",
        "connection": {},
        "api": {
          "name": "shared_commondataserviceforapps"
        }
      }
    },
    "definition": {
      "$schema": "https://schema.management.azure.com/providers/Microsoft.Logic/schemas/2016-06-01/workflowdefinition.json#",
      "contentVersion": "1.0.0.0",
      "parameters": {
        "$connections": {
          "defaultValue": {},
          "type": "Object"
        },
        "$authentication": {
          "defaultValue": {},
          "type": "SecureObject"
        }
      },
      "triggers": {
        "When_a_row_is_added,_modified_or_deleted": {
          "metadata": {
            "operationMetadataId": "b39152ec-f457-43aa-8881-453f0c7bbb97"
          },
          "type": "OpenApiConnectionWebhook",
          "inputs": {
            "host": {
              "connectionName": "shared_commondataserviceforapps",
              "operationId": "SubscribeWebhookTrigger",
              "apiId": "/providers/Microsoft.PowerApps/apis/shared_commondataserviceforapps"
            },
            "parameters": {
              "subscriptionRequest/message": 3,
              "subscriptionRequest/entityname": "cr6ee_studysite",
              "subscriptionRequest/scope": 4,
              "subscriptionRequest/filteringattributes": "mib_softdelete"
            },
            "authentication": "@parameters('$authentication')"
          }
        }
      },
      "actions": {
        "List_rows_of_studies": {
          "runAfter": {
            "Initialize_variable": [
              "Succeeded"
            ]
          },
          "metadata": {
            "operationMetadataId": "0a4d7489-1b86-4f47-bec2-e01b927cd6a5"
          },
          "type": "OpenApiConnection",
          "inputs": {
            "host": {
              "connectionName": "shared_commondataserviceforapps",
              "operationId": "ListRecords",
              "apiId": "/providers/Microsoft.PowerApps/apis/shared_commondataserviceforapps"
            },
            "parameters": {
              "entityName": "new_studies",
              "fetchXml": "<fetch version=\"1.0\" output-format=\"xml-platform\" mapping=\"logical\" distinct=\"true\">\n  <entity name=\"new_study\">\n    <attribute name=\"new_studyid\" />\n    <attribute name=\"new_name\" />\n    <attribute name=\"createdon\" />\n    <order attribute=\"new_name\" descending=\"false\" />\n    <link-entity name=\"cr6ee_studysite\" from=\"new_study\" to=\"new_studyid\" link-type=\"inner\" alias=\"aq\">\n      <filter type=\"and\">\n        <condition attribute=\"mib_softdelete\" operator=\"eq\" value=\"0\" />\n      </filter>\n      <link-entity name=\"new_site\" from=\"new_siteid\" to=\"new_site\" link-type=\"inner\" alias=\"ar\">\n        <filter type=\"and\">\n          <condition attribute=\"new_siteid\" operator=\"eq\" value='@{triggerOutputs()?['body/_new_site_value']}'/>\n        </filter>\n      </link-entity>\n    </link-entity>\n  </entity>\n</fetch>"
            },
            "authentication": "@parameters('$authentication')"
          }
        },
        "Condition": {
          "actions": {
            "Set_variable": {
              "runAfter": {},
              "metadata": {
                "operationMetadataId": "a49bf6d2-a8e3-493c-8c00-9893fa5c9299"
              },
              "type": "SetVariable",
              "inputs": {
                "name": "Study Count",
                "value": "@length(body('List_rows_of_studies')?['value'])"
              }
            },
            "Update_a_row": {
              "runAfter": {
                "Set_variable": [
                  "Succeeded"
                ]
              },
              "metadata": {
                "operationMetadataId": "538b07ec-1405-4caa-bf5a-479e46eb2f41"
              },
              "type": "OpenApiConnection",
              "inputs": {
                "host": {
                  "connectionName": "shared_commondataserviceforapps",
                  "operationId": "UpdateRecord",
                  "apiId": "/providers/Microsoft.PowerApps/apis/shared_commondataserviceforapps"
                },
                "parameters": {
                  "entityName": "new_sites",
                  "recordId": "@triggerOutputs()?['body/_new_site_value']",
                  "item/cr420_studycount": "@variables('Study Count')"
                },
                "authentication": "@parameters('$authentication')"
              }
            }
          },
          "runAfter": {
            "Compose": [
              "Succeeded"
            ]
          },
          "else": {
            "actions": {
              "Set_variable_2": {
                "runAfter": {},
                "metadata": {
                  "operationMetadataId": "37fbf0f3-a454-4cbe-8fde-aac516459ca1"
                },
                "type": "SetVariable",
                "inputs": {
                  "name": "Study Count",
                  "value": 0
                }
              },
              "Update_a_row_2": {
                "runAfter": {
                  "Set_variable_2": [
                    "Succeeded"
                  ]
                },
                "metadata": {
                  "operationMetadataId": "6668da33-2e05-4018-a753-1c932dfd353c"
                },
                "type": "OpenApiConnection",
                "inputs": {
                  "host": {
                    "connectionName": "shared_commondataserviceforapps",
                    "operationId": "UpdateRecord",
                    "apiId": "/providers/Microsoft.PowerApps/apis/shared_commondataserviceforapps"
                  },
                  "parameters": {
                    "entityName": "new_sites",
                    "recordId": "@triggerOutputs()?['body/_new_site_value']",
                    "item/cr420_studycount": "@variables('Study Count')"
                  },
                  "authentication": "@parameters('$authentication')"
                }
              }
            }
          },
          "expression": {
            "greater": [
              "@length(body('List_rows_of_studies')?['value'])",
              0
            ]
          },
          "metadata": {
            "operationMetadataId": "e11aac4e-0c58-4f8d-aba7-cbf6565d84df"
          },
          "type": "If"
        },
        "Initialize_variable": {
          "runAfter": {},
          "metadata": {
            "operationMetadataId": "8fac7c14-ddfb-4daf-87e2-77517018ec08"
          },
          "type": "InitializeVariable",
          "inputs": {
            "variables": [
              {
                "name": "Study Count",
                "type": "integer",
                "value": 0
              }
            ]
          }
        },
        "Compose": {
          "runAfter": {
            "List_rows_of_studies": [
              "Succeeded"
            ]
          },
          "metadata": {
            "operationMetadataId": "a959a41b-e99b-48f6-8151-5080cec477e4"
          },
          "type": "Compose",
          "inputs": "@length(body('List_rows_of_studies')?['value'])"
        }
      },
      "outputs": {}
    }
  },
  "schemaVersion": "1.0.0.0"
}