{
  "properties": {
    "connectionReferences": {
      "shared_commondataserviceforapps": {
        "runtimeSource": "embedded",
        "connection": {
          "connectionReferenceLogicalName": "mib_MicrosoftDataverseMIBAdmin"
        },
        "api": {
          "name": "shared_commondataserviceforapps"
        }
      },
      "shared_commondataserviceforapps_1": {
        "runtimeSource": "embedded",
        "connection": {
          "connectionReferenceLogicalName": "mib_MicrosoftDataverseMIBAdmin"
        },
        "api": {
          "name": "shared_commondataserviceforapps"
        }
      }
    },
    "definition": {
      "$schema": "https://schema.management.azure.com/providers/Microsoft.Logic/schemas/2016-06-01/workflowdefinition.json#",
      "contentVersion": "1.0.0.0",
      "parameters": {
        "$connections": {
          "defaultValue": {},
          "type": "Object"
        },
        "$authentication": {
          "defaultValue": {},
          "type": "SecureObject"
        }
      },
      "triggers": {
        "manual": {
          "metadata": {
            "operationMetadataId": "207a7eba-d304-4c2d-b1b4-3c2296adf037"
          },
          "type": "Request",
          "kind": "Button",
          "inputs": {
            "schema": {
              "type": "object",
              "properties": {
                "text": {
                  "title": "uuid",
                  "type": "string",
                  "x-ms-dynamically-added": true,
                  "description": "uuid",
                  "x-ms-content-hint": "TEXT"
                },
                "text_1": {
                  "title": "Service_Url",
                  "type": "string",
                  "x-ms-dynamically-added": true,
                  "description": "Service_Url",
                  "x-ms-content-hint": "TEXT"
                },
                "text_2": {
                  "title": "UserName",
                  "type": "string",
                  "x-ms-dynamically-added": true,
                  "description": "UserName",
                  "x-ms-content-hint": "TEXT"
                },
                "text_3": {
                  "title": "Password",
                  "type": "string",
                  "x-ms-dynamically-added": true,
                  "description": "Password",
                  "x-ms-content-hint": "TEXT"
                },
                "text_4": {
                  "title": "Study GUID",
                  "type": "string",
                  "x-ms-dynamically-added": true,
                  "description": "Study GUID",
                  "x-ms-content-hint": "TEXT"
                },
                "text_5": {
                  "title": "TIMS",
                  "type": "string",
                  "x-ms-dynamically-added": true,
                  "description": "TIMS",
                  "x-ms-content-hint": "TEXT"
                },
                "text_6": {
                  "title": "Title",
                  "type": "string",
                  "x-ms-dynamically-added": true,
                  "description": "Title",
                  "x-ms-content-hint": "TEXT"
                },
                "text_7": {
                  "title": "TIMS Custom field UUID",
                  "type": "string",
                  "x-ms-dynamically-added": true,
                  "description": "TIMS Custom field UUID",
                  "x-ms-content-hint": "TEXT"
                },
                "boolean": {
                  "title": "Is Retry",
                  "type": "boolean",
                  "x-ms-dynamically-added": true,
                  "description": "Is Retry",
                  "x-ms-content-hint": "BOOLEAN"
                },
                "text_8": {
                  "title": "ECC queue record GUID",
                  "type": "string",
                  "x-ms-dynamically-added": true,
                  "description": "ECC queue record GUID",
                  "x-ms-content-hint": "TEXT"
                }
              },
              "required": [
                "text",
                "text_1",
                "text_2",
                "text_3",
                "text_4",
                "text_5",
                "text_6",
                "text_7",
                "boolean",
                "text_8"
              ]
            }
          }
        }
      },
      "actions": {
        "Add_a_ECC_Record_for_Message_Type:_AmbraAddGlobalStudySessionAPI": {
          "runAfter": {
            "Get_Study": [
              "Succeeded"
            ]
          },
          "metadata": {
            "operationMetadataId": "90cc26b6-d71a-4f9b-93fe-2c1a1fe8acc8"
          },
          "type": "OpenApiConnection",
          "inputs": {
            "host": {
              "connectionName": "shared_commondataserviceforapps",
              "operationId": "CreateRecord",
              "apiId": "/providers/Microsoft.PowerApps/apis/shared_commondataserviceforapps"
            },
            "parameters": {
              "entityName": "mib_eccqueues",
              "item/mib_createddatetime": "@utcNow()",
              "item/mib_direction": 913380001,
              "item/mib_integrationmessagetype": 25,
              "item/mib_name": "Update Study - @{triggerBody()['text_5']}",
              "item/mib_requestfor": 913380001,
              "item/mib_state": 913380004
            },
            "authentication": {
              "type": "Raw",
              "value": "@json(decodeBase64(triggerOutputs().headers['X-MS-APIM-Tokens']))['$ConnectionKey']"
            }
          }
        },
        "HTTP_-_sessionlogin": {
          "runAfter": {
            "Add_a_ECC_Record_for_Message_Type:_AmbraAddGlobalStudySessionAPI": [
              "Succeeded"
            ]
          },
          "metadata": {
            "operationMetadataId": "17aa6e13-105e-4bb9-892d-1d6ec7565471"
          },
          "type": "Http",
          "inputs": {
            "method": "POST",
            "uri": "@{triggerBody()['text_1']}/api/v3/session/login",
            "headers": {
              "Content-Type": "application/x-www-form-urlencoded"
            },
            "body": "login=@{triggerBody()['text_2']}&password=@{triggerBody()['text_3']}"
          }
        },
        "Parse_JSON": {
          "runAfter": {
            "Condition_to_update_ECC_record_when_success": [
              "Succeeded"
            ]
          },
          "metadata": {
            "operationMetadataId": "98e77af2-614f-4f30-91d7-47411874ad72"
          },
          "type": "ParseJson",
          "inputs": {
            "content": "@body('HTTP_-_sessionlogin')",
            "schema": {
              "type": "object",
              "properties": {
                "sid": {
                  "type": "string"
                }
              }
            }
          }
        },
        "Add_a_ECC_Record_for_Message_Type:_AmbraAddGlobalStudyAddAccountAPI": {
          "runAfter": {
            "Parse_JSON": [
              "Succeeded"
            ]
          },
          "metadata": {
            "operationMetadataId": "c414e340-494c-4ee1-89b3-64c65c818c25"
          },
          "type": "OpenApiConnection",
          "inputs": {
            "host": {
              "connectionName": "shared_commondataserviceforapps",
              "operationId": "CreateRecord",
              "apiId": "/providers/Microsoft.PowerApps/apis/shared_commondataserviceforapps"
            },
            "parameters": {
              "entityName": "mib_eccqueues",
              "item/mib_createddatetime": "@utcNow()",
              "item/mib_direction": 913380001,
              "item/mib_integrationmessagetype": 26,
              "item/mib_name": "Update Study - @{triggerBody()['text_5']}",
              "item/mib_requestfor": 913380004,
              "item/mib_state": 913380004
            },
            "authentication": {
              "type": "Raw",
              "value": "@json(decodeBase64(triggerOutputs().headers['X-MS-APIM-Tokens']))['$ConnectionKey']"
            }
          }
        },
        "HTTP_-_Update_Study": {
          "runAfter": {
            "Condition_to_check_the_Status_2": [
              "Skipped"
            ]
          },
          "metadata": {
            "operationMetadataId": "b12d6ec5-b364-48a4-8597-3f984da0f236"
          },
          "type": "Http",
          "inputs": {
            "method": "POST",
            "uri": "@{triggerBody()['text_1']}/api/v3/account/set",
            "headers": {
              "Content-Type": "application/x-www-form-urlencoded"
            },
            "body": "sid=@{body('Parse_JSON')?['sid']}&uuid=@{triggerBody()['text']}&name=@{triggerBody()['text_6']}"
          }
        },
        "Update_ECC_Record_for_Message_Type_:_AmbraAddGlobalStudyAddAccountAPI": {
          "runAfter": {
            "Set_variable_4": [
              "Skipped"
            ]
          },
          "metadata": {
            "operationMetadataId": "e0474e3a-af7c-42d2-a56f-0c88d606b3b7"
          },
          "type": "OpenApiConnection",
          "inputs": {
            "host": {
              "connectionName": "shared_commondataserviceforapps",
              "operationId": "UpdateRecord",
              "apiId": "/providers/Microsoft.PowerApps/apis/shared_commondataserviceforapps"
            },
            "parameters": {
              "entityName": "mib_eccqueues",
              "recordId": "@outputs('Add_a_ECC_Record_for_Message_Type:_AmbraAddGlobalStudyAddAccountAPI')?['body/mib_eccqueueid']",
              "item/mib_body": "@body('HTTP_-_Update_Study')",
              "item/mib_headers": "@outputs('HTTP_-_Update_Study')['headers']",
              "item/mib_method": "POST",
              "item/mib_processeddatetime": "@utcNow()",
              "item/mib_state": 913380002
            },
            "authentication": {
              "type": "Raw",
              "value": "@json(decodeBase64(triggerOutputs().headers['X-MS-APIM-Tokens']))['$ConnectionKey']"
            }
          }
        },
        "Condition_to_check_the_Status": {
          "actions": {
            "Update_Study_with_error_Status": {
              "runAfter": {},
              "metadata": {
                "operationMetadataId": "41afd217-e3cd-47a4-b92d-6e747d682375"
              },
              "type": "OpenApiConnection",
              "inputs": {
                "host": {
                  "connectionName": "shared_commondataserviceforapps",
                  "operationId": "UpdateRecord",
                  "apiId": "/providers/Microsoft.PowerApps/apis/shared_commondataserviceforapps"
                },
                "parameters": {
                  "entityName": "new_studies",
                  "recordId": "@triggerBody()['text_4']",
                  "item/mib_status": "@{variables('BODY STATUS')} - @{variables('BODY ERROR-TYPE')}",
                  "item/mib_flowstate": 913380001
                },
                "authentication": {
                  "type": "Raw",
                  "value": "@json(decodeBase64(triggerOutputs().headers['X-MS-APIM-Tokens']))['$ConnectionKey']"
                }
              }
            },
            "Return_to_caller_2": {
              "runAfter": {
                "Condition_3": [
                  "Succeeded"
                ]
              },
              "metadata": {
                "operationMetadataId": "692d0433-40aa-4270-863a-f23365a32765"
              },
              "type": "Response",
              "kind": "PowerApp",
              "inputs": {
                "statusCode": 200,
                "body": {
                  "status": "500"
                },
                "schema": {
                  "type": "object",
                  "properties": {
                    "status": {
                      "title": "Status",
                      "x-ms-dynamically-added": true,
                      "type": "string"
                    }
                  }
                }
              }
            },
            "Terminate_2": {
              "runAfter": {
                "Return_to_caller_2": [
                  "Succeeded"
                ]
              },
              "metadata": {
                "operationMetadataId": "8a9dd7e3-8111-438d-8bc5-744cff83466c"
              },
              "type": "Terminate",
              "inputs": {
                "runStatus": "Failed"
              }
            },
            "Condition_3": {
              "actions": {},
              "runAfter": {
                "Update_Study_with_error_Status": [
                  "Succeeded"
                ]
              },
              "else": {
                "actions": {
                  "Update_ECC_Retry_Record_-_Integration_Failed_2": {
                    "runAfter": {},
                    "metadata": {
                      "operationMetadataId": "b19a8344-597c-4c02-8ba2-9b519994a85f"
                    },
                    "type": "OpenApiConnection",
                    "inputs": {
                      "host": {
                        "connectionName": "shared_commondataserviceforapps_1",
                        "operationId": "UpdateRecord",
                        "apiId": "/providers/Microsoft.PowerApps/apis/shared_commondataserviceforapps"
                      },
                      "parameters": {
                        "entityName": "mib_eccqueues",
                        "recordId": "@outputs('Update_Study_with_error_Status')?['body/mib_eccqueuerecordguid']",
                        "item/mib_status": "Study creation failed",
                        "item/mib_flowstate": 913380001,
                        "item/mib_isretry": "@triggerBody()['boolean']",
                        "item/mib_processeddatetime": "@utcNow()",
                        "item/mib_relatedrecord_new_study@odata.bind": "/new_studies/@{triggerBody()['text_4']}",
                        "item/mib_state": 913380006
                      },
                      "authentication": {
                        "type": "Raw",
                        "value": "@json(decodeBase64(triggerOutputs().headers['X-MS-APIM-Tokens']))['$ConnectionKey']"
                      }
                    }
                  }
                }
              },
              "expression": {
                "equals": [
                  "@empty(outputs('Update_Study_with_error_Status')?['body/mib_eccqueuerecordguid'])",
                  "@true"
                ]
              },
              "metadata": {
                "operationMetadataId": "aa0a5180-09e6-47c4-bd43-3bf69f232754"
              },
              "type": "If"
            }
          },
          "runAfter": {
            "Update_ECC_Record_for_Message_Type_:_AmbraAddGlobalStudyAddAccountAPI": [
              "Succeeded",
              "Failed",
              "Skipped",
              "TimedOut"
            ]
          },
          "else": {
            "actions": {
              "Update_a_row": {
                "runAfter": {},
                "metadata": {
                  "operationMetadataId": "2cf2f711-2684-4518-b1fa-b178752f2de6"
                },
                "type": "OpenApiConnection",
                "inputs": {
                  "host": {
                    "connectionName": "shared_commondataserviceforapps",
                    "operationId": "UpdateRecord",
                    "apiId": "/providers/Microsoft.PowerApps/apis/shared_commondataserviceforapps"
                  },
                  "parameters": {
                    "entityName": "new_studies",
                    "recordId": "@triggerBody()['text_4']",
                    "item/mib_status": "In Sync",
                    "item/mib_flowstate": 913380001
                  },
                  "authentication": {
                    "type": "Raw",
                    "value": "@json(decodeBase64(triggerOutputs().headers['X-MS-APIM-Tokens']))['$ConnectionKey']"
                  }
                }
              },
              "Condition_4": {
                "actions": {},
                "runAfter": {
                  "Update_a_row": [
                    "Succeeded"
                  ]
                },
                "else": {
                  "actions": {
                    "Update_ECC_Retry_Record_-_Integration_Successful_2": {
                      "runAfter": {},
                      "metadata": {
                        "operationMetadataId": "b19a8344-597c-4c02-8ba2-9b519994a85f"
                      },
                      "type": "OpenApiConnection",
                      "inputs": {
                        "host": {
                          "connectionName": "shared_commondataserviceforapps_1",
                          "operationId": "UpdateRecord",
                          "apiId": "/providers/Microsoft.PowerApps/apis/shared_commondataserviceforapps"
                        },
                        "parameters": {
                          "entityName": "mib_eccqueues",
                          "recordId": "@outputs('Update_a_row')?['body/mib_eccqueuerecordguid']",
                          "item/mib_status": "Study is successfully created",
                          "item/mib_flowstate": 913380001,
                          "item/mib_isretry": "@triggerBody()['boolean']",
                          "item/mib_processeddatetime": "@utcNow()",
                          "item/mib_relatedrecord_new_study@odata.bind": "/new_studies/@{triggerBody()['text_4']}",
                          "item/mib_state": 913380002
                        },
                        "authentication": {
                          "type": "Raw",
                          "value": "@json(decodeBase64(triggerOutputs().headers['X-MS-APIM-Tokens']))['$ConnectionKey']"
                        }
                      }
                    }
                  }
                },
                "expression": {
                  "equals": [
                    "@empty(outputs('Update_a_row')?['body/mib_eccqueuerecordguid'])",
                    "@true"
                  ]
                },
                "metadata": {
                  "operationMetadataId": "e91d5ad3-03e5-41d5-a628-18a572e50a26"
                },
                "type": "If"
              }
            }
          },
          "expression": {
            "equals": [
              "@toLower(variables('BODY STATUS'))",
              "error"
            ]
          },
          "metadata": {
            "operationMetadataId": "0c8969bc-3c9c-4f1e-9890-b18b7292714c"
          },
          "type": "If"
        },
        "Respond_to_a_PowerApp_or_flow": {
          "runAfter": {
            "Condition_to_update_ECC_record_when_success_2": [
              "Succeeded"
            ]
          },
          "metadata": {
            "operationMetadataId": "c0830197-fc70-44ad-b82f-96e0137bf572"
          },
          "type": "Response",
          "kind": "PowerApp",
          "inputs": {
            "statusCode": 200,
            "body": {
              "status": "200"
            },
            "schema": {
              "type": "object",
              "properties": {
                "status": {
                  "title": "Status",
                  "x-ms-dynamically-added": true,
                  "type": "string"
                }
              }
            }
          }
        },
        "HTTP": {
          "runAfter": {
            "Add_a_ECC_Record_for_Message_Type:_AmbraAddGlobalStudyAddAccountAPI": [
              "Succeeded"
            ]
          },
          "metadata": {
            "operationMetadataId": "d711b5e7-97e6-487b-9325-581e6b37b577"
          },
          "type": "Http",
          "inputs": {
            "method": "POST",
            "uri": "@{triggerBody()['text_1']}/api/v3/customfield/set",
            "headers": {
              "Content-Type": "application/x-www-form-urlencoded"
            },
            "body": "sid=@{body('Parse_JSON')?['sid']}&uuid=@{triggerBody()['text_7']}&options={\"values\":[\"@{triggerBody()['text_5']}\"]}"
          }
        },
        "Initialize_variable_-_BODY_STATUS": {
          "runAfter": {},
          "metadata": {
            "operationMetadataId": "b7d9ad3a-5eff-4e77-b344-b73c7924d498"
          },
          "type": "InitializeVariable",
          "inputs": {
            "variables": [
              {
                "name": "BODY STATUS",
                "type": "string"
              }
            ]
          }
        },
        "Initialize_variable_-_BODY_ERROR-TYPE": {
          "runAfter": {
            "Initialize_variable_-_BODY_STATUS": [
              "Succeeded"
            ]
          },
          "metadata": {
            "operationMetadataId": "8d159383-7b24-4f98-970b-9b9740d20f0b"
          },
          "type": "InitializeVariable",
          "inputs": {
            "variables": [
              {
                "name": "BODY ERROR-TYPE",
                "type": "string"
              }
            ]
          }
        },
        "Failed_Update_ECC_Record_for_Message_Type_:_AmbraAddGlobalStudyAddAccountAPI": {
          "runAfter": {
            "HTTP": [
              "Failed",
              "TimedOut"
            ]
          },
          "metadata": {
            "operationMetadataId": "da20a586-5949-4811-b371-e318a03b829a"
          },
          "type": "OpenApiConnection",
          "inputs": {
            "host": {
              "connectionName": "shared_commondataserviceforapps",
              "operationId": "UpdateRecord",
              "apiId": "/providers/Microsoft.PowerApps/apis/shared_commondataserviceforapps"
            },
            "parameters": {
              "entityName": "mib_eccqueues",
              "recordId": "@outputs('Add_a_ECC_Record_for_Message_Type:_AmbraAddGlobalStudyAddAccountAPI')?['body/mib_eccqueueid']",
              "item/mib_status": "@{body('HTTP')?['status']} - @{body('HTTP')?['error_type']}",
              "item/mib_body": "@body('HTTP')",
              "item/mib_headers": "@outputs('HTTP')['headers']",
              "item/mib_isretry": "@triggerBody()['boolean']",
              "item/mib_method": "POST",
              "item/mib_processeddatetime": "@utcNow()",
              "item/mib_relatedrecord_new_study@odata.bind": "/new_studies/@{triggerBody()['text_4']}",
              "item/mib_state": 913380006
            },
            "authentication": {
              "type": "Raw",
              "value": "@json(decodeBase64(triggerOutputs().headers['X-MS-APIM-Tokens']))['$ConnectionKey']"
            }
          }
        },
        "Set_variable": {
          "runAfter": {
            "Failed_Update_ECC_Record_for_Message_Type_:_AmbraAddGlobalStudyAddAccountAPI": [
              "Succeeded"
            ]
          },
          "metadata": {
            "operationMetadataId": "110777b3-6645-416d-9274-a360b3f1950f"
          },
          "type": "SetVariable",
          "inputs": {
            "name": "BODY STATUS",
            "value": "@{body('HTTP')?['status']}"
          }
        },
        "Set_variable_2": {
          "runAfter": {
            "Set_variable": [
              "Succeeded"
            ]
          },
          "metadata": {
            "operationMetadataId": "b0245072-8528-4dd3-9443-168381a3e320"
          },
          "type": "SetVariable",
          "inputs": {
            "name": "BODY ERROR-TYPE",
            "value": "@{body('HTTP')?['error_type']}"
          }
        },
        "Set_variable_3": {
          "runAfter": {
            "Condition_to_update_ECC_record_when_failed": [
              "Succeeded"
            ]
          },
          "metadata": {
            "operationMetadataId": "b5e7749f-0b1b-4f3f-9372-143ee3e62f5f"
          },
          "type": "SetVariable",
          "inputs": {
            "name": "BODY STATUS",
            "value": "@{body('HTTP_-_Update_Study')?['status']}"
          }
        },
        "Set_variable_4": {
          "runAfter": {
            "Set_variable_3": [
              "Succeeded"
            ]
          },
          "metadata": {
            "operationMetadataId": "54d6a82d-a74b-4217-82c4-4d72d33ee9cd"
          },
          "type": "SetVariable",
          "inputs": {
            "name": "BODY ERROR-TYPE",
            "value": "@{body('HTTP_-_Update_Study')?['error_type']}"
          }
        },
        "Condition_to_check_the_Status_2": {
          "actions": {
            "Update_Study_with_error_Status_2": {
              "runAfter": {},
              "metadata": {
                "operationMetadataId": "d84b6636-fb80-4461-a430-4b80f4fdc712"
              },
              "type": "OpenApiConnection",
              "inputs": {
                "host": {
                  "connectionName": "shared_commondataserviceforapps",
                  "operationId": "UpdateRecord",
                  "apiId": "/providers/Microsoft.PowerApps/apis/shared_commondataserviceforapps"
                },
                "parameters": {
                  "entityName": "new_studies",
                  "recordId": "@triggerBody()['text_4']",
                  "item/mib_status": "@{variables('BODY STATUS')} - @{variables('BODY ERROR-TYPE')}",
                  "item/mib_flowstate": 913380001
                },
                "authentication": {
                  "type": "Raw",
                  "value": "@json(decodeBase64(triggerOutputs().headers['X-MS-APIM-Tokens']))['$ConnectionKey']"
                }
              }
            },
            "Terminate": {
              "runAfter": {
                "Return_to_caller_1": [
                  "Succeeded"
                ]
              },
              "metadata": {
                "operationMetadataId": "4aaad8d2-a313-4199-85a8-bab36061db3b"
              },
              "type": "Terminate",
              "inputs": {
                "runStatus": "Failed"
              }
            },
            "Return_to_caller_1": {
              "runAfter": {
                "Condition": [
                  "Succeeded"
                ]
              },
              "metadata": {
                "operationMetadataId": "675f3911-8327-41f7-8031-cec9341ffd7f"
              },
              "type": "Response",
              "kind": "PowerApp",
              "inputs": {
                "statusCode": 200,
                "body": {
                  "status": "500"
                },
                "schema": {
                  "type": "object",
                  "properties": {
                    "status": {
                      "title": "Status",
                      "x-ms-dynamically-added": true,
                      "type": "string"
                    }
                  }
                }
              }
            },
            "Condition": {
              "actions": {},
              "runAfter": {
                "Update_Study_with_error_Status_2": [
                  "Succeeded"
                ]
              },
              "else": {
                "actions": {
                  "Update_ECC_Retry_Record_-_Integration_Failed": {
                    "runAfter": {},
                    "metadata": {
                      "operationMetadataId": "b19a8344-597c-4c02-8ba2-9b519994a85f"
                    },
                    "type": "OpenApiConnection",
                    "inputs": {
                      "host": {
                        "connectionName": "shared_commondataserviceforapps_1",
                        "operationId": "UpdateRecord",
                        "apiId": "/providers/Microsoft.PowerApps/apis/shared_commondataserviceforapps"
                      },
                      "parameters": {
                        "entityName": "mib_eccqueues",
                        "recordId": "@outputs('Update_Study_with_error_Status_2')?['body/mib_eccqueuerecordguid']",
                        "item/mib_status": "Study creation failed",
                        "item/mib_flowstate": 913380001,
                        "item/mib_isretry": "@triggerBody()['boolean']",
                        "item/mib_processeddatetime": "@utcNow()",
                        "item/mib_relatedrecord_new_study@odata.bind": "/new_studies/@{triggerBody()['text_4']}",
                        "item/mib_state": 913380006
                      },
                      "authentication": {
                        "type": "Raw",
                        "value": "@json(decodeBase64(triggerOutputs().headers['X-MS-APIM-Tokens']))['$ConnectionKey']"
                      }
                    }
                  }
                }
              },
              "expression": {
                "equals": [
                  "@empty(outputs('Update_Study_with_error_Status_2')?['body/mib_eccqueuerecordguid'])",
                  "@true"
                ]
              },
              "metadata": {
                "operationMetadataId": "ff01edd4-ff6b-4246-a3c1-b649e05b8e7e"
              },
              "type": "If"
            }
          },
          "runAfter": {
            "Set_variable_2": [
              "Succeeded"
            ]
          },
          "else": {
            "actions": {
              "Update_a_row_2": {
                "runAfter": {},
                "metadata": {
                  "operationMetadataId": "2b4062b4-f928-4d29-8f14-b97c36e0fac4"
                },
                "type": "OpenApiConnection",
                "inputs": {
                  "host": {
                    "connectionName": "shared_commondataserviceforapps",
                    "operationId": "UpdateRecord",
                    "apiId": "/providers/Microsoft.PowerApps/apis/shared_commondataserviceforapps"
                  },
                  "parameters": {
                    "entityName": "new_studies",
                    "recordId": "@triggerBody()['text_4']",
                    "item/mib_status": "In Sync"
                  },
                  "authentication": {
                    "type": "Raw",
                    "value": "@json(decodeBase64(triggerOutputs().headers['X-MS-APIM-Tokens']))['$ConnectionKey']"
                  }
                }
              },
              "Condition_2": {
                "actions": {},
                "runAfter": {
                  "Update_a_row_2": [
                    "Succeeded"
                  ]
                },
                "else": {
                  "actions": {
                    "Update_ECC_Retry_Record_-_Integration_Successful": {
                      "runAfter": {},
                      "metadata": {
                        "operationMetadataId": "b19a8344-597c-4c02-8ba2-9b519994a85f"
                      },
                      "type": "OpenApiConnection",
                      "inputs": {
                        "host": {
                          "connectionName": "shared_commondataserviceforapps_1",
                          "operationId": "UpdateRecord",
                          "apiId": "/providers/Microsoft.PowerApps/apis/shared_commondataserviceforapps"
                        },
                        "parameters": {
                          "entityName": "mib_eccqueues",
                          "recordId": "@outputs('Update_a_row_2')?['body/mib_eccqueuerecordguid']",
                          "item/mib_status": "Study is successfully created",
                          "item/mib_flowstate": 913380001,
                          "item/mib_isretry": "@triggerBody()['boolean']",
                          "item/mib_processeddatetime": "@utcNow()",
                          "item/mib_relatedrecord_new_study@odata.bind": "/new_studies/@{triggerBody()['text_4']}",
                          "item/mib_state": 913380002
                        },
                        "authentication": {
                          "type": "Raw",
                          "value": "@json(decodeBase64(triggerOutputs().headers['X-MS-APIM-Tokens']))['$ConnectionKey']"
                        }
                      }
                    }
                  }
                },
                "expression": {
                  "equals": [
                    "@empty(outputs('Update_a_row_2')?['body/mib_eccqueuerecordguid'])",
                    "@true"
                  ]
                },
                "metadata": {
                  "operationMetadataId": "f910fbfe-3162-4854-aef2-1e3059f2431b"
                },
                "type": "If"
              }
            }
          },
          "expression": {
            "equals": [
              "@toLower(variables('BODY STATUS'))",
              "error"
            ]
          },
          "metadata": {
            "operationMetadataId": "2cecf76d-79f8-4540-b2b9-99da14e75967"
          },
          "type": "If"
        },
        "HTTP_Session_Login_Failed": {
          "actions": {
            "Failed_Update_ECC_Record_for_Message_Type:_AmbraAddGlobalStudySessionAPI": {
              "runAfter": {},
              "metadata": {
                "operationMetadataId": "73cd43bd-500f-4ff4-a14f-cece220c1ad8"
              },
              "type": "OpenApiConnection",
              "inputs": {
                "host": {
                  "connectionName": "shared_commondataserviceforapps",
                  "operationId": "UpdateRecord",
                  "apiId": "/providers/Microsoft.PowerApps/apis/shared_commondataserviceforapps"
                },
                "parameters": {
                  "entityName": "mib_eccqueues",
                  "recordId": "@outputs('Add_a_ECC_Record_for_Message_Type:_AmbraAddGlobalStudySessionAPI')?['body/mib_eccqueueid']",
                  "item/mib_status": "HTTP Session Login Failed",
                  "item/mib_body": "@body('HTTP_-_sessionlogin')",
                  "item/mib_headers": "@outputs('HTTP_-_sessionlogin')['headers']",
                  "item/mib_isretry": "@triggerBody()['boolean']",
                  "item/mib_method": "POST",
                  "item/mib_processeddatetime": "@utcNow()",
                  "item/mib_relatedrecord_new_study@odata.bind": "/new_studies/@{triggerBody()['text_4']}",
                  "item/mib_state": 913380006
                },
                "authentication": {
                  "type": "Raw",
                  "value": "@json(decodeBase64(triggerOutputs().headers['X-MS-APIM-Tokens']))['$ConnectionKey']"
                }
              }
            },
            "Return_to_caller_-_HTTP_Session_Login_Failed": {
              "runAfter": {
                "Condition_5": [
                  "Succeeded"
                ]
              },
              "metadata": {
                "operationMetadataId": "07fa5ee4-5974-4a6b-8408-0bf385c3bde1"
              },
              "type": "Response",
              "kind": "PowerApp",
              "inputs": {
                "statusCode": 200,
                "body": {
                  "status": "500"
                },
                "schema": {
                  "type": "object",
                  "properties": {
                    "status": {
                      "title": "Status",
                      "x-ms-dynamically-added": true,
                      "type": "string"
                    }
                  }
                }
              }
            },
            "Terminate_-_HTTP_Session_Login_Failed": {
              "runAfter": {
                "Return_to_caller_-_HTTP_Session_Login_Failed": [
                  "Succeeded"
                ]
              },
              "metadata": {
                "operationMetadataId": "e6af1137-abc0-4bed-bbfc-5da4f44d6b59"
              },
              "type": "Terminate",
              "inputs": {
                "runStatus": "Failed"
              }
            },
            "Update_Study_-_HTTP_Session_Login_Failed": {
              "runAfter": {
                "Failed_Update_ECC_Record_for_Message_Type:_AmbraAddGlobalStudySessionAPI": [
                  "Succeeded"
                ]
              },
              "metadata": {
                "operationMetadataId": "d84b6636-fb80-4461-a430-4b80f4fdc712"
              },
              "type": "OpenApiConnection",
              "inputs": {
                "host": {
                  "connectionName": "shared_commondataserviceforapps",
                  "operationId": "UpdateRecord",
                  "apiId": "/providers/Microsoft.PowerApps/apis/shared_commondataserviceforapps"
                },
                "parameters": {
                  "entityName": "new_studies",
                  "recordId": "@triggerBody()['text_4']",
                  "item/mib_status": "HTTP Session Login Failed",
                  "item/mib_flowstate": 913380001
                },
                "authentication": {
                  "type": "Raw",
                  "value": "@json(decodeBase64(triggerOutputs().headers['X-MS-APIM-Tokens']))['$ConnectionKey']"
                }
              }
            },
            "Condition_5": {
              "actions": {},
              "runAfter": {
                "Update_Study_-_HTTP_Session_Login_Failed": [
                  "Succeeded"
                ]
              },
              "else": {
                "actions": {
                  "Update_ECC_Retry_Record_-_Integration_Failed_3": {
                    "runAfter": {},
                    "metadata": {
                      "operationMetadataId": "b19a8344-597c-4c02-8ba2-9b519994a85f"
                    },
                    "type": "OpenApiConnection",
                    "inputs": {
                      "host": {
                        "connectionName": "shared_commondataserviceforapps_1",
                        "operationId": "UpdateRecord",
                        "apiId": "/providers/Microsoft.PowerApps/apis/shared_commondataserviceforapps"
                      },
                      "parameters": {
                        "entityName": "mib_eccqueues",
                        "recordId": "@outputs('Update_Study_-_HTTP_Session_Login_Failed')?['body/mib_eccqueuerecordguid']",
                        "item/mib_status": "Study updation session login failed",
                        "item/mib_flowstate": 913380001,
                        "item/mib_isretry": "@triggerBody()['boolean']",
                        "item/mib_processeddatetime": "@utcNow()",
                        "item/mib_relatedrecord_new_study@odata.bind": "/new_studies/@{triggerBody()['text_4']}",
                        "item/mib_state": 913380006
                      },
                      "authentication": {
                        "type": "Raw",
                        "value": "@json(decodeBase64(triggerOutputs().headers['X-MS-APIM-Tokens']))['$ConnectionKey']"
                      }
                    }
                  },
                  "Failed_Update_ECC_Record_for_Message_Type:_AmbraAddGlobalStudySessionAPI_2": {
                    "runAfter": {
                      "Update_ECC_Retry_Record_-_Integration_Failed_3": [
                        "Succeeded"
                      ]
                    },
                    "metadata": {
                      "operationMetadataId": "73cd43bd-500f-4ff4-a14f-cece220c1ad8"
                    },
                    "type": "OpenApiConnection",
                    "inputs": {
                      "host": {
                        "connectionName": "shared_commondataserviceforapps",
                        "operationId": "UpdateRecord",
                        "apiId": "/providers/Microsoft.PowerApps/apis/shared_commondataserviceforapps"
                      },
                      "parameters": {
                        "entityName": "mib_eccqueues",
                        "recordId": "@outputs('Add_a_ECC_Record_for_Message_Type:_AmbraAddGlobalStudySessionAPI')?['body/mib_eccqueueid']",
                        "item/mib_status": "HTTP Session Login Failed",
                        "item/mib_body": "@body('HTTP_-_sessionlogin')",
                        "item/mib_ECCQueue@odata.bind": "/mib_eccqueues/@{outputs('Update_Study_-_HTTP_Session_Login_Failed')?['body/mib_eccqueuerecordguid']}",
                        "item/mib_headers": "@outputs('HTTP_-_sessionlogin')['headers']",
                        "item/mib_isretry": "@triggerBody()['boolean']",
                        "item/mib_method": "POST",
                        "item/mib_processeddatetime": "@utcNow()",
                        "item/mib_relatedrecord_new_study@odata.bind": "/new_studies/@{triggerBody()['text_4']}",
                        "item/mib_state": 913380006
                      },
                      "authentication": {
                        "type": "Raw",
                        "value": "@json(decodeBase64(triggerOutputs().headers['X-MS-APIM-Tokens']))['$ConnectionKey']"
                      }
                    }
                  }
                }
              },
              "expression": {
                "equals": [
                  "@empty(outputs('Update_Study_-_HTTP_Session_Login_Failed')?['body/mib_eccqueuerecordguid'])",
                  "@true"
                ]
              },
              "metadata": {
                "operationMetadataId": "ff01edd4-ff6b-4246-a3c1-b649e05b8e7e"
              },
              "type": "If"
            }
          },
          "runAfter": {
            "HTTP_-_sessionlogin": [
              "Failed",
              "TimedOut"
            ]
          },
          "metadata": {
            "operationMetadataId": "a4337128-d1f2-4c5b-b862-d2602a39829d"
          },
          "type": "Scope"
        },
        "HTTP_-_Custom_Field_-_Study_TIMS_-_Set_Default": {
          "runAfter": {
            "Condition_to_check_the_Status": [
              "Succeeded"
            ]
          },
          "metadata": {
            "operationMetadataId": "16e6393d-10ec-4209-9378-2e784a4bda2f"
          },
          "type": "Http",
          "inputs": {
            "method": "POST",
            "uri": "@{triggerBody()['text_1']}/api/v3/namespace/study/defaults",
            "headers": {
              "Content-Type": "application/x-www-form-urlencoded"
            },
            "body": "sid=@{body('Parse_JSON')?['sid']}&uuid=@{outputs('Get_Study')?['body/mib_namespace']}&defaults={\"customfield-@{outputs('Get_Study')?['body/mib_timsuuid']}\":\"@{outputs('Get_Study')?['body/new_name']}\"}"
          }
        },
        "Get_Study": {
          "runAfter": {
            "Initialize_variable_-_BODY_ERROR-TYPE": [
              "Succeeded"
            ]
          },
          "metadata": {
            "operationMetadataId": "85b99a2e-faa3-466e-b677-f85dce910220"
          },
          "type": "OpenApiConnection",
          "inputs": {
            "host": {
              "connectionName": "shared_commondataserviceforapps_1",
              "operationId": "GetItem",
              "apiId": "/providers/Microsoft.PowerApps/apis/shared_commondataserviceforapps"
            },
            "parameters": {
              "entityName": "new_studies",
              "recordId": "@triggerBody()['text_4']"
            },
            "authentication": {
              "type": "Raw",
              "value": "@json(decodeBase64(triggerOutputs().headers['X-MS-APIM-Tokens']))['$ConnectionKey']"
            }
          }
        },
        "Condition_to_update_ECC_record_when_success": {
          "actions": {
            "Update_ECC_Record_for_Message_Type:_AmbraAddGlobalStudySessionAPI": {
              "runAfter": {},
              "metadata": {
                "operationMetadataId": "84ba840c-01f9-4208-8479-f9429add2509"
              },
              "type": "OpenApiConnection",
              "inputs": {
                "host": {
                  "connectionName": "shared_commondataserviceforapps",
                  "operationId": "UpdateRecord",
                  "apiId": "/providers/Microsoft.PowerApps/apis/shared_commondataserviceforapps"
                },
                "parameters": {
                  "entityName": "mib_eccqueues",
                  "recordId": "@outputs('Add_a_ECC_Record_for_Message_Type:_AmbraAddGlobalStudySessionAPI')?['body/mib_eccqueueid']",
                  "item/mib_body": "@body('HTTP_-_sessionlogin')",
                  "item/mib_headers": "@outputs('HTTP_-_sessionlogin')['headers']",
                  "item/mib_method": "POST",
                  "item/mib_processeddatetime": "@utcNow()",
                  "item/mib_state": 913380002
                },
                "authentication": {
                  "type": "Raw",
                  "value": "@json(decodeBase64(triggerOutputs().headers['X-MS-APIM-Tokens']))['$ConnectionKey']"
                }
              }
            }
          },
          "runAfter": {
            "HTTP_Session_Login_Failed": [
              "Skipped"
            ]
          },
          "else": {
            "actions": {
              "Update_ECC_Record_for_Message_Type:_AmbraAddGlobalStudySessionAPI_2": {
                "runAfter": {},
                "metadata": {
                  "operationMetadataId": "84ba840c-01f9-4208-8479-f9429add2509"
                },
                "type": "OpenApiConnection",
                "inputs": {
                  "host": {
                    "connectionName": "shared_commondataserviceforapps",
                    "operationId": "UpdateRecord",
                    "apiId": "/providers/Microsoft.PowerApps/apis/shared_commondataserviceforapps"
                  },
                  "parameters": {
                    "entityName": "mib_eccqueues",
                    "recordId": "@outputs('Add_a_ECC_Record_for_Message_Type:_AmbraAddGlobalStudySessionAPI')?['body/mib_eccqueueid']",
                    "item/mib_body": "@body('HTTP_-_sessionlogin')",
                    "item/mib_headers": "@outputs('HTTP_-_sessionlogin')['headers']",
                    "item/mib_method": "POST",
                    "item/mib_processeddatetime": "@utcNow()",
                    "item/mib_state": 913380002
                  },
                  "authentication": {
                    "type": "Raw",
                    "value": "@json(decodeBase64(triggerOutputs().headers['X-MS-APIM-Tokens']))['$ConnectionKey']"
                  }
                }
              }
            }
          },
          "expression": {
            "equals": [
              "@empty(triggerBody()['text_7'])",
              "@true"
            ]
          },
          "metadata": {
            "operationMetadataId": "7b787975-8020-4959-a0f1-223cc90edff3"
          },
          "type": "If"
        },
        "Condition_to_update_ECC_record_when_failed": {
          "actions": {
            "Failed_Update_ECC_Record_for_Message_Type_:_AmbraAddGlobalStudyAddAccountAPI_5": {
              "runAfter": {},
              "metadata": {
                "operationMetadataId": "c6f7acfe-db04-4c42-98a2-d2259cc84ff2"
              },
              "type": "OpenApiConnection",
              "inputs": {
                "host": {
                  "connectionName": "shared_commondataserviceforapps",
                  "operationId": "UpdateRecord",
                  "apiId": "/providers/Microsoft.PowerApps/apis/shared_commondataserviceforapps"
                },
                "parameters": {
                  "entityName": "mib_eccqueues",
                  "recordId": "@outputs('Add_a_ECC_Record_for_Message_Type:_AmbraAddGlobalStudyAddAccountAPI')?['body/mib_eccqueueid']",
                  "item/mib_status": "@{body('HTTP_-_Update_Study')?['status']} - @{body('HTTP_-_Update_Study')?['error_type']}",
                  "item/mib_body": "@body('HTTP_-_Update_Study')",
                  "item/mib_headers": "@outputs('HTTP_-_Update_Study')['headers']",
                  "item/mib_isretry": "@triggerBody()['boolean']",
                  "item/mib_method": "POST",
                  "item/mib_processeddatetime": "@utcNow()",
                  "item/mib_relatedrecord_new_study@odata.bind": "/new_studies/@{triggerBody()['text_4']}",
                  "item/mib_state": 913380006
                },
                "authentication": {
                  "type": "Raw",
                  "value": "@json(decodeBase64(triggerOutputs().headers['X-MS-APIM-Tokens']))['$ConnectionKey']"
                }
              }
            }
          },
          "runAfter": {
            "HTTP_-_Update_Study": [
              "Failed",
              "TimedOut"
            ]
          },
          "else": {
            "actions": {
              "Failed_Update_ECC_Record_for_Message_Type_:_AmbraAddGlobalStudyAddAccountAPI_2": {
                "runAfter": {},
                "metadata": {
                  "operationMetadataId": "c6f7acfe-db04-4c42-98a2-d2259cc84ff2"
                },
                "type": "OpenApiConnection",
                "inputs": {
                  "host": {
                    "connectionName": "shared_commondataserviceforapps",
                    "operationId": "UpdateRecord",
                    "apiId": "/providers/Microsoft.PowerApps/apis/shared_commondataserviceforapps"
                  },
                  "parameters": {
                    "entityName": "mib_eccqueues",
                    "recordId": "@outputs('Add_a_ECC_Record_for_Message_Type:_AmbraAddGlobalStudyAddAccountAPI')?['body/mib_eccqueueid']",
                    "item/mib_status": "@{body('HTTP_-_Update_Study')?['status']} - @{body('HTTP_-_Update_Study')?['error_type']}",
                    "item/mib_body": "@body('HTTP_-_Update_Study')",
                    "item/mib_ECCQueue@odata.bind": "/mib_eccqueues/@{triggerBody()['text_8']}",
                    "item/mib_headers": "@outputs('HTTP_-_Update_Study')['headers']",
                    "item/mib_isretry": "@triggerBody()['boolean']",
                    "item/mib_method": "POST",
                    "item/mib_processeddatetime": "@utcNow()",
                    "item/mib_relatedrecord_new_study@odata.bind": "/new_studies/@{triggerBody()['text_4']}",
                    "item/mib_state": 913380006
                  },
                  "authentication": {
                    "type": "Raw",
                    "value": "@json(decodeBase64(triggerOutputs().headers['X-MS-APIM-Tokens']))['$ConnectionKey']"
                  }
                }
              }
            }
          },
          "expression": {
            "equals": [
              "@empty(triggerBody()['text_7'])",
              "@true"
            ]
          },
          "metadata": {
            "operationMetadataId": "eba7a550-cc40-44ba-aa8d-f4dcf4f799a0"
          },
          "type": "If"
        },
        "Condition_to_update_ECC_record_when_success_2": {
          "actions": {
            "Update_ECC_Record_-_Integration_Successful": {
              "runAfter": {},
              "metadata": {
                "operationMetadataId": "b103ff2d-442b-475e-9414-e28252994859"
              },
              "type": "OpenApiConnection",
              "inputs": {
                "host": {
                  "connectionName": "shared_commondataserviceforapps_1",
                  "operationId": "UpdateRecord",
                  "apiId": "/providers/Microsoft.PowerApps/apis/shared_commondataserviceforapps"
                },
                "parameters": {
                  "entityName": "mib_eccqueues",
                  "recordId": "@outputs('Add_a_ECC_Record_for_Message_Type:_AmbraAddGlobalStudyAddAccountAPI')?['body/mib_eccqueueid']",
                  "item/mib_status": "Study is successfully updated",
                  "item/mib_isretry": "@triggerBody()['boolean']",
                  "item/mib_processeddatetime": "@utcNow()",
                  "item/mib_relatedrecord_new_study@odata.bind": "/new_studies/@{triggerBody()['text_4']}",
                  "item/mib_state": 913380002
                },
                "authentication": {
                  "type": "Raw",
                  "value": "@json(decodeBase64(triggerOutputs().headers['X-MS-APIM-Tokens']))['$ConnectionKey']"
                }
              }
            }
          },
          "runAfter": {
            "HTTP_-_Custom_Field_-_Study_TIMS_-_Set_Default": [
              "Succeeded"
            ]
          },
          "else": {
            "actions": {
              "Update_ECC_Record_-_Integration_Successful_2": {
                "runAfter": {},
                "metadata": {
                  "operationMetadataId": "b103ff2d-442b-475e-9414-e28252994859"
                },
                "type": "OpenApiConnection",
                "inputs": {
                  "host": {
                    "connectionName": "shared_commondataserviceforapps_1",
                    "operationId": "UpdateRecord",
                    "apiId": "/providers/Microsoft.PowerApps/apis/shared_commondataserviceforapps"
                  },
                  "parameters": {
                    "entityName": "mib_eccqueues",
                    "recordId": "@outputs('Add_a_ECC_Record_for_Message_Type:_AmbraAddGlobalStudyAddAccountAPI')?['body/mib_eccqueueid']",
                    "item/mib_status": "Study is successfully updated",
                    "item/mib_isretry": "@triggerBody()['boolean']",
                    "item/mib_processeddatetime": "@utcNow()",
                    "item/mib_relatedrecord_new_study@odata.bind": "/new_studies/@{triggerBody()['text_4']}",
                    "item/mib_state": 913380002
                  },
                  "authentication": {
                    "type": "Raw",
                    "value": "@json(decodeBase64(triggerOutputs().headers['X-MS-APIM-Tokens']))['$ConnectionKey']"
                  }
                }
              }
            }
          },
          "expression": {
            "equals": [
              "@empty(triggerBody()['text_7'])",
              "@true"
            ]
          },
          "metadata": {
            "operationMetadataId": "fc5f148d-6540-47c6-97fc-43fca2be5868"
          },
          "type": "If"
        }
      },
      "outputs": {}
    }
  },
  "schemaVersion": "1.0.0.0"
}