{
  "properties": {
    "connectionReferences": {
      "shared_commondataserviceforapps": {
        "runtimeSource": "embedded",
        "connection": {
          "connectionReferenceLogicalName": "mib_MicrosoftDataverseMIBAdmin"
        },
        "api": {
          "name": "shared_commondataserviceforapps"
        }
      },
      "shared_commondataserviceforapps_1": {
        "runtimeSource": "embedded",
        "connection": {
          "connectionReferenceLogicalName": "mib_MicrosoftDataverseMIBAdmin"
        },
        "api": {
          "name": "shared_commondataserviceforapps"
        }
      }
    },
    "definition": {
      "$schema": "https://schema.management.azure.com/providers/Microsoft.Logic/schemas/2016-06-01/workflowdefinition.json#",
      "contentVersion": "1.0.0.0",
      "parameters": {
        "$connections": {
          "defaultValue": {},
          "type": "Object"
        },
        "$authentication": {
          "defaultValue": {},
          "type": "SecureObject"
        }
      },
      "triggers": {
        "When_a_row_is_added,_modified_or_deleted": {
          "metadata": {
            "operationMetadataId": "aa66a131-9249-4630-9f68-7d5b18f81e37"
          },
          "type": "OpenApiConnectionWebhook",
          "inputs": {
            "host": {
              "connectionName": "shared_commondataserviceforapps_1",
              "operationId": "SubscribeWebhookTrigger",
              "apiId": "/providers/Microsoft.PowerApps/apis/shared_commondataserviceforapps"
            },
            "parameters": {
              "subscriptionRequest/message": 3,
              "subscriptionRequest/entityname": "new_studyversion",
              "subscriptionRequest/scope": 4,
              "subscriptionRequest/filteringattributes": "mib_dobanonymizationrule"
            },
            "authentication": "@parameters('$authentication')"
          }
        }
      },
      "actions": {
        "List_rows_-_Patient_DOB_Tag_from_Configuration": {
          "runAfter": {},
          "metadata": {
            "operationMetadataId": "b726b39b-5c44-45cf-989f-790a4836ee7a"
          },
          "type": "OpenApiConnection",
          "inputs": {
            "host": {
              "connectionName": "shared_commondataserviceforapps",
              "operationId": "ListRecords",
              "apiId": "/providers/Microsoft.PowerApps/apis/shared_commondataserviceforapps"
            },
            "parameters": {
              "entityName": "mib_anonymizeddicomtagses",
              "$filter": "mib_tag eq '(0010,0030)' and _mib_studyconfiguration_value eq '@{triggerOutputs()?['body/new_studyversionid']}'"
            },
            "authentication": "@parameters('$authentication')"
          }
        },
        "Condition": {
          "actions": {},
          "runAfter": {
            "List_rows_-_Patient_DOB_Tag_from_Configuration": [
              "Succeeded"
            ]
          },
          "else": {
            "actions": {
              "Switch": {
                "runAfter": {},
                "cases": {
                  "Case": {
                    "case": 0,
                    "actions": {
                      "Apply_to_each": {
                        "foreach": "@outputs('List_rows_-_Patient_DOB_Tag_from_Configuration')?['body/value']",
                        "actions": {
                          "Update_a_row": {
                            "runAfter": {},
                            "type": "OpenApiConnection",
                            "inputs": {
                              "host": {
                                "connectionName": "shared_commondataserviceforapps",
                                "operationId": "UpdateRecord",
                                "apiId": "/providers/Microsoft.PowerApps/apis/shared_commondataserviceforapps"
                              },
                              "parameters": {
                                "entityName": "mib_anonymizeddicomtagses",
                                "recordId": "@items('Apply_to_each')?['mib_anonymizeddicomtagsid']",
                                "item/mib_isanonymized": true
                              },
                              "authentication": "@parameters('$authentication')"
                            }
                          }
                        },
                        "runAfter": {},
                        "type": "Foreach"
                      }
                    }
                  }
                },
                "default": {
                  "actions": {}
                },
                "expression": "@triggerOutputs()?['body/mib_dobanonymizationrule']",
                "metadata": {
                  "operationMetadataId": "9b625ad7-dc0b-4114-b4ce-6b3372551d72"
                },
                "type": "Switch"
              }
            }
          },
          "expression": {
            "equals": [
              "@empty(outputs('List_rows_-_Patient_DOB_Tag_from_Configuration')?['body/value'])",
              "@true"
            ]
          },
          "metadata": {
            "operationMetadataId": "e95b4101-0d1e-4a94-a40f-2165b5134f95"
          },
          "type": "If"
        }
      }
    }
  },
  "schemaVersion": "1.0.0.0"
}