{
  "properties": {
    "connectionReferences": {
      "shared_commondataserviceforapps": {
        "runtimeSource": "embedded",
        "connection": {
          "connectionReferenceLogicalName": "mib_sharedcommondataserviceforapps_7c9f8"
        },
        "api": {
          "name": "shared_commondataserviceforapps"
        }
      },
      "shared_sharepointonline": {
        "runtimeSource": "embedded",
        "connection": {
          "connectionReferenceLogicalName": "mib_sharedsharepointonline_f5018"
        },
        "api": {
          "name": "shared_sharepointonline"
        }
      },
      "shared_excelonlinebusiness_2": {
        "runtimeSource": "embedded",
        "connection": {
          "connectionReferenceLogicalName": "mib_sharedexcelonlinebusiness_ae82a"
        },
        "api": {
          "name": "shared_excelonlinebusiness"
        }
      },
      "shared_commondataserviceforapps_2": {
        "runtimeSource": "embedded",
        "connection": {
          "connectionReferenceLogicalName": "mib_sharedcommondataserviceforapps_7c9f8"
        },
        "api": {
          "name": "shared_commondataserviceforapps"
        }
      },
      "shared_excelonlinebusiness_3": {
        "runtimeSource": "embedded",
        "connection": {
          "connectionReferenceLogicalName": "mib_sharedexcelonlinebusiness_ae82a"
        },
        "api": {
          "name": "shared_excelonlinebusiness"
        }
      },
      "shared_commondataserviceforapps_1": {
        "runtimeSource": "embedded",
        "connection": {
          "connectionReferenceLogicalName": "mib_sharedcommondataserviceforapps_7c9f8"
        },
        "api": {
          "name": "shared_commondataserviceforapps"
        }
      }
    },
    "definition": {
      "$schema": "https://schema.management.azure.com/providers/Microsoft.Logic/schemas/2016-06-01/workflowdefinition.json#",
      "contentVersion": "1.0.0.0",
      "parameters": {
        "$connections": {
          "defaultValue": {},
          "type": "Object"
        },
        "$authentication": {
          "defaultValue": {},
          "type": "SecureObject"
        }
      },
      "triggers": {
        "When_a_Study_Configuration_row_is_modified": {
          "metadata": {
            "operationMetadataId": "8a02b6e8-0fa6-44f4-8a4b-fccf50d4444f"
          },
          "type": "OpenApiConnectionWebhook",
          "inputs": {
            "host": {
              "connectionName": "shared_commondataserviceforapps_1",
              "operationId": "SubscribeWebhookTrigger",
              "apiId": "/providers/Microsoft.PowerApps/apis/shared_commondataserviceforapps"
            },
            "parameters": {
              "subscriptionRequest/message": 3,
              "subscriptionRequest/entityname": "new_studyversion",
              "subscriptionRequest/scope": 4,
              "subscriptionRequest/filteringattributes": "mib_status,new_versionnumber,mib_study,mib_dobanonymizationrule",
              "subscriptionRequest/filterexpression": "mib_status eq 6"
            },
            "authentication": "@parameters('$authentication')"
          }
        }
      },
      "actions": {
        "List_rows_-_CustomFieldsDefinition": {
          "runAfter": {
            "Update_a_Study_-_DownloadTemplateURL_and_Base64_to_null": [
              "Succeeded"
            ]
          },
          "metadata": {
            "operationMetadataId": "ee2275ac-6152-4d51-936b-69f4aa6415fc"
          },
          "type": "OpenApiConnection",
          "inputs": {
            "host": {
              "connectionName": "shared_commondataserviceforapps",
              "operationId": "ListRecords",
              "apiId": "/providers/Microsoft.PowerApps/apis/shared_commondataserviceforapps"
            },
            "parameters": {
              "entityName": "mib_studyconfigurationcustomfieldses",
              "$filter": "_mib_studyconfiguration_value eq '@{triggerOutputs()?['body/new_studyversionid']}' and mib_entityname eq 2 and mib_softdelete ne true"
            },
            "authentication": "@parameters('$authentication')"
          }
        },
        "Get_file_content_of_predefined_Excel_file": {
          "runAfter": {
            "List_rows_-_CustomFieldsDefinition": [
              "Succeeded"
            ]
          },
          "metadata": {
            "operationMetadataId": "c582ac13-5b82-4673-a8b3-d56c2b736ca1"
          },
          "type": "OpenApiConnection",
          "inputs": {
            "host": {
              "connectionName": "shared_sharepointonline",
              "operationId": "GetFileContentByPath",
              "apiId": "/providers/Microsoft.PowerApps/apis/shared_sharepointonline"
            },
            "parameters": {
              "dataset": "https://calyxai.sharepoint.com/sites/MiEco",
              "path": "/MIB Ecosystem/Download BulkUpload Template/StudyBulkUpload Final Template.xlsx",
              "inferContentType": true
            },
            "authentication": "@parameters('$authentication')"
          }
        },
        "Create_file_-_for_each_download_button_click": {
          "runAfter": {
            "Get_file_content_of_predefined_Excel_file": [
              "Succeeded"
            ]
          },
          "metadata": {
            "operationMetadataId": "42ddacf6-0945-4e8c-b6db-4dae9d0b4c6d"
          },
          "type": "OpenApiConnection",
          "inputs": {
            "host": {
              "connectionName": "shared_sharepointonline",
              "operationId": "CreateFile",
              "apiId": "/providers/Microsoft.PowerApps/apis/shared_sharepointonline"
            },
            "parameters": {
              "dataset": "https://calyxai.sharepoint.com/sites/MiEco",
              "folderPath": "/MIB Ecosystem/BulkUploads",
              "name": "@concat(outputs('Get_a_row_by_ID_-_Get_StudyName_')?['body/new_name'],'_',triggerOutputs()?['body/new_versionnumber'],'.xlsx')",
              "body": "@body('Get_file_content_of_predefined_Excel_file')"
            },
            "authentication": "@parameters('$authentication')"
          },
          "runtimeConfiguration": {
            "contentTransfer": {
              "transferMode": "Chunked"
            }
          }
        },
        "Apply_to_each_-_CustomFieldDefinition": {
          "foreach": "@outputs('List_rows_-_CustomFieldsDefinition')?['body/value']",
          "actions": {
            "Add_a_Custom_fields_column_to_a_table_": {
              "runAfter": {},
              "metadata": {
                "013WMGANQJQPB5FX73CFGYDZ6YAV65OIA3": "/BulkUploads/BulkUpload_2022-03-23T11_13_48.4885419Z.xlsx",
                "operationMetadataId": "9a8bee82-f689-416e-a3e4-f847d6427b61",
                "tableId": "StudySites",
                "013WMGANQO2AGLM4NVB5G34D45T32D6D6U": "/BulkUploads/BulkUpload_2022-03-16T10_38_40.9032379Z.xlsx"
              },
              "type": "OpenApiConnection",
              "inputs": {
                "host": {
                  "connectionName": "shared_excelonlinebusiness_2",
                  "operationId": "CreateIdColumn",
                  "apiId": "/providers/Microsoft.PowerApps/apis/shared_excelonlinebusiness"
                },
                "parameters": {
                  "source": "sites/calyxai.sharepoint.com,064775f8-bc98-4629-a7d8-28cb3a2a6772,fe060b99-8e6f-488c-b3ad-2dabdcbe3aef",
                  "drive": "b!-HVHBpi8KUan2CjLOipncpkLBv5vjoxIs60tq9y-Ou9ksSalfhzNS61bf2cQ27xW",
                  "file": "@concat('/BulkUploads/', outputs('Create_file_-_for_each_download_button_click')?['body/Name'])",
                  "table": "StudySites",
                  "idColumn": "@items('Apply_to_each_-_CustomFieldDefinition')?['mib_name']"
                },
                "authentication": "@parameters('$authentication')"
              }
            }
          },
          "runAfter": {
            "Create_file_-_for_each_download_button_click": [
              "Succeeded"
            ]
          },
          "metadata": {
            "operationMetadataId": "6304e29e-7993-4282-aa39-712d88df7882"
          },
          "type": "Foreach"
        },
        "Update_a_Study_-_DownloadTemplateURL": {
          "runAfter": {
            "Apply_to_each": [
              "Succeeded",
              "Failed"
            ]
          },
          "metadata": {
            "operationMetadataId": "ade48bbe-978f-4689-9b9d-100888c859c7"
          },
          "type": "OpenApiConnection",
          "inputs": {
            "host": {
              "connectionName": "shared_commondataserviceforapps",
              "operationId": "UpdateRecord",
              "apiId": "/providers/Microsoft.PowerApps/apis/shared_commondataserviceforapps"
            },
            "parameters": {
              "entityName": "new_studies",
              "recordId": "@triggerOutputs()?['body/_mib_study_value']",
              "item/mib_downloadtemplateurl": "@outputs('Create_file_-_for_each_download_button_click')?['body/Id']"
            },
            "authentication": "@parameters('$authentication')"
          }
        },
        "Initialize_variable_-_StudyName": {
          "runAfter": {},
          "metadata": {
            "operationMetadataId": "6fc90dff-ff29-460c-a3c7-57e8450a1329"
          },
          "type": "InitializeVariable",
          "inputs": {
            "variables": [
              {
                "name": "StudyName",
                "type": "string",
                "value": "@{triggerOutputs()?['body/_mib_study_value@OData.Community.Display.V1.FormattedValue']}"
              }
            ]
          }
        },
        "Get_a_row_by_ID_-_Get_StudyName_": {
          "runAfter": {
            "Set_variable_-_DV_Name": [
              "Succeeded"
            ]
          },
          "metadata": {
            "operationMetadataId": "3999499f-4022-4a91-8a6a-5d6760626362"
          },
          "type": "OpenApiConnection",
          "inputs": {
            "host": {
              "connectionName": "shared_commondataserviceforapps",
              "operationId": "GetItem",
              "apiId": "/providers/Microsoft.PowerApps/apis/shared_commondataserviceforapps"
            },
            "parameters": {
              "entityName": "new_studies",
              "recordId": "@triggerOutputs()?['body/_mib_study_value']"
            },
            "authentication": "@parameters('$authentication')"
          }
        },
        "Get_file_content_-_with_added_excel_columns": {
          "runAfter": {
            "Delay": [
              "Succeeded"
            ]
          },
          "metadata": {
            "operationMetadataId": "09def6a8-6a2a-402e-bdcf-6efd63b55bc0"
          },
          "type": "OpenApiConnection",
          "inputs": {
            "host": {
              "connectionName": "shared_sharepointonline",
              "operationId": "GetFileContent",
              "apiId": "/providers/Microsoft.PowerApps/apis/shared_sharepointonline"
            },
            "parameters": {
              "dataset": "https://calyxai.sharepoint.com/sites/MiEco",
              "id": "@outputs('Update_a_Study_-_DownloadTemplateURL')?['body/mib_downloadtemplateurl']",
              "inferContentType": true
            },
            "authentication": "@parameters('$authentication')"
          }
        },
        "Update_a_Study_-_BulkUploadDocumentBase64": {
          "runAfter": {
            "Get_file_content_-_with_added_excel_columns_-_For_subject": [
              "Succeeded"
            ]
          },
          "metadata": {
            "operationMetadataId": "ade48bbe-978f-4689-9b9d-100888c859c7"
          },
          "type": "OpenApiConnection",
          "inputs": {
            "host": {
              "connectionName": "shared_commondataserviceforapps",
              "operationId": "UpdateRecord",
              "apiId": "/providers/Microsoft.PowerApps/apis/shared_commondataserviceforapps"
            },
            "parameters": {
              "entityName": "new_studies",
              "recordId": "@triggerOutputs()?['body/_mib_study_value']",
              "item/mib_bulkuploaddocumentbase64": "@base64(outputs('Get_file_content_-_with_added_excel_columns')?['body'])",
              "item/mib_subjectbulkuploaddocument": "@base64(outputs('Get_file_content_-_with_added_excel_columns_-_For_subject')?['body'])"
            },
            "authentication": "@parameters('$authentication')"
          }
        },
        "Delay": {
          "runAfter": {
            "Update_a_Study_-_DownloadTemplateURL": [
              "Succeeded"
            ]
          },
          "metadata": {
            "operationMetadataId": "673c9586-b3ac-4b24-90f1-d756a534e434"
          },
          "type": "Wait",
          "inputs": {
            "interval": {
              "count": 1,
              "unit": "Minute"
            }
          }
        },
        "Update_a_Study_-_DownloadTemplateURL_and_Base64_to_null": {
          "runAfter": {
            "Get_a_row_by_ID_-_Get_StudyName_": [
              "Succeeded"
            ]
          },
          "metadata": {
            "operationMetadataId": "ade48bbe-978f-4689-9b9d-100888c859c7"
          },
          "type": "OpenApiConnection",
          "inputs": {
            "host": {
              "connectionName": "shared_commondataserviceforapps",
              "operationId": "UpdateRecord",
              "apiId": "/providers/Microsoft.PowerApps/apis/shared_commondataserviceforapps"
            },
            "parameters": {
              "entityName": "new_studies",
              "recordId": "@triggerOutputs()?['body/_mib_study_value']",
              "item/mib_bulkuploaddocumentbase64": "@null",
              "item/mib_downloadtemplateurl": "@null",
              "item/mib_subjectbulkuploaddocument": "@null"
            },
            "authentication": "@parameters('$authentication')"
          }
        },
        "List_rows_-_CustomFieldsDefinition_-_For_Subject": {
          "runAfter": {
            "Apply_to_each_-_CustomFieldDefinition": [
              "Succeeded"
            ]
          },
          "metadata": {
            "operationMetadataId": "ee2275ac-6152-4d51-936b-69f4aa6415fc"
          },
          "type": "OpenApiConnection",
          "inputs": {
            "host": {
              "connectionName": "shared_commondataserviceforapps",
              "operationId": "ListRecords",
              "apiId": "/providers/Microsoft.PowerApps/apis/shared_commondataserviceforapps"
            },
            "parameters": {
              "entityName": "mib_studyconfigurationcustomfieldses",
              "$filter": "_mib_studyconfiguration_value eq '@{triggerOutputs()?['body/new_studyversionid']}' and mib_entityname eq 3 and mib_softdelete ne true"
            },
            "authentication": "@parameters('$authentication')"
          }
        },
        "Get_file_content_of_predefined_Excel_file_-For_Subject": {
          "runAfter": {
            "List_rows_-_CustomFieldsDefinition_-_For_Subject": [
              "Succeeded"
            ]
          },
          "metadata": {
            "operationMetadataId": "c582ac13-5b82-4673-a8b3-d56c2b736ca1"
          },
          "type": "OpenApiConnection",
          "inputs": {
            "host": {
              "connectionName": "shared_sharepointonline",
              "operationId": "GetFileContentByPath",
              "apiId": "/providers/Microsoft.PowerApps/apis/shared_sharepointonline"
            },
            "parameters": {
              "dataset": "https://calyxai.sharepoint.com/sites/MiEco",
              "path": "/MIB Ecosystem/Download BulkUpload Template/Subject Final Template.xlsx",
              "inferContentType": true
            },
            "authentication": "@parameters('$authentication')"
          }
        },
        "Create_file_-_for_each_download_button_click_-For_Subject": {
          "runAfter": {
            "Get_file_content_of_predefined_Excel_file_-For_Subject": [
              "Succeeded"
            ]
          },
          "metadata": {
            "operationMetadataId": "42ddacf6-0945-4e8c-b6db-4dae9d0b4c6d"
          },
          "type": "OpenApiConnection",
          "inputs": {
            "host": {
              "connectionName": "shared_sharepointonline",
              "operationId": "CreateFile",
              "apiId": "/providers/Microsoft.PowerApps/apis/shared_sharepointonline"
            },
            "parameters": {
              "dataset": "https://calyxai.sharepoint.com/sites/MiEco",
              "folderPath": "/MIB Ecosystem/BulkUploads",
              "name": "@concat(outputs('Get_a_row_by_ID_-_Get_StudyName_')?['body/new_name'],' Subject', '_', triggerOutputs()?['body/new_versionnumber'], '.xlsx')",
              "body": "@body('Get_file_content_of_predefined_Excel_file_-For_Subject')"
            },
            "authentication": "@parameters('$authentication')"
          },
          "runtimeConfiguration": {
            "contentTransfer": {
              "transferMode": "Chunked"
            }
          }
        },
        "Apply_to_each_-_CustomFieldDefinition_-For_Subject": {
          "foreach": "@outputs('List_rows_-_CustomFieldsDefinition_-_For_Subject')?['body/value']",
          "actions": {
            "Add_a_Custom_fields_column_to_a_table_-For_Subject": {
              "runAfter": {},
              "metadata": {
                "013WMGANQJQPB5FX73CFGYDZ6YAV65OIA3": "/BulkUploads/BulkUpload_2022-03-23T11_13_48.4885419Z.xlsx",
                "operationMetadataId": "9a8bee82-f689-416e-a3e4-f847d6427b61",
                "tableId": "Subject",
                "013WMGANQO2AGLM4NVB5G34D45T32D6D6U": "/BulkUploads/BulkUpload_2022-03-16T10_38_40.9032379Z.xlsx"
              },
              "type": "OpenApiConnection",
              "inputs": {
                "host": {
                  "connectionName": "shared_excelonlinebusiness_2",
                  "operationId": "CreateIdColumn",
                  "apiId": "/providers/Microsoft.PowerApps/apis/shared_excelonlinebusiness"
                },
                "parameters": {
                  "source": "sites/calyxai.sharepoint.com,064775f8-bc98-4629-a7d8-28cb3a2a6772,fe060b99-8e6f-488c-b3ad-2dabdcbe3aef",
                  "drive": "b!-HVHBpi8KUan2CjLOipncpkLBv5vjoxIs60tq9y-Ou9ksSalfhzNS61bf2cQ27xW",
                  "file": "@concat('/BulkUploads/', outputs('Create_file_-_for_each_download_button_click_-For_Subject')?['body/Name'])",
                  "table": "Subject",
                  "idColumn": "@items('Apply_to_each_-_CustomFieldDefinition_-For_Subject')?['mib_name']"
                },
                "authentication": "@parameters('$authentication')"
              }
            }
          },
          "runAfter": {
            "Create_file_-_for_each_download_button_click_-For_Subject": [
              "Succeeded"
            ]
          },
          "metadata": {
            "operationMetadataId": "6304e29e-7993-4282-aa39-712d88df7882"
          },
          "type": "Foreach"
        },
        "Get_file_content_-_with_added_excel_columns_-_For_subject": {
          "runAfter": {
            "Get_file_content_-_with_added_excel_columns": [
              "Succeeded"
            ]
          },
          "metadata": {
            "operationMetadataId": "09def6a8-6a2a-402e-bdcf-6efd63b55bc0"
          },
          "type": "OpenApiConnection",
          "inputs": {
            "host": {
              "connectionName": "shared_sharepointonline",
              "operationId": "GetFileContent",
              "apiId": "/providers/Microsoft.PowerApps/apis/shared_sharepointonline"
            },
            "parameters": {
              "dataset": "https://calyxai.sharepoint.com/sites/MiEco",
              "id": "@outputs('Create_file_-_for_each_download_button_click_-For_Subject')?['body/Id']",
              "inferContentType": true
            },
            "authentication": "@parameters('$authentication')"
          }
        },
        "List_rows-For_Defined_Visits": {
          "runAfter": {
            "Condition_-_Anonymization_Rule": [
              "Succeeded",
              "Failed"
            ]
          },
          "metadata": {
            "operationMetadataId": "f323d631-2dc4-4139-9585-7c6a9047d802"
          },
          "type": "OpenApiConnection",
          "inputs": {
            "host": {
              "connectionName": "shared_commondataserviceforapps_2",
              "operationId": "ListRecords",
              "apiId": "/providers/Microsoft.PowerApps/apis/shared_commondataserviceforapps"
            },
            "parameters": {
              "entityName": "mib_definedvisitses",
              "$filter": "_mib_studyconfiguration_value eq '@{triggerOutputs()?['body/new_studyversionid']}' and mib_softdelete ne true"
            },
            "authentication": "@parameters('$authentication')"
          }
        },
        "Set_variable_-_DV_Name": {
          "runAfter": {
            "Initialize_DV_Name_Variable": [
              "Succeeded"
            ]
          },
          "metadata": {
            "operationMetadataId": "e099f070-a40a-43a8-acbc-c35f5859a7b8"
          },
          "type": "SetVariable",
          "inputs": {
            "name": "DV Name",
            "value": "@{null}"
          }
        },
        "Initialize_DV_Name_Variable": {
          "runAfter": {
            "Initialize_variable_-_StudyName": [
              "Succeeded"
            ]
          },
          "metadata": {
            "operationMetadataId": "8468253d-ca9c-42d4-a0b7-b1f6085af48b"
          },
          "type": "InitializeVariable",
          "inputs": {
            "variables": [
              {
                "name": "DV Name",
                "type": "string"
              }
            ]
          }
        },
        "Apply_to_each": {
          "foreach": "@outputs('List_rows-For_Defined_Visits')?['body/value']",
          "actions": {
            "Condition_-_SchedulingDateType_value_in_record": {
              "actions": {
                "Apply_to_each_2": {
                  "foreach": "@outputs('List_rows-For_Defined_Visits')?['body/value']",
                  "actions": {
                    "Switch_Defined_Visits_": {
                      "runAfter": {},
                      "cases": {
                        "Case_-_Baseline": {
                          "case": 1,
                          "actions": {
                            "Add_a_key_column_to_a_table_-_Baseline": {
                              "runAfter": {},
                              "type": "OpenApiConnection",
                              "inputs": {
                                "host": {
                                  "connectionName": "shared_excelonlinebusiness_2",
                                  "operationId": "CreateIdColumn",
                                  "apiId": "/providers/Microsoft.PowerApps/apis/shared_excelonlinebusiness"
                                },
                                "parameters": {
                                  "source": "sites/calyxai.sharepoint.com,064775f8-bc98-4629-a7d8-28cb3a2a6772,fe060b99-8e6f-488c-b3ad-2dabdcbe3aef",
                                  "drive": "b!-HVHBpi8KUan2CjLOipncpkLBv5vjoxIs60tq9y-Ou9ksSalfhzNS61bf2cQ27xW",
                                  "file": "@outputs('Create_file_-_for_each_download_button_click_-For_Subject')?['body/Id']",
                                  "table": "Subject",
                                  "idColumn": "Baseline Date"
                                },
                                "authentication": "@parameters('$authentication')"
                              }
                            }
                          }
                        },
                        "Case_-_Crossover": {
                          "case": 2,
                          "actions": {}
                        },
                        "Case_-_Treatment": {
                          "case": 3,
                          "actions": {
                            "Add_a_key_column_to_a_table_-_Treatment": {
                              "runAfter": {},
                              "type": "OpenApiConnection",
                              "inputs": {
                                "host": {
                                  "connectionName": "shared_excelonlinebusiness_2",
                                  "operationId": "CreateIdColumn",
                                  "apiId": "/providers/Microsoft.PowerApps/apis/shared_excelonlinebusiness"
                                },
                                "parameters": {
                                  "source": "sites/calyxai.sharepoint.com,064775f8-bc98-4629-a7d8-28cb3a2a6772,fe060b99-8e6f-488c-b3ad-2dabdcbe3aef",
                                  "drive": "b!-HVHBpi8KUan2CjLOipncpkLBv5vjoxIs60tq9y-Ou9ksSalfhzNS61bf2cQ27xW",
                                  "file": "@outputs('Create_file_-_for_each_download_button_click_-For_Subject')?['body/Id']",
                                  "table": "Subject",
                                  "idColumn": "Treatment Date"
                                },
                                "authentication": "@parameters('$authentication')"
                              }
                            }
                          }
                        },
                        "Case_-_Enrollment": {
                          "case": 4,
                          "actions": {
                            "Add_a_key_column_to_a_table_-Enrollment": {
                              "runAfter": {},
                              "type": "OpenApiConnection",
                              "inputs": {
                                "host": {
                                  "connectionName": "shared_excelonlinebusiness_3",
                                  "operationId": "CreateIdColumn",
                                  "apiId": "/providers/Microsoft.PowerApps/apis/shared_excelonlinebusiness"
                                },
                                "parameters": {
                                  "source": "sites/calyxai.sharepoint.com,064775f8-bc98-4629-a7d8-28cb3a2a6772,fe060b99-8e6f-488c-b3ad-2dabdcbe3aef",
                                  "drive": "b!-HVHBpi8KUan2CjLOipncpkLBv5vjoxIs60tq9y-Ou9ksSalfhzNS61bf2cQ27xW",
                                  "file": "@outputs('Create_file_-_for_each_download_button_click_-For_Subject')?['body/Id']",
                                  "table": "Subject",
                                  "idColumn": "Enrollment Date"
                                },
                                "authentication": "@parameters('$authentication')"
                              }
                            }
                          }
                        },
                        "Case_-_On-study": {
                          "case": 5,
                          "actions": {}
                        },
                        "Case_-_Randomization": {
                          "case": 6,
                          "actions": {
                            "Add_a_key_column_to_a_table-Randomization": {
                              "runAfter": {},
                              "type": "OpenApiConnection",
                              "inputs": {
                                "host": {
                                  "connectionName": "shared_excelonlinebusiness_3",
                                  "operationId": "CreateIdColumn",
                                  "apiId": "/providers/Microsoft.PowerApps/apis/shared_excelonlinebusiness"
                                },
                                "parameters": {
                                  "source": "sites/calyxai.sharepoint.com,064775f8-bc98-4629-a7d8-28cb3a2a6772,fe060b99-8e6f-488c-b3ad-2dabdcbe3aef",
                                  "drive": "b!-HVHBpi8KUan2CjLOipncpkLBv5vjoxIs60tq9y-Ou9ksSalfhzNS61bf2cQ27xW",
                                  "file": "@outputs('Create_file_-_for_each_download_button_click_-For_Subject')?['body/Id']",
                                  "table": "Subject",
                                  "idColumn": "Randomization Date"
                                },
                                "authentication": "@parameters('$authentication')"
                              }
                            }
                          }
                        },
                        "Case_-_Re-baseline": {
                          "case": 7,
                          "actions": {
                            "Add_a_key_column_to_a_table-Baseline_Date": {
                              "runAfter": {},
                              "type": "OpenApiConnection",
                              "inputs": {
                                "host": {
                                  "connectionName": "shared_excelonlinebusiness_3",
                                  "operationId": "CreateIdColumn",
                                  "apiId": "/providers/Microsoft.PowerApps/apis/shared_excelonlinebusiness"
                                },
                                "parameters": {
                                  "source": "sites/calyxai.sharepoint.com,064775f8-bc98-4629-a7d8-28cb3a2a6772,fe060b99-8e6f-488c-b3ad-2dabdcbe3aef",
                                  "drive": "b!-HVHBpi8KUan2CjLOipncpkLBv5vjoxIs60tq9y-Ou9ksSalfhzNS61bf2cQ27xW",
                                  "file": "@outputs('Create_file_-_for_each_download_button_click_-For_Subject')?['body/Id']",
                                  "table": "Subject",
                                  "idColumn": "Baseline Date"
                                },
                                "authentication": "@parameters('$authentication')"
                              }
                            }
                          }
                        },
                        "Case_-_Re-screening": {
                          "case": 8,
                          "actions": {
                            "Add_a_key_column_to_a_table_-Screening_Date": {
                              "runAfter": {},
                              "type": "OpenApiConnection",
                              "inputs": {
                                "host": {
                                  "connectionName": "shared_excelonlinebusiness_3",
                                  "operationId": "CreateIdColumn",
                                  "apiId": "/providers/Microsoft.PowerApps/apis/shared_excelonlinebusiness"
                                },
                                "parameters": {
                                  "source": "sites/calyxai.sharepoint.com,064775f8-bc98-4629-a7d8-28cb3a2a6772,fe060b99-8e6f-488c-b3ad-2dabdcbe3aef",
                                  "drive": "b!-HVHBpi8KUan2CjLOipncpkLBv5vjoxIs60tq9y-Ou9ksSalfhzNS61bf2cQ27xW",
                                  "file": "@outputs('Create_file_-_for_each_download_button_click_-For_Subject')?['body/Id']",
                                  "table": "Subject",
                                  "idColumn": "Screening Date"
                                },
                                "authentication": "@parameters('$authentication')"
                              }
                            }
                          }
                        },
                        "Case_-_Re-treatment": {
                          "case": 9,
                          "actions": {
                            "Add_a_key_column_to_a_table": {
                              "runAfter": {},
                              "type": "OpenApiConnection",
                              "inputs": {
                                "host": {
                                  "connectionName": "shared_excelonlinebusiness_3",
                                  "operationId": "CreateIdColumn",
                                  "apiId": "/providers/Microsoft.PowerApps/apis/shared_excelonlinebusiness"
                                },
                                "parameters": {
                                  "source": "sites/calyxai.sharepoint.com,064775f8-bc98-4629-a7d8-28cb3a2a6772,fe060b99-8e6f-488c-b3ad-2dabdcbe3aef",
                                  "drive": "b!-HVHBpi8KUan2CjLOipncpkLBv5vjoxIs60tq9y-Ou9ksSalfhzNS61bf2cQ27xW",
                                  "file": "@outputs('Create_file_-_for_each_download_button_click_-For_Subject')?['body/Id']",
                                  "table": "Subject",
                                  "idColumn": "Treatment Date"
                                },
                                "authentication": "@parameters('$authentication')"
                              }
                            }
                          }
                        },
                        "Case_-_Scheduling": {
                          "case": 10,
                          "actions": {
                            "Add_a_key_column_to_a_table-_Scheduling_Date": {
                              "runAfter": {},
                              "type": "OpenApiConnection",
                              "inputs": {
                                "host": {
                                  "connectionName": "shared_excelonlinebusiness_3",
                                  "operationId": "CreateIdColumn",
                                  "apiId": "/providers/Microsoft.PowerApps/apis/shared_excelonlinebusiness"
                                },
                                "parameters": {
                                  "source": "sites/calyxai.sharepoint.com,064775f8-bc98-4629-a7d8-28cb3a2a6772,fe060b99-8e6f-488c-b3ad-2dabdcbe3aef",
                                  "drive": "b!-HVHBpi8KUan2CjLOipncpkLBv5vjoxIs60tq9y-Ou9ksSalfhzNS61bf2cQ27xW",
                                  "file": "@outputs('Create_file_-_for_each_download_button_click_-For_Subject')?['body/Id']",
                                  "table": "Subject",
                                  "idColumn": "Scheduling Date"
                                },
                                "authentication": "@parameters('$authentication')"
                              }
                            }
                          }
                        },
                        "Case_-_Screening": {
                          "case": 11,
                          "actions": {
                            "Add_a_key_column_to_a_table-Screening_Date": {
                              "runAfter": {},
                              "type": "OpenApiConnection",
                              "inputs": {
                                "host": {
                                  "connectionName": "shared_excelonlinebusiness_3",
                                  "operationId": "CreateIdColumn",
                                  "apiId": "/providers/Microsoft.PowerApps/apis/shared_excelonlinebusiness"
                                },
                                "parameters": {
                                  "source": "sites/calyxai.sharepoint.com,064775f8-bc98-4629-a7d8-28cb3a2a6772,fe060b99-8e6f-488c-b3ad-2dabdcbe3aef",
                                  "drive": "b!-HVHBpi8KUan2CjLOipncpkLBv5vjoxIs60tq9y-Ou9ksSalfhzNS61bf2cQ27xW",
                                  "file": "@outputs('Create_file_-_for_each_download_button_click_-For_Subject')?['body/Id']",
                                  "table": "Subject",
                                  "idColumn": "Screening Date"
                                },
                                "authentication": "@parameters('$authentication')"
                              }
                            }
                          }
                        }
                      },
                      "default": {
                        "actions": {}
                      },
                      "expression": "@items('Apply_to_each_2')?['mib_schedulingvatetype']",
                      "metadata": {
                        "operationMetadataId": "ad2adae2-064e-4245-8edd-2627c28d110f"
                      },
                      "type": "Switch"
                    }
                  },
                  "runAfter": {},
                  "metadata": {
                    "operationMetadataId": "2940ab89-26eb-4eef-9ce1-1eab9d9bdc1b"
                  },
                  "type": "Foreach"
                }
              },
              "runAfter": {},
              "expression": {
                "equals": [
                  "@empty(items('Apply_to_each')?['mib_schedulingvatetype@OData.Community.Display.V1.FormattedValue'])",
                  "@false"
                ]
              },
              "metadata": {
                "operationMetadataId": "bc2ad4e8-61d6-47b2-b7b2-2cd940a1113b"
              },
              "type": "If"
            }
          },
          "runAfter": {
            "List_rows-For_Defined_Visits": [
              "Succeeded"
            ]
          },
          "metadata": {
            "operationMetadataId": "9f4727de-5b78-4429-a5d8-2c03ba725d1d"
          },
          "type": "Foreach"
        },
        "Condition_-_Anonymization_Rule": {
          "actions": {
            "Add_a_key_column_to_a_table_-_Date_Of_Birth": {
              "runAfter": {},
              "metadata": {
                "operationMetadataId": "dec51fca-68a6-4856-9c4b-bbf69c799120",
                "tableId": "Subject"
              },
              "type": "OpenApiConnection",
              "inputs": {
                "host": {
                  "connectionName": "shared_excelonlinebusiness_3",
                  "operationId": "CreateIdColumn",
                  "apiId": "/providers/Microsoft.PowerApps/apis/shared_excelonlinebusiness"
                },
                "parameters": {
                  "source": "sites/calyxai.sharepoint.com,064775f8-bc98-4629-a7d8-28cb3a2a6772,fe060b99-8e6f-488c-b3ad-2dabdcbe3aef",
                  "drive": "b!-HVHBpi8KUan2CjLOipncpkLBv5vjoxIs60tq9y-Ou9ksSalfhzNS61bf2cQ27xW",
                  "file": "@outputs('Create_file_-_for_each_download_button_click_-For_Subject')?['body/Id']",
                  "table": "Subject",
                  "idColumn": "Date Of Birth"
                },
                "authentication": "@parameters('$authentication')"
              }
            }
          },
          "runAfter": {
            "Apply_to_each_-_CustomFieldDefinition_-For_Subject": [
              "Succeeded"
            ]
          },
          "expression": {
            "not": {
              "equals": [
                "@triggerOutputs()?['body/mib_dobanonymizationrule']",
                0
              ]
            }
          },
          "metadata": {
            "operationMetadataId": "a38525ca-eeb0-4609-9664-c3628887054e"
          },
          "type": "If"
        }
      },
      "outputs": {}
    }
  },
  "schemaVersion": "1.0.0.0"
}