{
  "properties": {
    "connectionReferences": {
      "shared_commondataserviceforapps": {
        "runtimeSource": "embedded",
        "connection": {
          "connectionReferenceLogicalName": "mib_MicrosoftDataverseMIBAdmin"
        },
        "api": {
          "name": "shared_commondataserviceforapps"
        }
      }
    },
    "definition": {
      "$schema": "https://schema.management.azure.com/providers/Microsoft.Logic/schemas/2016-06-01/workflowdefinition.json#",
      "contentVersion": "1.0.0.0",
      "parameters": {
        "$connections": {
          "defaultValue": {},
          "type": "Object"
        },
        "$authentication": {
          "defaultValue": {},
          "type": "SecureObject"
        }
      },
      "triggers": {
        "When_Expected_Visit_schedule_is_soft_deleted": {
          "metadata": {
            "operationMetadataId": "b91a3fd3-0854-47e3-94d3-30633973c85c"
          },
          "type": "OpenApiConnectionWebhook",
          "inputs": {
            "host": {
              "connectionName": "shared_commondataserviceforapps",
              "operationId": "SubscribeWebhookTrigger",
              "apiId": "/providers/Microsoft.PowerApps/apis/shared_commondataserviceforapps"
            },
            "parameters": {
              "subscriptionRequest/message": 3,
              "subscriptionRequest/entityname": "mib_expectedvisitschedule",
              "subscriptionRequest/scope": 4,
              "subscriptionRequest/filterexpression": "mib_softdeletepicklist eq 1"
            },
            "authentication": "@parameters('$authentication')"
          }
        }
      },
      "actions": {
        "Update_-_Expected_visit_schedule_soft_delete": {
          "runAfter": {},
          "metadata": {
            "operationMetadataId": "26009a02-f2e5-41b6-bbb2-3570ae7fd643"
          },
          "type": "OpenApiConnection",
          "inputs": {
            "host": {
              "connectionName": "shared_commondataserviceforapps",
              "operationId": "UpdateRecord",
              "apiId": "/providers/Microsoft.PowerApps/apis/shared_commondataserviceforapps"
            },
            "parameters": {
              "entityName": "mib_expectedvisitschedules",
              "recordId": "@triggerOutputs()?['body/mib_expectedvisitscheduleid']",
              "item/mib_softdelete": true,
              "item/mib_softdeletepicklist": 1,
              "item/statecode": 1
            },
            "authentication": "@parameters('$authentication')"
          }
        },
        "List_rows_-_Expected_ARM_Visit": {
          "runAfter": {
            "Update_-_Expected_visit_schedule_soft_delete": [
              "Succeeded"
            ]
          },
          "metadata": {
            "operationMetadataId": "12e2d89d-53a4-4eb4-b51c-b98ca21c86f0"
          },
          "type": "OpenApiConnection",
          "inputs": {
            "host": {
              "connectionName": "shared_commondataserviceforapps",
              "operationId": "ListRecords",
              "apiId": "/providers/Microsoft.PowerApps/apis/shared_commondataserviceforapps"
            },
            "parameters": {
              "entityName": "mib_expectedarmvisits",
              "fetchXml": "<fetch version=\"1.0\" output-format=\"xml-platform\" mapping=\"logical\" distinct=\"false\">\n  <entity name=\"mib_expectedarmvisit\">\n    <attribute name=\"mib_expectedarmvisitid\" />\n    <attribute name=\"mib_name\" />\n    <attribute name=\"createdon\" />\n    <attribute name=\"statecode\" />\n    <attribute name=\"mib_softdeletepicklist\" />\n    <attribute name=\"mib_softdelete\" />\n    <attribute name=\"mib_armvisitscheduleid\" />\n    <attribute name=\"mib_generatenumber\" />\n    <order attribute=\"mib_name\" descending=\"false\" />\n    <filter type=\"and\">\n      <condition attribute=\"mib_armvisitscheduleid\" operator=\"eq\"  value='@{outputs('Update_-_Expected_visit_schedule_soft_delete')?['body/mib_expectedvisitscheduleid']}' />\n    </filter>\n  </entity>\n</fetch>"
            },
            "authentication": "@parameters('$authentication')"
          }
        },
        "Apply_to_each_-_Arm_Visit": {
          "foreach": "@outputs('List_rows_-_Expected_ARM_Visit')?['body/value']",
          "actions": {
            "Update_-_Expected_ARM_Visit": {
              "runAfter": {},
              "metadata": {
                "operationMetadataId": "8f35df5f-6223-4c4f-9a4a-91ee34016ebf"
              },
              "type": "OpenApiConnection",
              "inputs": {
                "host": {
                  "connectionName": "shared_commondataserviceforapps",
                  "operationId": "UpdateRecord",
                  "apiId": "/providers/Microsoft.PowerApps/apis/shared_commondataserviceforapps"
                },
                "parameters": {
                  "entityName": "mib_expectedarmvisits",
                  "recordId": "@items('Apply_to_each_-_Arm_Visit')?['mib_expectedarmvisitid']",
                  "item/mib_softdelete": true,
                  "item/mib_softdeletepicklist": 1,
                  "item/statecode": 1
                },
                "authentication": "@parameters('$authentication')"
              }
            }
          },
          "runAfter": {
            "List_rows_-_Expected_ARM_Visit": [
              "Succeeded"
            ]
          },
          "metadata": {
            "operationMetadataId": "533d3137-7fa3-41f4-a74b-027e43ed3dbc"
          },
          "type": "Foreach"
        }
      }
    }
  },
  "schemaVersion": "1.0.0.0"
}