{
  "properties": {
    "connectionReferences": {
      "shared_commondataserviceforapps": {
        "runtimeSource": "embedded",
        "connection": {
          "connectionReferenceLogicalName": "mib_MicrosoftDataverseMIBAdmin"
        },
        "api": {
          "name": "shared_commondataserviceforapps"
        }
      }
    },
    "definition": {
      "$schema": "https://schema.management.azure.com/providers/Microsoft.Logic/schemas/2016-06-01/workflowdefinition.json#",
      "contentVersion": "1.0.0.0",
      "parameters": {
        "$connections": {
          "defaultValue": {},
          "type": "Object"
        },
        "$authentication": {
          "defaultValue": {},
          "type": "SecureObject"
        }
      },
      "triggers": {
        "When_Expected_ARM_Visit_is_soft_deleted": {
          "metadata": {
            "operationMetadataId": "74b735b5-6be1-4965-b089-cbe4ab7d1371"
          },
          "type": "OpenApiConnectionWebhook",
          "inputs": {
            "host": {
              "connectionName": "shared_commondataserviceforapps",
              "operationId": "SubscribeWebhookTrigger",
              "apiId": "/providers/Microsoft.PowerApps/apis/shared_commondataserviceforapps"
            },
            "parameters": {
              "subscriptionRequest/message": 3,
              "subscriptionRequest/entityname": "mib_expectedarmvisit",
              "subscriptionRequest/scope": 4,
              "subscriptionRequest/filterexpression": "mib_softdeletepicklist eq 1"
            },
            "authentication": "@parameters('$authentication')"
          }
        }
      },
      "actions": {
        "List_rows_-_ARM_visit_Image_definition": {
          "runAfter": {},
          "metadata": {
            "operationMetadataId": "87dd57f8-6a48-4f9b-b06e-9dc8119b4b73"
          },
          "type": "OpenApiConnection",
          "inputs": {
            "host": {
              "connectionName": "shared_commondataserviceforapps",
              "operationId": "ListRecords",
              "apiId": "/providers/Microsoft.PowerApps/apis/shared_commondataserviceforapps"
            },
            "parameters": {
              "entityName": "mib_armvisitmasconfigurations",
              "fetchXml": "<fetch version=\"1.0\" output-format=\"xml-platform\" mapping=\"logical\" distinct=\"false\">\n  <entity name=\"mib_armvisitmasconfiguration\">\n    <attribute name=\"mib_name\" />\n    <attribute name=\"createdon\" />\n    <attribute name=\"mib_armvisitmasconfigurationid\" />\n    <attribute name=\"statecode\" />\n    <attribute name=\"mib_softdeletepicklist\" />\n    <attribute name=\"mib_softdelete\" />\n    <attribute name=\"mib_armvisit\" />\n    <order attribute=\"mib_name\" descending=\"false\" />\n    <filter type=\"and\">\n      <condition attribute=\"mib_armvisit\" operator=\"eq\" value='@{triggerOutputs()?['body/mib_expectedarmvisitid']}' />\n    </filter>\n  </entity>\n</fetch>"
            },
            "authentication": "@parameters('$authentication')"
          }
        },
        "Apply_to_each_-Arm_Visit_Image_Definition": {
          "foreach": "@outputs('List_rows_-_ARM_visit_Image_definition')?['body/value']",
          "actions": {
            "Update_-_Arm_Visit_Image_definition": {
              "runAfter": {},
              "metadata": {
                "operationMetadataId": "450b6ce9-3d86-4037-a866-83b7a05ab92a"
              },
              "type": "OpenApiConnection",
              "inputs": {
                "host": {
                  "connectionName": "shared_commondataserviceforapps",
                  "operationId": "UpdateRecord",
                  "apiId": "/providers/Microsoft.PowerApps/apis/shared_commondataserviceforapps"
                },
                "parameters": {
                  "entityName": "mib_armvisitmasconfigurations",
                  "recordId": "@items('Apply_to_each_-Arm_Visit_Image_Definition')?['mib_armvisitmasconfigurationid']",
                  "item/mib_softdelete": true,
                  "item/mib_softdeletepicklist": 1,
                  "item/statecode": 1
                },
                "authentication": "@parameters('$authentication')"
              }
            }
          },
          "runAfter": {
            "List_rows_-_ARM_visit_Image_definition": [
              "Succeeded"
            ]
          },
          "metadata": {
            "operationMetadataId": "e3a8a52b-be16-4c34-991a-b0c8e7b7fada"
          },
          "type": "Foreach"
        }
      }
    }
  },
  "schemaVersion": "1.0.0.0"
}