{
  "properties": {
    "connectionReferences": {
      "shared_commondataserviceforapps": {
        "runtimeSource": "embedded",
        "connection": {
          "connectionReferenceLogicalName": "mib_MicrosoftDataverseMIBAdmin"
        },
        "api": {
          "name": "shared_commondataserviceforapps"
        }
      }
    },
    "definition": {
      "$schema": "https://schema.management.azure.com/providers/Microsoft.Logic/schemas/2016-06-01/workflowdefinition.json#",
      "contentVersion": "1.0.0.0",
      "parameters": {
        "$connections": {
          "defaultValue": {},
          "type": "Object"
        },
        "$authentication": {
          "defaultValue": {},
          "type": "SecureObject"
        }
      },
      "triggers": {
        "manual": {
          "metadata": {
            "operationMetadataId": "f000a707-2a32-48fe-984c-86533f70c30e"
          },
          "type": "Request",
          "kind": "Http",
          "inputs": {}
        }
      },
      "actions": {
        "Compose": {
          "runAfter": {
            "Initialize_variable_-_SiteAccountUUID": [
              "Succeeded"
            ]
          },
          "metadata": {
            "operationMetadataId": "5f1abfd4-b57b-4aaa-b6ea-6786641d41a1"
          },
          "type": "Compose",
          "inputs": "@triggerBody()?['PreEntityImages']"
        },
        "Apply_to_each": {
          "foreach": "@outputs('Compose')",
          "actions": {
            "Parse_JSON": {
              "runAfter": {},
              "metadata": {
                "operationMetadataId": "ffd54257-9b5e-4c78-a56c-4d26996ea40d"
              },
              "type": "ParseJson",
              "inputs": {
                "content": "@items('Apply_to_each')?['value']",
                "schema": {
                  "type": "object",
                  "properties": {
                    "Attributes": {
                      "type": "array",
                      "items": {
                        "type": "object",
                        "properties": {
                          "key": {
                            "type": "string"
                          },
                          "value": {
                            "type": "object",
                            "properties": {
                              "__type": {
                                "type": "string"
                              },
                              "Id": {
                                "type": "string"
                              },
                              "KeyAttributes": {
                                "type": "array"
                              },
                              "LogicalName": {
                                "type": "string"
                              },
                              "Name": {
                                "type": "string"
                              },
                              "RowVersion": {}
                            }
                          }
                        },
                        "required": [
                          "key",
                          "value"
                        ]
                      }
                    },
                    "EntityState": {},
                    "FormattedValues": {
                      "type": "array",
                      "items": {
                        "type": "object",
                        "properties": {
                          "key": {
                            "type": "string"
                          },
                          "value": {
                            "type": "string"
                          }
                        },
                        "required": [
                          "key",
                          "value"
                        ]
                      }
                    },
                    "Id": {
                      "type": "string"
                    },
                    "KeyAttributes": {
                      "type": "array"
                    },
                    "LogicalName": {
                      "type": "string"
                    },
                    "RelatedEntities": {
                      "type": "array"
                    },
                    "RowVersion": {}
                  }
                }
              }
            },
            "Apply_to_each_2": {
              "foreach": "@body('Parse_JSON')?['Attributes']",
              "actions": {
                "Set_variable_-_Site_GUID": {
                  "runAfter": {},
                  "metadata": {
                    "operationMetadataId": "6ddf56f2-6135-494a-9920-3f5cdb9ef652"
                  },
                  "type": "SetVariable",
                  "inputs": {
                    "name": "Site GUID",
                    "value": "@{items('Apply_to_each_2')?['value']?['Id']}"
                  }
                }
              },
              "runAfter": {
                "Parse_JSON": [
                  "Succeeded"
                ]
              },
              "metadata": {
                "operationMetadataId": "577e6302-bd68-446c-ba31-d034a6dab183"
              },
              "type": "Foreach"
            }
          },
          "runAfter": {
            "Compose": [
              "Succeeded"
            ]
          },
          "metadata": {
            "operationMetadataId": "c6773a81-13f3-4cbf-bf6b-46dda7a0c1b8"
          },
          "type": "Foreach"
        },
        "Initialize_variable_-_Site_GUID": {
          "runAfter": {},
          "metadata": {
            "operationMetadataId": "626c2742-c75d-46eb-9c2b-cae8dab45a9d"
          },
          "type": "InitializeVariable",
          "inputs": {
            "variables": [
              {
                "name": "Site GUID",
                "type": "string"
              }
            ]
          }
        },
        "Condition_to_check_the_Site_GUID_is_blank": {
          "actions": {},
          "runAfter": {
            "Apply_to_each": [
              "Succeeded"
            ]
          },
          "else": {
            "actions": {
              "Get_a_row_by_ID": {
                "runAfter": {},
                "metadata": {
                  "operationMetadataId": "83e9a209-536b-4d6f-bcdb-45950ba71fa7"
                },
                "type": "OpenApiConnection",
                "inputs": {
                  "host": {
                    "connectionName": "shared_commondataserviceforapps",
                    "operationId": "GetItem",
                    "apiId": "/providers/Microsoft.PowerApps/apis/shared_commondataserviceforapps"
                  },
                  "parameters": {
                    "entityName": "new_sites",
                    "recordId": "@variables('Site GUID')",
                    "$select": "mib_uuid,new_sitename"
                  },
                  "authentication": "@parameters('$authentication')"
                }
              },
              "Condition": {
                "actions": {},
                "runAfter": {
                  "Get_a_row_by_ID": [
                    "Succeeded"
                  ]
                },
                "else": {
                  "actions": {
                    "Set_variable": {
                      "runAfter": {},
                      "metadata": {
                        "operationMetadataId": "d8b1415e-a275-49cf-93e4-8f52ea763453"
                      },
                      "type": "SetVariable",
                      "inputs": {
                        "name": "UUID",
                        "value": "@outputs('Get_a_row_by_ID')?['body/mib_uuid']"
                      }
                    },
                    "Get_Default_System_Configuration": {
                      "runAfter": {
                        "Set_variable": [
                          "Succeeded"
                        ]
                      },
                      "metadata": {
                        "operationMetadataId": "853e2b09-1c5c-49af-905f-ebc2eaf7e566"
                      },
                      "type": "OpenApiConnection",
                      "inputs": {
                        "host": {
                          "connectionName": "shared_commondataserviceforapps",
                          "operationId": "ListRecords",
                          "apiId": "/providers/Microsoft.PowerApps/apis/shared_commondataserviceforapps"
                        },
                        "parameters": {
                          "entityName": "mib_systemconfigurations",
                          "$filter": "mib_name eq 'Default'",
                          "$top": 1
                        },
                        "authentication": "@parameters('$authentication')"
                      }
                    },
                    "Foreach_System_Configuration": {
                      "foreach": "@outputs('Get_Default_System_Configuration')?['body/value']",
                      "actions": {
                        "Set_Password_variable": {
                          "runAfter": {
                            "Set_UserName_variable": [
                              "Succeeded"
                            ]
                          },
                          "metadata": {
                            "operationMetadataId": "4d13ed91-69a2-4c9f-a370-ec93debcd45c"
                          },
                          "type": "SetVariable",
                          "inputs": {
                            "name": "Password",
                            "value": "@items('Foreach_System_Configuration')?['mib_ambrapassword']"
                          }
                        },
                        "Set_Service_Url_variable": {
                          "runAfter": {},
                          "metadata": {
                            "operationMetadataId": "bb8901d5-5f0b-449c-8ff3-8c7a7c250d28"
                          },
                          "type": "SetVariable",
                          "inputs": {
                            "name": "Service_Url",
                            "value": "@items('Foreach_System_Configuration')?['mib_ambraserviceurl']"
                          }
                        },
                        "Set_UserName_variable": {
                          "runAfter": {
                            "Set_Service_Url_variable": [
                              "Succeeded"
                            ]
                          },
                          "metadata": {
                            "operationMetadataId": "c7205c49-25b7-400d-82cb-ffc0294c0041"
                          },
                          "type": "SetVariable",
                          "inputs": {
                            "name": "UserName",
                            "value": "@items('Foreach_System_Configuration')?['mib_ambrausername']"
                          }
                        },
                        "Set_variable_-_SiteAccountUUID": {
                          "runAfter": {
                            "Set_Password_variable": [
                              "Succeeded"
                            ]
                          },
                          "metadata": {
                            "operationMetadataId": "b7d47880-8d0b-4de4-91de-4e269b5784cc"
                          },
                          "type": "SetVariable",
                          "inputs": {
                            "name": "SiteAccountUUID",
                            "value": "@items('Foreach_System_Configuration')?['mib_siteaccountuuid']"
                          }
                        }
                      },
                      "runAfter": {
                        "Get_Default_System_Configuration": [
                          "Succeeded"
                        ]
                      },
                      "metadata": {
                        "operationMetadataId": "39c8f424-8328-4582-9e76-421e70e9e1f9"
                      },
                      "type": "Foreach"
                    },
                    "Add_a_ECC_Record_for_Message_Type:_AmbraUpdateGlobalSiteSessionAPI": {
                      "runAfter": {
                        "Foreach_System_Configuration": [
                          "Succeeded"
                        ]
                      },
                      "metadata": {
                        "operationMetadataId": "3850bfc9-6764-4af7-ad65-0a0b4730370b"
                      },
                      "type": "OpenApiConnection",
                      "inputs": {
                        "host": {
                          "connectionName": "shared_commondataserviceforapps",
                          "operationId": "CreateRecord",
                          "apiId": "/providers/Microsoft.PowerApps/apis/shared_commondataserviceforapps"
                        },
                        "parameters": {
                          "entityName": "mib_eccqueues",
                          "item/mib_createddatetime": "@utcNow()",
                          "item/mib_direction": 913380001,
                          "item/mib_integrationmessagetype": 21,
                          "item/mib_name": "Update Site - @{outputs('Get_a_row_by_ID')?['body/new_sitename']}",
                          "item/mib_requestfor": 913380001,
                          "item/mib_state": 913380004
                        },
                        "authentication": "@parameters('$authentication')"
                      }
                    },
                    "HTTP_-_SessionLogin(Update)": {
                      "runAfter": {
                        "Add_a_ECC_Record_for_Message_Type:_AmbraUpdateGlobalSiteSessionAPI": [
                          "Succeeded"
                        ]
                      },
                      "metadata": {
                        "operationMetadataId": "4dbfaef5-67f9-443c-a1ce-ac204a9e3b5d"
                      },
                      "type": "Http",
                      "inputs": {
                        "method": "POST",
                        "uri": "@{variables('Service_Url')}/api/v3/session/login",
                        "headers": {
                          "Content-Type": "application/x-www-form-urlencoded"
                        },
                        "body": "login=@{variables('UserName')}&password=@{variables('Password')}"
                      }
                    },
                    "Failed_Update_ECC_Record_for_Message_Type:_AmbraUpdateGlobalSiteSessionAPI": {
                      "runAfter": {
                        "HTTP_-_SessionLogin(Update)": [
                          "Failed",
                          "TimedOut"
                        ]
                      },
                      "metadata": {
                        "operationMetadataId": "25232855-a12a-4a09-b2cb-cf9190906b0c"
                      },
                      "type": "OpenApiConnection",
                      "inputs": {
                        "host": {
                          "connectionName": "shared_commondataserviceforapps",
                          "operationId": "UpdateRecord",
                          "apiId": "/providers/Microsoft.PowerApps/apis/shared_commondataserviceforapps"
                        },
                        "parameters": {
                          "entityName": "mib_eccqueues",
                          "recordId": "@outputs('Add_a_ECC_Record_for_Message_Type:_AmbraUpdateGlobalSiteSessionAPI')?['body/mib_eccqueueid']",
                          "item/mib_body": "@body('HTTP_-_SessionLogin(Update)')",
                          "item/mib_headers": "@outputs('HTTP_-_SessionLogin(Update)')['headers']",
                          "item/mib_method": "POST",
                          "item/mib_processeddatetime": "@utcNow()",
                          "item/mib_state": 913380006
                        },
                        "authentication": "@parameters('$authentication')"
                      }
                    },
                    "Update_ECC_Record_for_Message_Type:_AmbraUpdateGlobalSiteSessionAPI": {
                      "runAfter": {
                        "Failed_Update_ECC_Record_for_Message_Type:_AmbraUpdateGlobalSiteSessionAPI": [
                          "Skipped"
                        ]
                      },
                      "metadata": {
                        "operationMetadataId": "07684d69-0a80-45ce-9ed7-964c335e5663"
                      },
                      "type": "OpenApiConnection",
                      "inputs": {
                        "host": {
                          "connectionName": "shared_commondataserviceforapps",
                          "operationId": "UpdateRecord",
                          "apiId": "/providers/Microsoft.PowerApps/apis/shared_commondataserviceforapps"
                        },
                        "parameters": {
                          "entityName": "mib_eccqueues",
                          "recordId": "@outputs('Add_a_ECC_Record_for_Message_Type:_AmbraUpdateGlobalSiteSessionAPI')?['body/mib_eccqueueid']",
                          "item/mib_body": "@body('HTTP_-_SessionLogin(Update)')",
                          "item/mib_headers": "@outputs('HTTP_-_SessionLogin(Update)')['headers']",
                          "item/mib_method": "POST",
                          "item/mib_processeddatetime": "@utcNow()",
                          "item/mib_state": 913380002
                        },
                        "authentication": "@parameters('$authentication')"
                      }
                    },
                    "Parse_JSON_2": {
                      "runAfter": {
                        "Update_ECC_Record_for_Message_Type:_AmbraUpdateGlobalSiteSessionAPI": [
                          "Succeeded"
                        ]
                      },
                      "metadata": {
                        "operationMetadataId": "43d662b9-9b52-4fd2-941f-41877df7fd23"
                      },
                      "type": "ParseJson",
                      "inputs": {
                        "content": "@body('HTTP_-_SessionLogin(Update)')",
                        "schema": {
                          "type": "object",
                          "properties": {
                            "sid": {
                              "type": "string"
                            }
                          }
                        }
                      }
                    },
                    "Add_a_ECC_Record_for_Message_Type:_AmbraAddGlobalSiteUpdateSiteAPI": {
                      "runAfter": {
                        "Parse_JSON_2": [
                          "Succeeded"
                        ]
                      },
                      "metadata": {
                        "operationMetadataId": "81be00f7-3ad4-417a-a83a-949a1e511949"
                      },
                      "type": "OpenApiConnection",
                      "inputs": {
                        "host": {
                          "connectionName": "shared_commondataserviceforapps",
                          "operationId": "CreateRecord",
                          "apiId": "/providers/Microsoft.PowerApps/apis/shared_commondataserviceforapps"
                        },
                        "parameters": {
                          "entityName": "mib_eccqueues",
                          "item/mib_createddatetime": "@utcNow()",
                          "item/mib_direction": 913380001,
                          "item/mib_integrationmessagetype": 22,
                          "item/mib_name": "Update Site - @{outputs('Get_a_row_by_ID')?['body/new_sitename']}",
                          "item/mib_requestfor": 913380004,
                          "item/mib_state": 913380004
                        },
                        "authentication": "@parameters('$authentication')"
                      }
                    },
                    "HTTP_-_Update_Site": {
                      "runAfter": {
                        "Add_a_ECC_Record_for_Message_Type:_AmbraAddGlobalSiteUpdateSiteAPI": [
                          "Succeeded"
                        ]
                      },
                      "metadata": {
                        "operationMetadataId": "7756d2ee-76be-4601-8bcc-a3a262a57e39"
                      },
                      "type": "Http",
                      "inputs": {
                        "method": "POST",
                        "uri": "@{variables('Service_Url')}/api/v3/site/set",
                        "headers": {
                          "Content-Type": "application/x-www-form-urlencoded"
                        },
                        "body": "sid=@{body('Parse_JSON_2')?['sid']}&uuid=@{variables('UUID')}&country=@{variables('Blankvalue')}&state=@{variables('Blankvalue')}&zip=@{variables('Blankvalue')}&city=@{variables('Blankvalue')}&address1=@{variables('Blankvalue')}&address2=@{variables('Blankvalue')}"
                      }
                    },
                    "Failed_Update_ECC_Record_for_Message_Type_:_AmbraAddGlobalSiteUpdateSiteAPI": {
                      "runAfter": {
                        "HTTP_-_Update_Site": [
                          "Failed",
                          "TimedOut"
                        ]
                      },
                      "metadata": {
                        "operationMetadataId": "10e2a2a3-6eaf-4b6f-b6e2-3c8c68f37484"
                      },
                      "type": "OpenApiConnection",
                      "inputs": {
                        "host": {
                          "connectionName": "shared_commondataserviceforapps",
                          "operationId": "UpdateRecord",
                          "apiId": "/providers/Microsoft.PowerApps/apis/shared_commondataserviceforapps"
                        },
                        "parameters": {
                          "entityName": "mib_eccqueues",
                          "recordId": "@outputs('Add_a_ECC_Record_for_Message_Type:_AmbraAddGlobalSiteUpdateSiteAPI')?['body/mib_eccqueueid']",
                          "item/mib_body": "@body('HTTP_-_Update_Site')",
                          "item/mib_headers": "@outputs('HTTP_-_Update_Site')['headers']",
                          "item/mib_method": "POST",
                          "item/mib_processeddatetime": "@utcNow()",
                          "item/mib_state": 913380006
                        },
                        "authentication": "@parameters('$authentication')"
                      }
                    },
                    "Update_ECC_Record_for_Message_Type_:_AmbraAddGlobalSiteUpdateSiteAPI": {
                      "runAfter": {
                        "Failed_Update_ECC_Record_for_Message_Type_:_AmbraAddGlobalSiteUpdateSiteAPI": [
                          "Skipped"
                        ]
                      },
                      "metadata": {
                        "operationMetadataId": "853b34c2-ec56-43de-addf-fffd430fdfb2"
                      },
                      "type": "OpenApiConnection",
                      "inputs": {
                        "host": {
                          "connectionName": "shared_commondataserviceforapps",
                          "operationId": "UpdateRecord",
                          "apiId": "/providers/Microsoft.PowerApps/apis/shared_commondataserviceforapps"
                        },
                        "parameters": {
                          "entityName": "mib_eccqueues",
                          "recordId": "@outputs('Add_a_ECC_Record_for_Message_Type:_AmbraAddGlobalSiteUpdateSiteAPI')?['body/mib_eccqueueid']",
                          "item/mib_body": "@body('HTTP_-_Update_Site')",
                          "item/mib_headers": "@outputs('HTTP_-_Update_Site')['headers']",
                          "item/mib_method": "POST",
                          "item/mib_processeddatetime": "@utcNow()",
                          "item/mib_state": 913380002
                        },
                        "authentication": "@parameters('$authentication')"
                      }
                    },
                    "Condition_2": {
                      "actions": {
                        "Update_Site_with_Error": {
                          "runAfter": {},
                          "metadata": {
                            "operationMetadataId": "814647dc-3858-42f0-ae9c-f9bb83270d43"
                          },
                          "type": "OpenApiConnection",
                          "inputs": {
                            "host": {
                              "connectionName": "shared_commondataserviceforapps",
                              "operationId": "UpdateRecord",
                              "apiId": "/providers/Microsoft.PowerApps/apis/shared_commondataserviceforapps"
                            },
                            "parameters": {
                              "entityName": "new_sites",
                              "recordId": "@variables('Site GUID')",
                              "item/mib_status": "Address @{body('HTTP_-_Update_Site')?['status']} - @{body('HTTP_-_Update_Site')?['error_type']}"
                            },
                            "authentication": "@parameters('$authentication')"
                          }
                        }
                      },
                      "runAfter": {
                        "Update_ECC_Record_for_Message_Type_:_AmbraAddGlobalSiteUpdateSiteAPI": [
                          "Succeeded",
                          "Failed",
                          "Skipped",
                          "TimedOut"
                        ]
                      },
                      "else": {
                        "actions": {
                          "Update_a_row_2": {
                            "runAfter": {},
                            "metadata": {
                              "operationMetadataId": "e23cb218-6641-4236-a075-212b5fd416cb"
                            },
                            "type": "OpenApiConnection",
                            "inputs": {
                              "host": {
                                "connectionName": "shared_commondataserviceforapps",
                                "operationId": "UpdateRecord",
                                "apiId": "/providers/Microsoft.PowerApps/apis/shared_commondataserviceforapps"
                              },
                              "parameters": {
                                "entityName": "new_sites",
                                "recordId": "@variables('Site GUID')",
                                "item/mib_status": "In Sync"
                              },
                              "authentication": "@parameters('$authentication')"
                            }
                          }
                        }
                      },
                      "expression": {
                        "equals": [
                          "@toLower(body('HTTP_-_Update_Site')?['status'])",
                          "error"
                        ]
                      },
                      "metadata": {
                        "operationMetadataId": "ed67947f-0585-437c-813b-f2bec9e12361"
                      },
                      "type": "If"
                    }
                  }
                },
                "expression": {
                  "equals": [
                    "@empty(outputs('Get_a_row_by_ID')?['body/mib_uuid'])",
                    "@true"
                  ]
                },
                "metadata": {
                  "operationMetadataId": "bc30c53a-102c-4b1f-b074-3718ccc91d80"
                },
                "type": "If"
              }
            }
          },
          "expression": {
            "equals": [
              "@variables('Site GUID')",
              ""
            ]
          },
          "metadata": {
            "operationMetadataId": "58d858c4-5e3c-47b0-8eb4-754a7af861d9"
          },
          "type": "If"
        },
        "Initialize_variable_-_UUID": {
          "runAfter": {
            "Initialize_variable_-_Site_GUID": [
              "Succeeded"
            ]
          },
          "metadata": {
            "operationMetadataId": "62255666-c247-45d8-bdf4-8a4f3329b4e6"
          },
          "type": "InitializeVariable",
          "inputs": {
            "variables": [
              {
                "name": "UUID",
                "type": "string"
              }
            ]
          }
        },
        "Initialize_variable_-_BlankValue": {
          "runAfter": {
            "Initialize_variable_-_UUID": [
              "Succeeded"
            ]
          },
          "metadata": {
            "operationMetadataId": "c16aeb96-8146-41e0-8c87-775eca36e403"
          },
          "type": "InitializeVariable",
          "inputs": {
            "variables": [
              {
                "name": "Blankvalue",
                "type": "string"
              }
            ]
          }
        },
        "Initialize_Service_Url_variable": {
          "runAfter": {
            "Initialize_variable_-_BlankValue": [
              "Succeeded"
            ]
          },
          "metadata": {
            "operationMetadataId": "175e892f-cdb7-406b-8dc9-1522b5ad26ba"
          },
          "type": "InitializeVariable",
          "inputs": {
            "variables": [
              {
                "name": "Service_Url",
                "type": "string"
              }
            ]
          }
        },
        "Initialize_UserName_variable": {
          "runAfter": {
            "Initialize_Service_Url_variable": [
              "Succeeded"
            ]
          },
          "metadata": {
            "operationMetadataId": "8e910bde-a14d-4fc3-9927-9d3a83a29149"
          },
          "type": "InitializeVariable",
          "inputs": {
            "variables": [
              {
                "name": "UserName",
                "type": "string"
              }
            ]
          }
        },
        "Initialize_Password_variable": {
          "runAfter": {
            "Initialize_UserName_variable": [
              "Succeeded"
            ]
          },
          "metadata": {
            "operationMetadataId": "15778a75-cf91-4205-8b4b-54fcad218616"
          },
          "type": "InitializeVariable",
          "inputs": {
            "variables": [
              {
                "name": "Password",
                "type": "string"
              }
            ]
          }
        },
        "Initialize_variable_-_SiteAccountUUID": {
          "runAfter": {
            "Initialize_Password_variable": [
              "Succeeded"
            ]
          },
          "metadata": {
            "operationMetadataId": "45105600-6761-420b-ac92-a6370a9d0a62"
          },
          "type": "InitializeVariable",
          "inputs": {
            "variables": [
              {
                "name": "SiteAccountUUID",
                "type": "string"
              }
            ]
          }
        }
      },
      "outputs": {}
    }
  },
  "schemaVersion": "1.0.0.0"
}