{
  "properties": {
    "connectionReferences": {
      "shared_commondataserviceforapps": {
        "runtimeSource": "embedded",
        "connection": {},
        "api": {
          "name": "shared_commondataserviceforapps"
        }
      },
      "shared_sharepointonline": {
        "runtimeSource": "embedded",
        "connection": {},
        "api": {
          "name": "shared_sharepointonline"
        }
      }
    },
    "definition": {
      "$schema": "https://schema.management.azure.com/providers/Microsoft.Logic/schemas/2016-06-01/workflowdefinition.json#",
      "contentVersion": "1.0.0.0",
      "parameters": {
        "$connections": {
          "defaultValue": {},
          "type": "Object"
        },
        "$authentication": {
          "defaultValue": {},
          "type": "SecureObject"
        }
      },
      "triggers": {
        "When_a_study_is_added_-_set_predefined_excel_template_with_it": {
          "metadata": {
            "operationMetadataId": "8ed080f5-5f3b-4aca-b92e-ac1d62e3848f"
          },
          "type": "OpenApiConnectionWebhook",
          "inputs": {
            "host": {
              "connectionName": "shared_commondataserviceforapps",
              "operationId": "SubscribeWebhookTrigger",
              "apiId": "/providers/Microsoft.PowerApps/apis/shared_commondataserviceforapps"
            },
            "parameters": {
              "subscriptionRequest/message": 1,
              "subscriptionRequest/entityname": "new_study",
              "subscriptionRequest/scope": 4
            },
            "authentication": "@parameters('$authentication')"
          }
        }
      },
      "actions": {
        "Update_a_Study_-_DocumentBase64": {
          "runAfter": {
            "Get_file_content_of_predefined_Excel_file_-_For_Subject": [
              "Succeeded"
            ]
          },
          "metadata": {
            "operationMetadataId": "ade48bbe-978f-4689-9b9d-100888c859c7"
          },
          "type": "OpenApiConnection",
          "inputs": {
            "host": {
              "connectionName": "shared_commondataserviceforapps",
              "operationId": "UpdateRecord",
              "apiId": "/providers/Microsoft.PowerApps/apis/shared_commondataserviceforapps"
            },
            "parameters": {
              "entityName": "new_studies",
              "recordId": "@triggerOutputs()?['body/new_studyid']",
              "item/mib_bulkuploaddocumentbase64": "@base64(outputs('Get_file_content_of_predefined_Excel_file')?['body'])",
              "item/mib_downloadtemplateurl": "@concat(triggerOutputs()?['body/new_name'],'_0.0.0.xlsx')",
              "item/mib_subjectbulkuploaddocument": "@base64(outputs('Get_file_content_of_predefined_Excel_file_-_For_Subject')?['body'])"
            },
            "authentication": "@parameters('$authentication')"
          }
        },
        "Get_file_content_of_predefined_Excel_file": {
          "runAfter": {},
          "metadata": {
            "operationMetadataId": "c582ac13-5b82-4673-a8b3-d56c2b736ca1"
          },
          "type": "OpenApiConnection",
          "inputs": {
            "host": {
              "connectionName": "shared_sharepointonline",
              "operationId": "GetFileContentByPath",
              "apiId": "/providers/Microsoft.PowerApps/apis/shared_sharepointonline"
            },
            "parameters": {
              "dataset": "https://calyxai.sharepoint.com/sites/MiEco",
              "path": "/MIB Ecosystem/Download BulkUpload Template/StudyBulkUpload Final Template.xlsx",
              "inferContentType": true
            },
            "authentication": "@parameters('$authentication')"
          }
        },
        "Get_file_content_of_predefined_Excel_file_-_For_Subject": {
          "runAfter": {
            "Get_file_content_of_predefined_Excel_file": [
              "Succeeded"
            ]
          },
          "metadata": {
            "operationMetadataId": "c582ac13-5b82-4673-a8b3-d56c2b736ca1"
          },
          "type": "OpenApiConnection",
          "inputs": {
            "host": {
              "connectionName": "shared_sharepointonline",
              "operationId": "GetFileContentByPath",
              "apiId": "/providers/Microsoft.PowerApps/apis/shared_sharepointonline"
            },
            "parameters": {
              "dataset": "https://calyxai.sharepoint.com/sites/MiEco",
              "path": "/MIB Ecosystem/Download BulkUpload Template/Subject Final Template.xlsx",
              "inferContentType": true
            },
            "authentication": "@parameters('$authentication')"
          }
        }
      },
      "outputs": {}
    }
  },
  "schemaVersion": "1.0.0.0"
}