{
  "properties": {
    "connectionReferences": {
      "shared_commondataserviceforapps": {
        "runtimeSource": "embedded",
        "connection": {
          "connectionReferenceLogicalName": "mib_MicrosoftDataverseMIBAdmin"
        },
        "api": {
          "name": "shared_commondataserviceforapps"
        }
      }
    },
    "definition": {
      "$schema": "https://schema.management.azure.com/providers/Microsoft.Logic/schemas/2016-06-01/workflowdefinition.json#",
      "contentVersion": "1.0.0.0",
      "parameters": {
        "$connections": {
          "defaultValue": {},
          "type": "Object"
        },
        "$authentication": {
          "defaultValue": {},
          "type": "SecureObject"
        }
      },
      "triggers": {
        "When_Arm_is_soft_delete": {
          "metadata": {
            "operationMetadataId": "d5b23dd6-f038-4730-8e7d-fcc84fa3121b"
          },
          "type": "OpenApiConnectionWebhook",
          "inputs": {
            "host": {
              "connectionName": "shared_commondataserviceforapps",
              "operationId": "SubscribeWebhookTrigger",
              "apiId": "/providers/Microsoft.PowerApps/apis/shared_commondataserviceforapps"
            },
            "parameters": {
              "subscriptionRequest/message": 3,
              "subscriptionRequest/entityname": "new_arm",
              "subscriptionRequest/scope": 4,
              "subscriptionRequest/filterexpression": "mib_softdeletepicklist eq 1"
            },
            "authentication": "@parameters('$authentication')"
          }
        }
      },
      "actions": {
        "List_rows_-_Expected_Visit_Schedules": {
          "runAfter": {},
          "metadata": {
            "operationMetadataId": "bb34b69f-23af-4ecf-b3ab-373620857e9d"
          },
          "type": "OpenApiConnection",
          "inputs": {
            "host": {
              "connectionName": "shared_commondataserviceforapps",
              "operationId": "ListRecords",
              "apiId": "/providers/Microsoft.PowerApps/apis/shared_commondataserviceforapps"
            },
            "parameters": {
              "entityName": "mib_expectedvisitschedules",
              "fetchXml": "<fetch version=\"1.0\" output-format=\"xml-platform\" mapping=\"logical\" distinct=\"false\">\n  <entity name=\"mib_expectedvisitschedule\">\n    <attribute name=\"mib_expectedvisitscheduleid\" />\n    <attribute name=\"mib_name\" />\n    <attribute name=\"createdon\" />\n    <attribute name=\"statecode\" />\n    <attribute name=\"mib_softdeletepicklist\" />\n    <attribute name=\"mib_softdelete\" />\n    <attribute name=\"mib_armid\" />\n    <order attribute=\"mib_name\" descending=\"false\" />\n    <filter type=\"and\">\n      <condition attribute=\"mib_armid\" operator=\"eq\"  value='@{triggerOutputs()?['body/new_armid']}' />\n    </filter>\n  </entity>\n</fetch>"
            },
            "authentication": "@parameters('$authentication')"
          }
        },
        "Apply_to_each_-_expected_visit_schedule": {
          "foreach": "@outputs('List_rows_-_Expected_Visit_Schedules')?['body/value']",
          "actions": {
            "Update_-_Expected_visit_schedule_soft_delete": {
              "runAfter": {},
              "metadata": {
                "operationMetadataId": "26009a02-f2e5-41b6-bbb2-3570ae7fd643"
              },
              "type": "OpenApiConnection",
              "inputs": {
                "host": {
                  "connectionName": "shared_commondataserviceforapps",
                  "operationId": "UpdateRecord",
                  "apiId": "/providers/Microsoft.PowerApps/apis/shared_commondataserviceforapps"
                },
                "parameters": {
                  "entityName": "mib_expectedvisitschedules",
                  "recordId": "@items('Apply_to_each_-_expected_visit_schedule')?['mib_expectedvisitscheduleid']",
                  "item/mib_softdelete": true,
                  "item/mib_softdeletepicklist": 1,
                  "item/statecode": 1
                },
                "authentication": "@parameters('$authentication')"
              }
            }
          },
          "runAfter": {
            "List_rows_-_Expected_Visit_Schedules": [
              "Succeeded"
            ]
          },
          "metadata": {
            "operationMetadataId": "a3df720a-bb0c-49c5-b093-22a8da486b97"
          },
          "type": "Foreach"
        }
      }
    }
  },
  "schemaVersion": "1.0.0.0"
}