<customapiresponseproperty uniquename="mib_errormessage">
  <description default="Study Configuration Cloning Message">
    <label description="Study Configuration Cloning Message" languagecode="1033" />
  </description>
  <displayname default="Study Configuration Cloning Message">
    <label description="Study Configuration Cloning Message" languagecode="1033" />
  </displayname>
  <iscustomizable>1</iscustomizable>
  <name>Study Configuration Cloning Message</name>
  <type>10</type>
</customapiresponseproperty>