<customapirequestparameter uniquename="mib_studyconfigversionid">
  <description default="Study Configuration Version ID">
    <label description="Study Configuration Version ID" languagecode="1033" />
  </description>
  <displayname default="Study Configuration Version ID">
    <label description="Study Configuration Version ID" languagecode="1033" />
  </displayname>
  <iscustomizable>1</iscustomizable>
  <isoptional>0</isoptional>
  <name>Study Configuration Version ID</name>
  <type>12</type>
</customapirequestparameter>