<customapi uniquename="mib_studyconfigurationversion">
  <allowedcustomprocessingsteptype>0</allowedcustomprocessingsteptype>
  <bindingtype>1</bindingtype>
  <boundentitylogicalname>new_studyversion</boundentitylogicalname>
  <description default="Study Configuration Version">
    <label description="Study Configuration Version" languagecode="1033" />
  </description>
  <displayname default="Study Configuration Version">
    <label description="Study Configuration Version" languagecode="1033" />
  </displayname>
  <iscustomizable>1</iscustomizable>
  <isfunction>0</isfunction>
  <isprivate>0</isprivate>
  <name>Study Configuration Version</name>
  <plugintypeid>
    <plugintypeid>2c2a1fd7-818d-4bd5-8af7-172b59b80fe6</plugintypeid>
  </plugintypeid>
  <workflowsdkstepenabled>0</workflowsdkstepenabled>
</customapi>