﻿<?xml version="1.0" encoding="utf-8"?>
<ImportExportXml version="9.2.22041.160" SolutionPackageVersion="9.2" languagecode="1033" generatedBy="CrmLive" xmlns:xsi="http://www.w3.org/2001/XMLSchema-instance">
  <SolutionManifest>
    <UniqueName>MIBSolution</UniqueName>
    <LocalizedNames>
      <LocalizedName description="MIBSolution" languagecode="1033" />
    </LocalizedNames>
    <Descriptions />
    <Version>1.0.101</Version>
    <Managed>0</Managed>
    <Publisher>
      <UniqueName>MIBackbonePublisher</UniqueName>
      <LocalizedNames>
        <LocalizedName description="MI Backbone Publisher" languagecode="1033" />
      </LocalizedNames>
      <Descriptions />
      <EMailAddress xsi:nil="true"></EMailAddress>
      <SupportingWebsiteUrl xsi:nil="true"></SupportingWebsiteUrl>
      <CustomizationPrefix>mib</CustomizationPrefix>
      <CustomizationOptionValuePrefix>91338</CustomizationOptionValuePrefix>
      <Addresses>
        <Address>
          <AddressNumber>1</AddressNumber>
          <AddressTypeCode>1</AddressTypeCode>
          <City xsi:nil="true"></City>
          <County xsi:nil="true"></County>
          <Country xsi:nil="true"></Country>
          <Fax xsi:nil="true"></Fax>
          <FreightTermsCode xsi:nil="true"></FreightTermsCode>
          <ImportSequenceNumber xsi:nil="true"></ImportSequenceNumber>
          <Latitude xsi:nil="true"></Latitude>
          <Line1 xsi:nil="true"></Line1>
          <Line2 xsi:nil="true"></Line2>
          <Line3 xsi:nil="true"></Line3>
          <Longitude xsi:nil="true"></Longitude>
          <Name xsi:nil="true"></Name>
          <PostalCode xsi:nil="true"></PostalCode>
          <PostOfficeBox xsi:nil="true"></PostOfficeBox>
          <PrimaryContactName xsi:nil="true"></PrimaryContactName>
          <ShippingMethodCode>1</ShippingMethodCode>
          <StateOrProvince xsi:nil="true"></StateOrProvince>
          <Telephone1 xsi:nil="true"></Telephone1>
          <Telephone2 xsi:nil="true"></Telephone2>
          <Telephone3 xsi:nil="true"></Telephone3>
          <TimeZoneRuleVersionNumber xsi:nil="true"></TimeZoneRuleVersionNumber>
          <UPSZone xsi:nil="true"></UPSZone>
          <UTCOffset xsi:nil="true"></UTCOffset>
          <UTCConversionTimeZoneCode xsi:nil="true"></UTCConversionTimeZoneCode>
        </Address>
        <Address>
          <AddressNumber>2</AddressNumber>
          <AddressTypeCode>1</AddressTypeCode>
          <City xsi:nil="true"></City>
          <County xsi:nil="true"></County>
          <Country xsi:nil="true"></Country>
          <Fax xsi:nil="true"></Fax>
          <FreightTermsCode xsi:nil="true"></FreightTermsCode>
          <ImportSequenceNumber xsi:nil="true"></ImportSequenceNumber>
          <Latitude xsi:nil="true"></Latitude>
          <Line1 xsi:nil="true"></Line1>
          <Line2 xsi:nil="true"></Line2>
          <Line3 xsi:nil="true"></Line3>
          <Longitude xsi:nil="true"></Longitude>
          <Name xsi:nil="true"></Name>
          <PostalCode xsi:nil="true"></PostalCode>
          <PostOfficeBox xsi:nil="true"></PostOfficeBox>
          <PrimaryContactName xsi:nil="true"></PrimaryContactName>
          <ShippingMethodCode>1</ShippingMethodCode>
          <StateOrProvince xsi:nil="true"></StateOrProvince>
          <Telephone1 xsi:nil="true"></Telephone1>
          <Telephone2 xsi:nil="true"></Telephone2>
          <Telephone3 xsi:nil="true"></Telephone3>
          <TimeZoneRuleVersionNumber xsi:nil="true"></TimeZoneRuleVersionNumber>
          <UPSZone xsi:nil="true"></UPSZone>
          <UTCOffset xsi:nil="true"></UTCOffset>
          <UTCConversionTimeZoneCode xsi:nil="true"></UTCConversionTimeZoneCode>
        </Address>
      </Addresses>
    </Publisher>
    <RootComponents>
      <RootComponent type="1" schemaName="activitypointer" behavior="1" />
      <RootComponent type="1" schemaName="annotation" behavior="1" />
      <RootComponent type="1" schemaName="contact" behavior="0" />
      <RootComponent type="1" schemaName="cr420_ambranotification" behavior="0" />
      <RootComponent type="1" schemaName="cr420_sponsor" behavior="0" />
      <RootComponent type="1" schemaName="cr420_studycontact" behavior="0" />
      <RootComponent type="1" schemaName="cr420_studysitecontact" behavior="0" />
      <RootComponent type="1" schemaName="cr420_subjects" behavior="0" />
      <RootComponent type="1" schemaName="cr420_subjectvisit" behavior="0" />
      <RootComponent type="1" schemaName="cr420_survey" behavior="0" />
      <RootComponent type="1" schemaName="cr420_ta_segment" behavior="0" />
      <RootComponent type="1" schemaName="cr420_therapeutic" behavior="0" />
      <RootComponent type="1" schemaName="cr6ee_studysite" behavior="0" />
      <RootComponent type="1" schemaName="expiredprocess" behavior="0" />
      <RootComponent type="1" schemaName="mib_academiccriteria" behavior="0" />
      <RootComponent type="1" schemaName="mib_academiccriteriameasurement" behavior="0" />
      <RootComponent type="1" schemaName="mib_address" behavior="0" />
      <RootComponent type="1" schemaName="mib_ambracustomfieldsuuidinfo" behavior="0" />
      <RootComponent type="1" schemaName="mib_ambraqcform" behavior="0" />
      <RootComponent type="1" schemaName="mib_ambrasiterole" behavior="0" />
      <RootComponent type="1" schemaName="mib_anonymizeddicomtags" behavior="0" />
      <RootComponent type="1" schemaName="mib_armvisitmasconfiguration" behavior="0" />
      <RootComponent type="1" schemaName="mib_bulkupload" behavior="0" />
      <RootComponent type="1" schemaName="mib_bulkuploadlogs" behavior="0" />
      <RootComponent type="1" schemaName="mib_contactaddresses" behavior="0" />
      <RootComponent type="1" schemaName="mib_customfielddefinition" behavior="0" />
      <RootComponent type="1" schemaName="mib_definedvisits" behavior="0" />
      <RootComponent type="1" schemaName="mib_downloadbulkdata" behavior="0" />
      <RootComponent type="1" schemaName="mib_downloadbulkdatarequest" behavior="0" />
      <RootComponent type="1" schemaName="mib_eccqueue" behavior="0" />
      <RootComponent type="1" schemaName="mib_ecc_queue" behavior="0" />
      <RootComponent type="1" schemaName="mib_errorhandling" behavior="0" />
      <RootComponent type="1" schemaName="mib_expectedarmvisit" behavior="0" />
      <RootComponent type="1" schemaName="mib_expectedarmvisitschedule" behavior="0" />
      <RootComponent type="1" schemaName="mib_expectedvisitschedule" behavior="0" />
      <RootComponent type="1" schemaName="mib_flowlibrary" behavior="0" />
      <RootComponent type="1" schemaName="mib_flowtaskmanagement" behavior="0" />
      <RootComponent type="1" schemaName="mib_form" behavior="0" />
      <RootComponent type="1" schemaName="mib_formsubmission" behavior="0" />
      <RootComponent type="1" schemaName="mib_formsubmissionfield" behavior="0" />
      <RootComponent type="1" schemaName="mib_formtemplate" behavior="0" />
      <RootComponent type="1" schemaName="mib_globalflowlibrary" behavior="0" />
      <RootComponent type="1" schemaName="mib_globalprocessconfiglibrary" behavior="0" />
      <RootComponent type="1" schemaName="mib_globalprocesslibrary" behavior="0" />
      <RootComponent type="1" schemaName="mib_image" behavior="0" />
      <RootComponent type="1" schemaName="mib_imagedicomtag" behavior="0" />
      <RootComponent type="1" schemaName="mib_imageseries" behavior="0" />
      <RootComponent type="1" schemaName="mib_indication" behavior="0" />
      <RootComponent type="1" schemaName="mib_masconfiguration" behavior="0" />
      <RootComponent type="1" schemaName="mib_messagetypes" behavior="0" />
      <RootComponent type="1" schemaName="mib_planes" behavior="0" />
      <RootComponent type="1" schemaName="mib_plannedvisit" behavior="0" />
      <RootComponent type="1" schemaName="mib_premiumcriteriameasurement" behavior="0" />
      <RootComponent type="1" schemaName="mib_processconfiglibrary" behavior="0" />
      <RootComponent type="1" schemaName="mib_processlibrary" behavior="0" />
      <RootComponent type="1" schemaName="mib_qctaskassignment" behavior="0" />
      <RootComponent type="1" schemaName="mib_query" behavior="0" />
      <RootComponent type="1" schemaName="mib_reasonforchange" behavior="0" />
      <RootComponent type="1" schemaName="mib_recommendedcriteria" behavior="0" />
      <RootComponent type="1" schemaName="mib_recommendedcriteriameasurement" behavior="0" />
      <RootComponent type="1" schemaName="mib_reviewersgroups" behavior="0" />
      <RootComponent type="1" schemaName="mib_segment" behavior="0" />
      <RootComponent type="1" schemaName="mib_sitecontact" behavior="0" />
      <RootComponent type="1" schemaName="mib_siteevent" behavior="0" />
      <RootComponent type="1" schemaName="mib_solutionversion" behavior="0" />
      <RootComponent type="1" schemaName="mib_sponsoraddress" behavior="0" />
      <RootComponent type="1" schemaName="mib_sponsorcontact" behavior="0" />
      <RootComponent type="1" schemaName="mib_studyconfigurationcustomfields" behavior="0" />
      <RootComponent type="1" schemaName="mib_studycontacts" behavior="0" />
      <RootComponent type="1" schemaName="mib_studyevent" behavior="0" />
      <RootComponent type="1" schemaName="mib_studyroleacl" behavior="0" />
      <RootComponent type="1" schemaName="mib_studyroledefinition" behavior="0" />
      <RootComponent type="1" schemaName="mib_studysiteevent" behavior="0" />
      <RootComponent type="1" schemaName="mib_studytasktypes" behavior="0" />
      <RootComponent type="1" schemaName="mib_systemconfiguration" behavior="0" />
      <RootComponent type="1" schemaName="mib_task" behavior="0" />
      <RootComponent type="1" schemaName="mib_taskconfiguration" behavior="0" />
      <RootComponent type="1" schemaName="mib_taskdefinition" behavior="0" />
      <RootComponent type="1" schemaName="mib_tasktypes" behavior="0" />
      <RootComponent type="1" schemaName="mib_webhookconfiguration" behavior="0" />
      <RootComponent type="1" schemaName="mib_workflowconfiguration" behavior="0" />
      <RootComponent type="1" schemaName="newprocess" behavior="0" />
      <RootComponent type="1" schemaName="new_anatomy" behavior="0" />
      <RootComponent type="1" schemaName="new_arm" behavior="0" />
      <RootComponent type="1" schemaName="new_armexpectedmas" behavior="0" />
      <RootComponent type="1" schemaName="new_armvisits" behavior="0" />
      <RootComponent type="1" schemaName="new_country" behavior="0" />
      <RootComponent type="1" schemaName="new_dicomtags" behavior="0" />
      <RootComponent type="1" schemaName="new_expectedmas" behavior="0" />
      <RootComponent type="1" schemaName="new_laterality" behavior="0" />
      <RootComponent type="1" schemaName="new_modality" behavior="0" />
      <RootComponent type="1" schemaName="new_progarm" behavior="0" />
      <RootComponent type="1" schemaName="new_region" behavior="0" />
      <RootComponent type="1" schemaName="new_satellitesite" behavior="0" />
      <RootComponent type="1" schemaName="new_sequence" behavior="0" />
      <RootComponent type="1" schemaName="new_site" behavior="0" />
      <RootComponent type="1" schemaName="new_siteequipment" behavior="0" />
      <RootComponent type="1" schemaName="new_study" behavior="0" />
      <RootComponent type="1" schemaName="new_studycrf" behavior="0" />
      <RootComponent type="1" schemaName="new_studyqcforms" behavior="0" />
      <RootComponent type="1" schemaName="new_studysiteequipments" behavior="0" />
      <RootComponent type="1" schemaName="new_studysitesubjects" behavior="0" />
      <RootComponent type="1" schemaName="new_studyversion" behavior="0" />
      <RootComponent type="1" schemaName="new_studyvisit" behavior="0" />
      <RootComponent type="1" schemaName="new_subjectvisit" behavior="0" />
      <RootComponent type="1" schemaName="new_subjectvisitschedule" behavior="0" />
      <RootComponent type="1" schemaName="new_testrelationship" behavior="0" />
      <RootComponent type="1" schemaName="new_therapeuticarea" behavior="0" />
      <RootComponent type="1" schemaName="new_visit" behavior="0" />
      <RootComponent type="1" schemaName="new_visitschedule" behavior="0" />
      <RootComponent type="1" schemaName="processsession" behavior="1" />
      <RootComponent type="1" schemaName="subject" behavior="1" />
      <RootComponent type="1" schemaName="syncerror" behavior="1" />
      <RootComponent type="1" schemaName="systemuser" behavior="0" />
      <RootComponent type="1" schemaName="team" behavior="1" />
      <RootComponent type="1" schemaName="translationprocess" behavior="0" />
      <RootComponent type="1" schemaName="workflow" behavior="1" />
      <RootComponent type="9" schemaName="cr420_academiccriteria" behavior="0" />
      <RootComponent type="9" schemaName="cr420_academiccriteriameasurements" behavior="0" />
      <RootComponent type="9" schemaName="cr420_accounttype" behavior="0" />
      <RootComponent type="9" schemaName="cr420_contacttype" behavior="0" />
      <RootComponent type="9" schemaName="cr420_gender" behavior="0" />
      <RootComponent type="9" schemaName="cr420_indication" behavior="0" />
      <RootComponent type="9" schemaName="cr420_indications" behavior="0" />
      <RootComponent type="9" schemaName="cr420_onstudy" behavior="0" />
      <RootComponent type="9" schemaName="cr420_premiumcriteriameasurements" behavior="0" />
      <RootComponent type="9" schemaName="cr420_primarycontact" behavior="0" />
      <RootComponent type="9" schemaName="cr420_recommendedcriteria" behavior="0" />
      <RootComponent type="9" schemaName="cr420_recommendedcriteriameasurements" behavior="0" />
      <RootComponent type="9" schemaName="cr420_role" behavior="0" />
      <RootComponent type="9" schemaName="cr420_satellitesite" behavior="0" />
      <RootComponent type="9" schemaName="cr420_sitequalificationstatus" behavior="0" />
      <RootComponent type="9" schemaName="cr420_sponsortype" behavior="0" />
      <RootComponent type="9" schemaName="cr420_status" behavior="0" />
      <RootComponent type="9" schemaName="cr420_studyrole" behavior="0" />
      <RootComponent type="9" schemaName="cr420_studysitestatus" behavior="0" />
      <RootComponent type="9" schemaName="cr420_taname" behavior="0" />
      <RootComponent type="9" schemaName="cr420_taseg" behavior="0" />
      <RootComponent type="9" schemaName="cr420_tasegment" behavior="0" />
      <RootComponent type="9" schemaName="cr6ee_onstudy" behavior="0" />
      <RootComponent type="9" schemaName="cr6ee_qualificationstatus" behavior="0" />
      <RootComponent type="9" schemaName="mib_ambraprocesstype" behavior="0" />
      <RootComponent type="9" schemaName="mib_checkqctaskdeleted" behavior="0" />
      <RootComponent type="9" schemaName="mib_customfieldentities" behavior="0" />
      <RootComponent type="9" schemaName="mib_customfieldtypes" behavior="0" />
      <RootComponent type="9" schemaName="mib_direction" behavior="0" />
      <RootComponent type="9" schemaName="mib_ecc_queue_state" behavior="0" />
      <RootComponent type="9" schemaName="mib_flowstate" behavior="0" />
      <RootComponent type="9" schemaName="mib_integrationmessagetype" behavior="0" />
      <RootComponent type="9" schemaName="mib_operation" behavior="0" />
      <RootComponent type="9" schemaName="mib_operations" behavior="0" />
      <RootComponent type="9" schemaName="mib_operator" behavior="0" />
      <RootComponent type="9" schemaName="mib_processtype" behavior="0" />
      <RootComponent type="9" schemaName="mib_qcformstatus" behavior="0" />
      <RootComponent type="9" schemaName="mib_requestfor" behavior="0" />
      <RootComponent type="9" schemaName="mib_reviewertype" behavior="0" />
      <RootComponent type="9" schemaName="mib_reviewertypes" behavior="0" />
      <RootComponent type="9" schemaName="mib_scheduletypes" behavior="0" />
      <RootComponent type="9" schemaName="mib_softdeletepicklist" behavior="0" />
      <RootComponent type="9" schemaName="mib_state" behavior="0" />
      <RootComponent type="9" schemaName="mib_status" behavior="0" />
      <RootComponent type="9" schemaName="mib_studyconfigurationstatus" behavior="0" />
      <RootComponent type="9" schemaName="mib_studyconfigurationtype" behavior="0" />
      <RootComponent type="9" schemaName="mib_tatdays" behavior="0" />
      <RootComponent type="9" schemaName="mib_templatestatus" behavior="0" />
      <RootComponent type="9" schemaName="mib_type" behavior="0" />
      <RootComponent type="9" schemaName="mib_versiontype" behavior="0" />
      <RootComponent type="9" schemaName="new_accounttype" behavior="0" />
      <RootComponent type="9" schemaName="new_anatomystatus" behavior="0" />
      <RootComponent type="9" schemaName="new_appname" behavior="0" />
      <RootComponent type="9" schemaName="new_assessedviacentralimaging" behavior="0" />
      <RootComponent type="9" schemaName="new_cf_association" behavior="0" />
      <RootComponent type="9" schemaName="new_cf_fieldstype" behavior="0" />
      <RootComponent type="9" schemaName="new_cf_required" behavior="0" />
      <RootComponent type="9" schemaName="new_cf_status" behavior="0" />
      <RootComponent type="9" schemaName="new_contactinternaluser" behavior="0" />
      <RootComponent type="9" schemaName="new_contactstatus" behavior="0" />
      <RootComponent type="9" schemaName="new_contactsystemuser" behavior="0" />
      <RootComponent type="9" schemaName="new_dicomstatus" behavior="0" />
      <RootComponent type="9" schemaName="new_efficacymodalityies" behavior="0" />
      <RootComponent type="9" schemaName="new_fieldstype" behavior="0" />
      <RootComponent type="9" schemaName="new_gender" behavior="0" />
      <RootComponent type="9" schemaName="new_globalgender" behavior="0" />
      <RootComponent type="9" schemaName="new_internaluser" behavior="0" />
      <RootComponent type="9" schemaName="new_mediatype" behavior="0" />
      <RootComponent type="9" schemaName="new_newcontactstatus" behavior="0" />
      <RootComponent type="9" schemaName="new_phase" behavior="0" />
      <RootComponent type="9" schemaName="new_primaryefficacymodalities" behavior="0" />
      <RootComponent type="9" schemaName="new_progstatus" behavior="0" />
      <RootComponent type="9" schemaName="new_qualificationstatus" behavior="0" />
      <RootComponent type="9" schemaName="new_recommendedsafetycriteria" behavior="0" />
      <RootComponent type="9" schemaName="new_regionstatus" behavior="0" />
      <RootComponent type="9" schemaName="new_required" behavior="0" />
      <RootComponent type="9" schemaName="new_safetyanatomy" behavior="0" />
      <RootComponent type="9" schemaName="new_safetyassessmentcriteria" behavior="0" />
      <RootComponent type="9" schemaName="new_safetymodalityies" behavior="0" />
      <RootComponent type="9" schemaName="new_safeycriteriameasurements" behavior="0" />
      <RootComponent type="9" schemaName="new_secondaryefficacymodalities" behavior="0" />
      <RootComponent type="9" schemaName="new_sitestatus" behavior="0" />
      <RootComponent type="9" schemaName="new_sponsorstatus" behavior="0" />
      <RootComponent type="9" schemaName="new_sponsorstatuschoice" behavior="0" />
      <RootComponent type="9" schemaName="new_sponsortype" behavior="0" />
      <RootComponent type="9" schemaName="new_status" behavior="0" />
      <RootComponent type="9" schemaName="new_studystate" behavior="0" />
      <RootComponent type="9" schemaName="new_studystatus" behavior="0" />
      <RootComponent type="9" schemaName="new_studytype" behavior="0" />
      <RootComponent type="9" schemaName="new_svstatus" behavior="0" />
      <RootComponent type="9" schemaName="new_systemuser" behavior="0" />
      <RootComponent type="9" schemaName="new_ta_status" behavior="0" />
      <RootComponent type="9" schemaName="new_tertiaryefficacymodalities" behavior="0" />
      <RootComponent type="9" schemaName="new_visitmissing" behavior="0" />
      <RootComponent type="20" id="{435e4739-e345-ec11-8c62-00224808a071}" behavior="0" />
      <RootComponent type="20" id="{47778913-cc79-ec11-8d21-0022480b3837}" behavior="0" />
      <RootComponent type="20" id="{5cdeea98-1ce6-eb11-bacb-0022481d0a98}" behavior="0" />
      <RootComponent type="20" id="{8cd475a4-1fc9-eb11-bacc-000d3a4de789}" behavior="0" />
      <RootComponent type="20" id="{af1dda4b-6f5d-ec11-8f8f-002248042673}" behavior="0" />
      <RootComponent type="20" id="{c8729f39-2cbd-eb11-8236-000d3a4f380b}" behavior="0" />
      <RootComponent type="20" id="{fbf8be12-a240-ec11-8c62-000d3a5b87cb}" behavior="0" />
      <RootComponent type="29" id="{002488bf-95a3-ec11-983f-000d3a5c10fa}" behavior="0" />
      <RootComponent type="29" id="{0051b0f5-11f9-eb11-94ef-0022481e1941}" behavior="0" />
      <RootComponent type="29" id="{01c24765-b538-ec11-b6e6-000d3a3360ca}" behavior="0" />
      <RootComponent type="29" id="{03e507d1-b782-ec11-8d21-000d3a364bd6}" behavior="0" />
      <RootComponent type="29" id="{081cd940-58f4-eb11-94ef-0022481e1941}" behavior="0" />
      <RootComponent type="29" id="{0a2596ff-a056-ec11-8f8f-0022480b5ad8}" behavior="0" />
      <RootComponent type="29" id="{0a4693fd-c52c-ec11-b6e5-000d3a372b43}" behavior="0" />
      <RootComponent type="29" id="{0ac38070-1c0b-ec11-b6e6-000d3a8ddd8d}" behavior="0" />
      <RootComponent type="29" id="{0ac797b4-f824-ec11-b6e5-000d3a33e3b6}" behavior="0" />
      <RootComponent type="29" id="{0bd99862-17f9-eb11-94ef-0022481e1e3c}" behavior="0" />
      <RootComponent type="29" id="{0fd38d7f-f03a-ec11-b6e5-000d3a5bac54}" behavior="0" />
      <RootComponent type="29" id="{104d7d6d-693c-ec11-b6e5-000d3a5bac54}" behavior="0" />
      <RootComponent type="29" id="{10aba29a-711b-4ec8-b299-f002ed7764bd}" behavior="0" />
      <RootComponent type="29" id="{11a502ff-3fed-4121-9908-c647af4b12ae}" behavior="0" />
      <RootComponent type="29" id="{121eabfc-b731-ec11-b6e5-000d3a5bdaf3}" behavior="0" />
      <RootComponent type="29" id="{1502b531-e145-ec11-8c62-00224808adc6}" behavior="0" />
      <RootComponent type="29" id="{15443fd2-2740-ec11-8c62-000d3a340c80}" behavior="0" />
      <RootComponent type="29" id="{1566881a-1be3-eb11-bacb-0022481d06d6}" behavior="0" />
      <RootComponent type="29" id="{16320947-fccc-ec11-a7b5-00224809a946}" behavior="0" />
      <RootComponent type="29" id="{1728e72e-6815-ec11-b6e6-000d3a98c7bb}" behavior="0" />
      <RootComponent type="29" id="{1a84f913-fa24-ec11-b6e5-000d3a33e3b6}" behavior="0" />
      <RootComponent type="29" id="{1b5c5a87-673c-ec11-b6e5-000d3a5bac54}" behavior="0" />
      <RootComponent type="29" id="{1bf23b87-2840-ec11-8c62-000d3a340c80}" behavior="0" />
      <RootComponent type="29" id="{1bfa39be-44a0-ec11-b400-000d3a5953ae}" behavior="0" />
      <RootComponent type="29" id="{1c74d72f-43b6-ec11-983f-0022480496c8}" behavior="0" />
      <RootComponent type="29" id="{2052f478-ff5d-4bf0-a07c-f99268541af5}" behavior="0" />
      <RootComponent type="29" id="{209ea5fb-f42f-ec11-b6e5-000d3a5bd2dd}" behavior="0" />
      <RootComponent type="29" id="{2251f1e8-f43a-ec11-b6e5-000d3a5bac54}" behavior="0" />
      <RootComponent type="29" id="{24e27abd-0c25-ec11-b6e5-000d3a33e3b6}" behavior="0" />
      <RootComponent type="29" id="{25171632-7968-ec11-8f8f-000d3a320e31}" behavior="0" />
      <RootComponent type="29" id="{25d84690-53b6-ec11-983f-0022480496c8}" behavior="0" />
      <RootComponent type="29" id="{26a3b1df-d32c-ec11-b6e5-000d3a36265a}" behavior="0" />
      <RootComponent type="29" id="{2787df3c-9e8a-ec11-93b0-002248092aa1}" behavior="0" />
      <RootComponent type="29" id="{28920155-1862-4b42-8209-80bce3694773}" behavior="0" />
      <RootComponent type="29" id="{289a26d2-7d8a-ec11-93b0-002248092aa1}" behavior="0" />
      <RootComponent type="29" id="{29ea1578-a18a-ec11-93b0-002248092aa1}" behavior="0" />
      <RootComponent type="29" id="{2a4d5710-ca92-eb11-b1ac-000d3a9e5397}" behavior="0" />
      <RootComponent type="29" id="{2ab29c3a-9b26-ec11-b6e5-000d3a33e3b6}" behavior="0" />
      <RootComponent type="29" id="{2b4474cc-6ead-eb11-8236-000d3a9b28c6}" behavior="0" />
      <RootComponent type="29" id="{2bba539d-bc30-ec11-b6e5-000d3a5bd2dd}" behavior="0" />
      <RootComponent type="29" id="{2c68b745-2840-ec11-8c62-000d3a32c9cd}" behavior="0" />
      <RootComponent type="29" id="{2d2620f1-618a-ec11-93b0-002248092aa1}" behavior="0" />
      <RootComponent type="29" id="{2dd7fba4-dc3b-ec11-b6e5-000d3a5bac54}" behavior="0" />
      <RootComponent type="29" id="{2ea337fe-c992-eb11-b1ac-000d3a9e5397}" behavior="0" />
      <RootComponent type="29" id="{30ab0660-f400-ec11-94ef-0022481e1941}" behavior="0" />
      <RootComponent type="29" id="{335a520e-f045-ec11-8c62-00224808a071}" behavior="0" />
      <RootComponent type="29" id="{3471815e-f738-4e2e-a5b6-8124488bcdac}" behavior="0" />
      <RootComponent type="29" id="{34773c3c-182b-ec11-b6e5-000d3a372b43}" behavior="0" />
      <RootComponent type="29" id="{34e4f1c7-1aca-ec11-a7b5-00224809ad7a}" behavior="0" />
      <RootComponent type="29" id="{3632a2f3-ef83-ec11-8d21-000d3a364bd6}" behavior="0" />
      <RootComponent type="29" id="{3635001b-1be5-46b2-a331-fed865a31275}" behavior="0" />
      <RootComponent type="29" id="{381737cf-3457-ec11-8f8f-0022480b5ad8}" behavior="0" />
      <RootComponent type="29" id="{39deebe4-b868-ec11-8943-000d3a32b654}" behavior="0" />
      <RootComponent type="29" id="{3a5ef36b-51f4-eb11-94ef-0022481e1e3c}" behavior="0" />
      <RootComponent type="29" id="{40bf247c-d958-ec11-8f8f-0022480b521c}" behavior="0" />
      <RootComponent type="29" id="{41130a2c-f93a-ec11-b6e5-000d3a5ba63d}" behavior="0" />
      <RootComponent type="29" id="{43e713a0-227f-4ea4-bae9-b9fc45749fa6}" behavior="0" />
      <RootComponent type="29" id="{498a0347-ff3a-ec11-b6e5-000d3a5ba63d}" behavior="0" />
      <RootComponent type="29" id="{4f650b98-3757-ec11-8f8f-0022480b5ad8}" behavior="0" />
      <RootComponent type="29" id="{5122c30e-82d3-45ff-a30e-7245de08e86f}" behavior="0" />
      <RootComponent type="29" id="{517981cd-dfa6-4710-8998-1ad8faa7620c}" behavior="0" />
      <RootComponent type="29" id="{51caabe7-657f-ec11-8d21-000d3a592aef}" behavior="0" />
      <RootComponent type="29" id="{51fbaeee-f045-ec11-8c62-00224808a071}" behavior="0" />
      <RootComponent type="29" id="{53411875-69fb-eb11-94ef-0022481e1941}" behavior="0" />
      <RootComponent type="29" id="{56760984-977d-eb11-a812-002248205a0f}" behavior="0" />
      <RootComponent type="29" id="{575d70e3-6c3c-ec11-b6e5-000d3a5bac54}" behavior="0" />
      <RootComponent type="29" id="{579c3ce0-2d67-ec11-8f8f-000d3a320e31}" behavior="0" />
      <RootComponent type="29" id="{5895d192-1684-ec11-8d21-000d3a3648c7}" behavior="0" />
      <RootComponent type="29" id="{58fdbe71-4ee4-e811-815b-000d3a47f23f}" behavior="0" />
      <RootComponent type="29" id="{594450d6-f23a-ec11-b6e5-000d3a5ba63d}" behavior="0" />
      <RootComponent type="29" id="{59ddb678-8a82-ec11-8d21-000d3a364bd6}" behavior="0" />
      <RootComponent type="29" id="{5b87b9b3-9d8a-ec11-93b0-002248092aa1}" behavior="0" />
      <RootComponent type="29" id="{5bc850c2-35fc-eb11-94ef-0022481e1e3c}" behavior="0" />
      <RootComponent type="29" id="{5c93f423-b838-ec11-b6e6-000d3a3360ca}" behavior="0" />
      <RootComponent type="29" id="{5cd9ede7-f8f8-eb11-94ef-0022481e1941}" behavior="0" />
      <RootComponent type="29" id="{5deb9444-f9ff-eb11-94ef-0022481e1941}" behavior="0" />
      <RootComponent type="29" id="{612c9fc8-ea25-ec11-b6e5-000d3a33e3b6}" behavior="0" />
      <RootComponent type="29" id="{6139821c-a58a-ec11-93b0-002248092aa1}" behavior="0" />
      <RootComponent type="29" id="{61af9622-8361-ec11-8f8f-000d3a31e4cc}" behavior="0" />
      <RootComponent type="29" id="{63341c15-7047-ec11-8c62-00224808adc6}" behavior="0" />
      <RootComponent type="29" id="{637db3bf-6e27-ec11-b6e5-000d3a33e3b6}" behavior="0" />
      <RootComponent type="29" id="{63d248d2-c99d-ec11-b400-000d3a595943}" behavior="0" />
      <RootComponent type="29" id="{643364cc-f727-442c-98b3-cd8b7a6d283b}" behavior="0" />
      <RootComponent type="29" id="{65479dd9-7640-ec11-8c62-000d3a32c9cd}" behavior="0" />
      <RootComponent type="29" id="{67f2bcc5-3037-ec11-b6e6-000d3a336412}" behavior="0" />
      <RootComponent type="29" id="{68d2356d-5326-ec11-b6e5-000d3a33e3b6}" behavior="0" />
      <RootComponent type="29" id="{695f462a-8982-ec11-8d21-000d3a364bd6}" behavior="0" />
      <RootComponent type="29" id="{696c5a5d-7752-ec11-8c62-000d3a343b95}" behavior="0" />
      <RootComponent type="29" id="{6bbbeac4-4327-ec11-b6e5-000d3a33e347}" behavior="0" />
      <RootComponent type="29" id="{6c27a421-77b1-ec11-9840-0022480abf5e}" behavior="0" />
      <RootComponent type="29" id="{6cf77db6-9e8a-ec11-93b0-002248092aa1}" behavior="0" />
      <RootComponent type="29" id="{6d27a421-77b1-ec11-9840-0022480abf5e}" behavior="0" />
      <RootComponent type="29" id="{70cad1b5-a54c-4050-8c4d-28a823efc6be}" behavior="0" />
      <RootComponent type="29" id="{71ad2b01-54b6-ec11-983f-002248049bbd}" behavior="0" />
      <RootComponent type="29" id="{756158d4-4191-eb11-b1ac-000d3a9e5d7d}" behavior="0" />
      <RootComponent type="29" id="{7599ebce-eb92-ec11-b400-000d3a5afc37}" behavior="0" />
      <RootComponent type="29" id="{7625697f-6019-4eea-89b1-66157d72caef}" behavior="0" />
      <RootComponent type="29" id="{7683fb8b-bc7f-4b85-867a-02f1fe22e0c6}" behavior="0" />
      <RootComponent type="29" id="{768401db-f65e-ec11-8f8f-002248042673}" behavior="0" />
      <RootComponent type="29" id="{772432df-a18a-ec11-93b0-002248092aa1}" behavior="0" />
      <RootComponent type="29" id="{774d9ce0-b02c-ec11-b6e5-000d3a36265a}" behavior="0" />
      <RootComponent type="29" id="{77f6d2b4-4cff-eb11-94ef-0022481e1941}" behavior="0" />
      <RootComponent type="29" id="{782e2002-9976-4423-89d8-fcb91481cb7e}" behavior="0" />
      <RootComponent type="29" id="{79071be7-e7b9-eb11-8236-002248218473}" behavior="0" />
      <RootComponent type="29" id="{799af57c-00f9-eb11-94ef-0022481e1e3c}" behavior="0" />
      <RootComponent type="29" id="{7c85ea90-40a0-ec11-b400-000d3a595943}" behavior="0" />
      <RootComponent type="29" id="{7d8ee9bc-f83a-ec11-b6e5-000d3a5bac54}" behavior="0" />
      <RootComponent type="29" id="{7e29278c-94a3-ec11-983f-000d3a5c1933}" behavior="0" />
      <RootComponent type="29" id="{7e60c76b-d645-ec11-8c62-00224808a071}" behavior="0" />
      <RootComponent type="29" id="{7f1dbfb0-92fa-eb11-94ef-0022481e1e3c}" behavior="0" />
      <RootComponent type="29" id="{7f58231a-bb06-4d70-80cd-a72c9aeccce7}" behavior="0" />
      <RootComponent type="29" id="{7f5b0d0e-c2af-e711-8124-000d3af99683}" behavior="0" />
      <RootComponent type="29" id="{7f8e343b-57dd-4f34-86e4-8f06b86343b5}" behavior="0" />
      <RootComponent type="29" id="{7fbd0b43-c309-ec11-b6e6-000d3a8ddd8d}" behavior="0" />
      <RootComponent type="29" id="{809c3976-690a-ec11-b6e6-000d3a8ddd8d}" behavior="0" />
      <RootComponent type="29" id="{8247ded8-ccf9-eb11-94ef-0022481e1e3c}" behavior="0" />
      <RootComponent type="29" id="{8541bb3b-0957-ec11-8f8f-0022480b521c}" behavior="0" />
      <RootComponent type="29" id="{855df709-aa79-ec11-8d21-0022480b3837}" behavior="0" />
      <RootComponent type="29" id="{86093ce7-c82c-ec11-b6e5-000d3a372b43}" behavior="0" />
      <RootComponent type="29" id="{860d8f3a-1875-eb11-a812-002248205a86}" behavior="0" />
      <RootComponent type="29" id="{869d7d9e-42e6-eb11-bacb-0022481d06d6}" behavior="0" />
      <RootComponent type="29" id="{86a0ed46-8512-449b-b814-eb9f032a8d05}" behavior="0" />
      <RootComponent type="29" id="{87d814ff-ab04-ec11-94ef-002248237660}" behavior="0" />
      <RootComponent type="29" id="{89091a10-f9f8-eb11-94ef-0022481e1941}" behavior="0" />
      <RootComponent type="29" id="{8acd6540-49c5-eb11-bacc-000d3a1fe864}" behavior="0" />
      <RootComponent type="29" id="{8cbe9e50-0acc-4db3-a6bc-e6a167b0d8d3}" behavior="0" />
      <RootComponent type="29" id="{8d67e31c-5178-ec11-8d21-0022480b3837}" behavior="0" />
      <RootComponent type="29" id="{8e0ac39a-1775-eb11-a812-002248205a86}" behavior="0" />
      <RootComponent type="29" id="{8e470b34-47ff-eb11-94ef-0022481e1941}" behavior="0" />
      <RootComponent type="29" id="{90a3db83-43a4-ec11-983f-000d3a5c1933}" behavior="0" />
      <RootComponent type="29" id="{919399a9-467f-ec11-8d21-000d3a592aef}" behavior="0" />
      <RootComponent type="29" id="{91d49c3e-c6f9-eb11-94ef-0022481e1e3c}" behavior="0" />
      <RootComponent type="29" id="{92b3f017-677f-ec11-8d21-000d3a5923f0}" behavior="0" />
      <RootComponent type="29" id="{93671cad-b638-ec11-b6e6-000d3a3360ca}" behavior="0" />
      <RootComponent type="29" id="{94f26a91-7b8a-ec11-93b0-002248092aa1}" behavior="0" />
      <RootComponent type="29" id="{95417be7-2d41-ec11-8c62-000d3a32c9cd}" behavior="0" />
      <RootComponent type="29" id="{96b6d4c1-d92c-ec11-b6e5-000d3a36265a}" behavior="0" />
      <RootComponent type="29" id="{96fd01a9-d800-4c7a-b34d-d534131aa135}" behavior="0" />
      <RootComponent type="29" id="{97092f67-cec5-47cb-bf3c-e5cc62a2090f}" behavior="0" />
      <RootComponent type="29" id="{975328da-17bb-ec11-983f-00224802b0a9}" behavior="0" />
      <RootComponent type="29" id="{97ef0d4d-3c54-4998-ae84-f205b5a297e3}" behavior="0" />
      <RootComponent type="29" id="{987d19b2-6fcf-eb11-bacc-002248238389}" behavior="0" />
      <RootComponent type="29" id="{99d4263a-3df5-44a1-9ce5-2da50f930390}" behavior="0" />
      <RootComponent type="29" id="{9a62da85-ae7a-ec11-8d21-0022480b3837}" behavior="0" />
      <RootComponent type="29" id="{9a9f782a-5cd2-eb11-bacc-000d3a579492}" behavior="0" />
      <RootComponent type="29" id="{9c377b0a-dfe4-4174-8822-8f15f477f104}" behavior="0" />
      <RootComponent type="29" id="{9c63674b-2ed2-4353-8b60-b93dd4ebd4e1}" behavior="0" />
      <RootComponent type="29" id="{a167f8fd-8068-ec11-8943-000d3a32bc16}" behavior="0" />
      <RootComponent type="29" id="{a2b2fb7c-f33a-ec11-b6e5-000d3a5ba63d}" behavior="0" />
      <RootComponent type="29" id="{a4427a4c-189d-eb11-b1ac-000d3a5325a3}" behavior="0" />
      <RootComponent type="29" id="{a44f0e1c-8282-ec11-8d21-000d3a364bd6}" behavior="0" />
      <RootComponent type="29" id="{a7e346da-d766-ec11-8f8f-000d3a31e4cc}" behavior="0" />
      <RootComponent type="29" id="{a8914302-93de-eb11-bacb-000d3a581f9b}" behavior="0" />
      <RootComponent type="29" id="{ab81c1af-1a45-48d9-8133-3edc033dbeef}" behavior="0" />
      <RootComponent type="29" id="{ae629bae-f13a-ec11-b6e5-000d3a5ba63d}" behavior="0" />
      <RootComponent type="29" id="{b27677a8-2ed1-ec11-a7b5-00224803daf3}" behavior="0" />
      <RootComponent type="29" id="{b3be9866-c491-eb11-b1ac-000d3a9e5d7d}" behavior="0" />
      <RootComponent type="29" id="{b3c59c88-838a-ec11-93b0-002248092aa1}" behavior="0" />
      <RootComponent type="29" id="{b413912a-6b7f-ec11-8d21-000d3a5923f0}" behavior="0" />
      <RootComponent type="29" id="{b478990c-7aaa-ec11-983f-000d3a321424}" behavior="0" />
      <RootComponent type="29" id="{b483c4ed-961f-ec11-b6e6-000d3a3019fc}" behavior="0" />
      <RootComponent type="29" id="{b688c5df-fe74-eb11-a812-0022482059e7}" behavior="0" />
      <RootComponent type="29" id="{b69776d9-3a37-ec11-b6e6-000d3a3360ca}" behavior="0" />
      <RootComponent type="29" id="{b82cee53-53a7-49bc-ad3e-6a02efc8ed42}" behavior="0" />
      <RootComponent type="29" id="{bb8765cb-33af-ec11-9840-0022480abd88}" behavior="0" />
      <RootComponent type="29" id="{bbf74af6-435e-ec11-8f8f-0022480420b5}" behavior="0" />
      <RootComponent type="29" id="{bcd43793-5686-4fd4-b3b4-c0c26d6f7e40}" behavior="0" />
      <RootComponent type="29" id="{bd238899-a538-ec11-b6e6-000d3a3360ca}" behavior="0" />
      <RootComponent type="29" id="{bd57803e-0408-44d6-b21d-ae7158ec6555}" behavior="0" />
      <RootComponent type="29" id="{be89ca45-5fd0-ec11-a7b5-00224803daf3}" behavior="0" />
      <RootComponent type="29" id="{c0bdcbbc-b77c-ec11-8d21-000d3a592aef}" behavior="0" />
      <RootComponent type="29" id="{c312fd8b-f345-ec11-8c62-00224808a071}" behavior="0" />
      <RootComponent type="29" id="{c3db2a5c-707f-ec11-8d21-000d3a592aef}" behavior="0" />
      <RootComponent type="29" id="{c5e99ffa-8f2e-44b3-8bf1-c58f198679ea}" behavior="0" />
      <RootComponent type="29" id="{c7818b18-9c38-ec11-b6e6-000d3a3360ca}" behavior="0" />
      <RootComponent type="29" id="{c842dcca-dced-4445-8a16-e14bbfa6607b}" behavior="0" />
      <RootComponent type="29" id="{c9da9e58-984e-47da-9ca3-7a31210b6382}" behavior="0" />
      <RootComponent type="29" id="{cab14a13-21b0-42de-b1a0-be33459c06f2}" behavior="0" />
      <RootComponent type="29" id="{cab59619-d245-ec11-8c62-00224808a071}" behavior="0" />
      <RootComponent type="29" id="{cae2a754-8c0a-ec11-b6e6-000d3a8dd876}" behavior="0" />
      <RootComponent type="29" id="{cbd07b04-9d27-ec11-b6e5-000d3a33e3b6}" behavior="0" />
      <RootComponent type="29" id="{cc570bfd-3e7f-ec11-8d21-000d3a5923f0}" behavior="0" />
      <RootComponent type="29" id="{d00fd73c-d9a5-ec11-983f-000d3a5c1933}" behavior="0" />
      <RootComponent type="29" id="{d013313d-4f28-40e9-8246-04d3e1b5d3d7}" behavior="0" />
      <RootComponent type="29" id="{d17ccff6-bc3b-ec11-b6e5-000d3a5bac54}" behavior="0" />
      <RootComponent type="29" id="{d310cdc9-179d-eb11-b1ac-000d3a5325a3}" behavior="0" />
      <RootComponent type="29" id="{d3b53850-314f-4872-8e8d-5e274a187374}" behavior="0" />
      <RootComponent type="29" id="{d68ba0fb-a18a-ec11-93b0-002248092aa1}" behavior="0" />
      <RootComponent type="29" id="{d6fcd27f-1921-ec11-b6e6-000d3a3019fc}" behavior="0" />
      <RootComponent type="29" id="{d7dc64fa-3600-ec11-94ef-0022481e1941}" behavior="0" />
      <RootComponent type="29" id="{d7e5c201-80dc-e811-8161-000d3afd9179}" behavior="0" />
      <RootComponent type="29" id="{d806e858-77f9-eb11-94ef-0022481e1941}" behavior="0" />
      <RootComponent type="29" id="{daf1c969-9b89-ec11-93b0-002248092aa1}" behavior="0" />
      <RootComponent type="29" id="{db48af60-5795-ec11-b400-000d3a5afc37}" behavior="0" />
      <RootComponent type="29" id="{dbd9a27c-e3f0-421a-8a4b-92b0abd0749c}" behavior="0" />
      <RootComponent type="29" id="{dc509b97-868a-ec11-93b0-002248092aa1}" behavior="0" />
      <RootComponent type="29" id="{dcb6d606-a738-ec11-b6e6-000d3a3360ca}" behavior="0" />
      <RootComponent type="29" id="{deaa91d7-b52c-ec11-b6e5-000d3a372b43}" behavior="0" />
      <RootComponent type="29" id="{e231c0b8-9c8a-ec11-93b0-002248092aa1}" behavior="0" />
      <RootComponent type="29" id="{e286b6d6-bd38-ec11-b6e6-000d3a3360ca}" behavior="0" />
      <RootComponent type="29" id="{e3b0c500-feed-4f63-ad91-758af00c9762}" behavior="0" />
      <RootComponent type="29" id="{e4ea338e-5e57-4113-8873-bb224ccab024}" behavior="0" />
      <RootComponent type="29" id="{e562ef7a-620a-ec11-b6e6-000d3a8dd876}" behavior="0" />
      <RootComponent type="29" id="{e806d56d-fe74-eb11-a812-0022482059e7}" behavior="0" />
      <RootComponent type="29" id="{e8b579b1-00f9-eb11-94ef-0022481e1bc6}" behavior="0" />
      <RootComponent type="29" id="{e8c48ac1-fa3a-ec11-b6e5-000d3a5bac54}" behavior="0" />
      <RootComponent type="29" id="{e9d43704-951a-ec11-b6e6-0022482267ea}" behavior="0" />
      <RootComponent type="29" id="{ea93f888-dba0-4c27-8b8b-6b0b5210f050}" behavior="0" />
      <RootComponent type="29" id="{eb26e5ae-7a82-ec11-8d21-000d3a364bd6}" behavior="0" />
      <RootComponent type="29" id="{ee2d51d5-690a-ec11-b6e6-000d3a8ddd8d}" behavior="0" />
      <RootComponent type="29" id="{f09c686c-6f8c-eb11-a812-000d3a1f3231}" behavior="0" />
      <RootComponent type="29" id="{f0a13d8d-697f-ec11-8d21-000d3a592aef}" behavior="0" />
      <RootComponent type="29" id="{f16c7fe4-7c8a-ec11-93b0-002248092aa1}" behavior="0" />
      <RootComponent type="29" id="{f3516ed6-e53a-ec11-b6e5-000d3a5bac54}" behavior="0" />
      <RootComponent type="29" id="{f3554709-aa25-ec11-b6e5-000d3a33e3b6}" behavior="0" />
      <RootComponent type="29" id="{f4ec955c-84a3-ec11-983f-000d3a5c10fa}" behavior="0" />
      <RootComponent type="29" id="{f66a13e3-6d8c-eb11-a812-000d3a1f3231}" behavior="0" />
      <RootComponent type="29" id="{f689db3b-f03a-ec11-b6e5-000d3a5bac54}" behavior="0" />
      <RootComponent type="29" id="{f6abba7c-198e-4824-b366-82d555e29f19}" behavior="0" />
      <RootComponent type="29" id="{f6bf7729-87c7-eb11-bacc-000d3a4dec59}" behavior="0" />
      <RootComponent type="29" id="{f9171f7c-b630-ec11-b6e5-000d3a5bd2dd}" behavior="0" />
      <RootComponent type="29" id="{f9b874fc-a538-ec11-b6e6-000d3a3360ca}" behavior="0" />
      <RootComponent type="29" id="{fa5c0986-950a-ec11-b6e6-000d3a8dd876}" behavior="0" />
      <RootComponent type="29" id="{fb70cda6-bb38-ec11-b6e6-000d3a3360ca}" behavior="0" />
      <RootComponent type="29" id="{fba4af09-f53a-ec11-b6e5-000d3a5ba63d}" behavior="0" />
      <RootComponent type="29" id="{fbb74629-bdc7-ec11-a7b6-000d3a5c95ac}" behavior="0" />
      <RootComponent type="29" id="{fc3a60cd-7ddc-e811-8161-000d3afd9179}" behavior="0" />
      <RootComponent type="29" id="{fcb12721-f43a-ec11-b6e5-000d3a5ba63d}" behavior="0" />
      <RootComponent type="29" id="{fd1c41fa-eb3a-ec11-b6e5-000d3a5bac54}" behavior="0" />
      <RootComponent type="50" schemaName=":RibbonDiffXml" behavior="0" />
      <RootComponent type="60" id="{ee50a18b-3f88-df11-8d93-00155db1891a}" behavior="0" />
      <RootComponent type="60" id="{ee90b7a8-5b7b-eb11-a812-00224820540b}" behavior="0" />
      <RootComponent type="61" schemaName="cr420_Dispaly_SubGird" behavior="0" />
      <RootComponent type="61" schemaName="mib_ActualVisitsWebResource" behavior="0" />
      <RootComponent type="61" schemaName="mib_Address" behavior="0" />
      <RootComponent type="61" schemaName="mib_AmbraQCFormsWebResource" behavior="0" />
      <RootComponent type="61" schemaName="mib_AnonymizedDICOMTagsWebResource" behavior="0" />
      <RootComponent type="61" schemaName="mib_AnonymizedDICOMTagsWebResource1" behavior="0" />
      <RootComponent type="61" schemaName="mib_ARMVisitMASConfigurationWebResource" behavior="0" />
      <RootComponent type="61" schemaName="mib_BulkUploadWebResource" behavior="0" />
      <RootComponent type="61" schemaName="mib_callforSaveClose" behavior="0" />
      <RootComponent type="61" schemaName="mib_CodelistAnatomyWebResource" behavior="0" />
      <RootComponent type="61" schemaName="mib_CodelistCountryWebResource" behavior="0" />
      <RootComponent type="61" schemaName="mib_CodelistDicomTagsWebResource" behavior="0" />
      <RootComponent type="61" schemaName="mib_CodelistModalityWebResource" behavior="0" />
      <RootComponent type="61" schemaName="mib_CodelistRegionWebResource" behavior="0" />
      <RootComponent type="61" schemaName="mib_ContactAddressWebResource" behavior="0" />
      <RootComponent type="61" schemaName="mib_ContactWebResource" behavior="0" />
      <RootComponent type="61" schemaName="mib_CustomFieldDefinationWebResource" behavior="0" />
      <RootComponent type="61" schemaName="mib_CustomFieldsValueValidation.js" behavior="0" />
      <RootComponent type="61" schemaName="mib_DefinedVisitsWebResource" behavior="0" />
      <RootComponent type="61" schemaName="mib_DicomTagsStudyList.html" behavior="0" />
      <RootComponent type="61" schemaName="mib_DicomTagsWebResource" behavior="0" />
      <RootComponent type="61" schemaName="mib_DownloadBulkDataRequest" behavior="0" />
      <RootComponent type="61" schemaName="mib_ECCQueueHomepageRetry" behavior="0" />
      <RootComponent type="61" schemaName="mib_eccqueue_retry" behavior="0" />
      <RootComponent type="61" schemaName="mib_Esignhtmlwebresource" behavior="0" />
      <RootComponent type="61" schemaName="mib_esignwebresource" behavior="0" />
      <RootComponent type="61" schemaName="mib_ExpectedARMVisitWebResource" behavior="0" />
      <RootComponent type="61" schemaName="mib_ExpectedVisitSchedule" behavior="0" />
      <RootComponent type="61" schemaName="mib_FilterAnatomyGrid" behavior="0" />
      <RootComponent type="61" schemaName="mib_FilterCountryGrid" behavior="0" />
      <RootComponent type="61" schemaName="mib_FilterRegionGrid" behavior="0" />
      <RootComponent type="61" schemaName="mib_formOnLoadSxript" behavior="0" />
      <RootComponent type="61" schemaName="mib_getQuickFormValues" behavior="0" />
      <RootComponent type="61" schemaName="mib_getReasonForChange" behavior="0" />
      <RootComponent type="61" schemaName="mib_GetSetExample.js" behavior="0" />
      <RootComponent type="61" schemaName="mib_GetStudyfromStudySiteEquipment" behavior="0" />
      <RootComponent type="61" schemaName="mib_ImagesCustomFieldsValueValidation.js" behavior="0" />
      <RootComponent type="61" schemaName="mib_ImageSeriesWebResource" behavior="0" />
      <RootComponent type="61" schemaName="mib_Integration" behavior="0" />
      <RootComponent type="61" schemaName="mib_IntegrationIconJS" behavior="0" />
      <RootComponent type="61" schemaName="mib_IsNotificationforDuplicate" behavior="0" />
      <RootComponent type="61" schemaName="mib_LateralityWebResource" behavior="0" />
      <RootComponent type="61" schemaName="mib_MASConfigurationWebResource" behavior="0" />
      <RootComponent type="61" schemaName="mib_MSAL" behavior="0" />
      <RootComponent type="61" schemaName="mib_NoIntegration" behavior="0" />
      <RootComponent type="61" schemaName="mib_OnDownloadBulkUploadTemplateButtonClick" behavior="0" />
      <RootComponent type="61" schemaName="mib_OpenLegalStatement" behavior="0" />
      <RootComponent type="61" schemaName="mib_openQuickCreateForm" behavior="0" />
      <RootComponent type="61" schemaName="mib_PlanesWebResource" behavior="0" />
      <RootComponent type="61" schemaName="mib_ProcessConfigLibrary" behavior="0" />
      <RootComponent type="61" schemaName="mib_ProcessLibraryWebResource" behavior="0" />
      <RootComponent type="61" schemaName="mib_qcformstatus.js" behavior="0" />
      <RootComponent type="61" schemaName="mib_QCTaskAssignmentWebResource" behavior="0" />
      <RootComponent type="61" schemaName="mib_readonlypropertyforQCform" behavior="0" />
      <RootComponent type="61" schemaName="mib_ReasonforChange" behavior="0" />
      <RootComponent type="61" schemaName="mib_ResubmitButtonCommand.js" behavior="0" />
      <RootComponent type="61" schemaName="mib_SequenceWebResource" behavior="0" />
      <RootComponent type="61" schemaName="mib_SiteCustomFieldsValueValidation.js" behavior="0" />
      <RootComponent type="61" schemaName="mib_SiteEquipmentWebResource" behavior="0" />
      <RootComponent type="61" schemaName="mib_SponsorAddressWebResource" behavior="0" />
      <RootComponent type="61" schemaName="mib_SponsorContactWebResource" behavior="0" />
      <RootComponent type="61" schemaName="mib_StudyConfigurationCustomFieldWebResource" behavior="0" />
      <RootComponent type="61" schemaName="mib_StudyConfigurationEntitiesSoftDeleteWebresource" behavior="0" />
      <RootComponent type="61" schemaName="mib_StudyConfigurationVersionCompare" behavior="0" />
      <RootComponent type="61" schemaName="mib_StudyConfigurationWebResource" behavior="0" />
      <RootComponent type="61" schemaName="mib_StudyContactWebResource" behavior="0" />
      <RootComponent type="61" schemaName="mib_StudyEsignLegalStatement" behavior="0" />
      <RootComponent type="61" schemaName="mib_StudyEventWebResource" behavior="0" />
      <RootComponent type="61" schemaName="mib_studyRoleAccessContrl.js" behavior="0" />
      <RootComponent type="61" schemaName="mib_StudyRoleAccessControlForStudyConfiguration.js" behavior="0" />
      <RootComponent type="61" schemaName="mib_StudyRoleAccessControlForStudyConfigurationNew.js" behavior="0" />
      <RootComponent type="61" schemaName="mib_StudyRoleAccessControlForStudySite.js" behavior="0" />
      <RootComponent type="61" schemaName="mib_StudyRoleWebresource" behavior="0" />
      <RootComponent type="61" schemaName="mib_studySiteEventDelete" behavior="0" />
      <RootComponent type="61" schemaName="mib_StudySiteEventWebResource" behavior="0" />
      <RootComponent type="61" schemaName="mib_StudyTaskTypesWebresource" behavior="0" />
      <RootComponent type="61" schemaName="mib_StudyWebResource" behavior="0" />
      <RootComponent type="61" schemaName="mib_SubjectCustomFieldsValueValidation" behavior="0" />
      <RootComponent type="61" schemaName="mib_submitimage" behavior="0" />
      <RootComponent type="61" schemaName="mib_SyncStudySiteandSiteContactAddresses" behavior="0" />
      <RootComponent type="61" schemaName="mib_TaskTypesWebResource" behavior="0" />
      <RootComponent type="61" schemaName="mib_TaskWebResource" behavior="0" />
      <RootComponent type="61" schemaName="mib_TherapeuticAreaWebresource" behavior="0" />
      <RootComponent type="61" schemaName="mib_VisitsCustomFieldsValueValidation.js" behavior="0" />
      <RootComponent type="61" schemaName="mib_WebhookConfigurationWebResource" behavior="0" />
      <RootComponent type="61" schemaName="mib_xrm_calldialog" behavior="0" />
      <RootComponent type="61" schemaName="mib_xrm_dialog" behavior="0" />
      <RootComponent type="61" schemaName="new_ARMWebResource" behavior="0" />
      <RootComponent type="61" schemaName="new_CommentPopupView" behavior="0" />
      <RootComponent type="61" schemaName="new_ContactWebResource" behavior="0" />
      <RootComponent type="61" schemaName="new_hideControl" behavior="0" />
      <RootComponent type="61" schemaName="new_SiteWebResource" behavior="0" />
      <RootComponent type="61" schemaName="new_StudySiteContactWebResource" behavior="0" />
      <RootComponent type="61" schemaName="new_StudySiteSubjectsWebResource" behavior="0" />
      <RootComponent type="61" schemaName="new_StudySiteWebResource" behavior="0" />
      <RootComponent type="61" schemaName="new_studyvisitsubgrid" behavior="0" />
      <RootComponent type="61" schemaName="new_test" behavior="0" />
      <RootComponent type="61" schemaName="new_testStudyUpdate" behavior="0" />
      <RootComponent type="62" schemaName="cr6ee_CLXQA" behavior="0" />
      <RootComponent type="80" schemaName="cr6ee_CLXQA" behavior="0" />
      <RootComponent type="91" id="{a6fa76d3-a620-4e5b-9a0b-03d7cc057ae1}" schemaName="emids.calyx.CreateStudySiteEvent, Version=1.0.0.0, Culture=neutral, PublicKeyToken=5f1ba79f1c0005e4" behavior="0" />
      <RootComponent type="91" id="{6ea57e93-9a26-4623-bce6-161507553abf}" schemaName="emids.calyx.customFieldRegexValidator, Version=1.0.0.0, Culture=neutral, PublicKeyToken=7a58f4e5a88e6c62" behavior="0" />
      <RootComponent type="91" id="{859fb651-f38a-4f36-94ac-d1834090c43c}" schemaName="emids.calyx.DOBAnonymizationRule, Version=1.0.0.0, Culture=neutral, PublicKeyToken=e1f99a622dd7f360" behavior="0" />
      <RootComponent type="91" id="{2aad9d81-b58f-4568-943c-fcbe7e0d1662}" schemaName="emids.calyx.plugins, Version=1.0.0.0, Culture=neutral, PublicKeyToken=d5bdd154a2d81557" behavior="0" />
      <RootComponent type="91" id="{5e5e3100-0405-4661-ac0d-e033d20eca3a}" schemaName="emids.calyx.plugins.StudySiteEquipment, Version=1.0.0.0, Culture=neutral, PublicKeyToken=d0ba01f763dbf047" behavior="0" />
      <RootComponent type="91" id="{5f69dfa8-78b5-4495-9b3c-ed09f76ecf69}" schemaName="emids.calyx.plugins.Subject, Version=1.0.0.0, Culture=neutral, PublicKeyToken=7820a7c27443fcbf" behavior="0" />
      <RootComponent type="91" id="{4ece0818-840e-470d-9243-08794015aa78}" schemaName="emids.calyx.QCRoutingRuleConflict, Version=1.0.0.0, Culture=neutral, PublicKeyToken=deea335ccc12c473" behavior="0" />
      <RootComponent type="91" id="{18ed29b8-3a0b-494d-b328-86b6f82abea5}" schemaName="emids.calyx.RegexValidation, Version=1.0.0.0, Culture=neutral, PublicKeyToken=76d6258a5d2a9d1b" behavior="0" />
      <RootComponent type="91" id="{8b9287d9-4402-44e3-9ef5-8ceb694e40b3}" schemaName="emids.calyx.RegexValidator, Version=1.0.0.0, Culture=neutral, PublicKeyToken=d5bdd154a2d81557" behavior="0" />
      <RootComponent type="91" id="{b1b1dadc-ce77-4a26-92e8-0c34d8e0b2a3}" schemaName="emids.caylx.CreateStudyConfiguration, Version=1.0.0.0, Culture=neutral, PublicKeyToken=31cc9ce03cac2f39" behavior="0" />
      <RootComponent type="91" id="{1ba0f352-77e4-4341-8ead-3e0a8403c8d9}" schemaName="emids.caylx.UpdateAnonymizedDICOMTags, Version=1.0.0.0, Culture=neutral, PublicKeyToken=02b6d63270ba4a62" behavior="0" />
      <RootComponent type="91" id="{bd5cf2bd-49cc-4adf-a97e-de0ab9d26bb4}" schemaName="mib.plugins.CheckDuplicateForImageDefinition, Version=1.0.0.0, Culture=neutral, PublicKeyToken=cdcc395e8cbf1905" behavior="0" />
      <RootComponent type="91" id="{a18d8105-146b-4880-a08f-9380d59a3db1}" schemaName="mib.plugins.CheckDuplicateForStudyTaskTypes, Version=1.0.0.0, Culture=neutral, PublicKeyToken=60fd3b7f0dcd0c57" behavior="0" />
      <RootComponent type="91" id="{c26c6882-9e53-4ee1-b698-fbe58b7b4add}" schemaName="mib.plugins.CustomFieldvalidation, Version=1.0.0.0, Culture=neutral, PublicKeyToken=f7cba5f20460f0f1" behavior="0" />
      <RootComponent type="91" id="{0f34efa6-0618-46ee-ac39-bf3bb9328045}" schemaName="mib.plugins.SetDataPathInImageSeries, Version=1.0.0.0, Culture=neutral, PublicKeyToken=9bad1e0ce4c9c6a3" behavior="0" />
      <RootComponent type="91" id="{7acee816-ffa6-4ea9-9f97-d62dcc6eeabc}" schemaName="mib.plugins.SetDataPathInQCConfiguration, Version=1.0.0.0, Culture=neutral, PublicKeyToken=6de1f026616cc429" behavior="0" />
      <RootComponent type="91" id="{b2ff33e1-ea37-41dc-9bf4-f0d6149a5d69}" schemaName="mib.plugins.SetDataPathInQCRoutingRule, Version=1.0.0.0, Culture=neutral, PublicKeyToken=20a6d7f743a5a38f" behavior="0" />
      <RootComponent type="91" id="{d7a921a0-e765-48a1-b431-e724d6e726b7}" schemaName="mib.plugins.SetDataPathInQCTaskAssignment, Version=1.0.0.0, Culture=neutral, PublicKeyToken=4b2cbf5ce01e2cce" behavior="0" />
      <RootComponent type="91" id="{5a93f940-7518-4c4f-9046-9f14d069adfb}" schemaName="mib.plugins.SetDataPathInStudySiteEvent, Version=1.0.0.0, Culture=neutral, PublicKeyToken=4894897ef4481a9c" behavior="0" />
      <RootComponent type="92" id="{011df68e-ec21-ec11-b6e6-000d3a3019fc}" behavior="0" />
      <RootComponent type="92" id="{0521bc27-53a4-ec11-983f-000d3a5c1933}" behavior="0" />
      <RootComponent type="92" id="{088abd4a-c5f5-eb11-94ef-0022481e1941}" behavior="0" />
      <RootComponent type="92" id="{0d98496e-17a5-ec11-983f-000d3a5c10fa}" behavior="0" />
      <RootComponent type="92" id="{1105485b-0ba5-ec11-983f-000d3a5c10fa}" behavior="0" />
      <RootComponent type="92" id="{14372449-7909-ec11-b6e6-000d3a8dd876}" behavior="0" />
      <RootComponent type="92" id="{1442e856-57ae-ec11-9840-0022480abf5e}" behavior="0" />
      <RootComponent type="92" id="{252f05bb-8acb-ec11-a7b5-00224809ad7a}" behavior="0" />
      <RootComponent type="92" id="{31e16022-826c-ec11-8943-000d3a32b654}" behavior="0" />
      <RootComponent type="92" id="{31f262c2-0a00-ec11-94ef-0022481e1941}" behavior="0" />
      <RootComponent type="92" id="{3ec35f87-8ec7-ec11-a7b6-000d3a5c9611}" behavior="0" />
      <RootComponent type="92" id="{44791d95-963c-ec11-b6e5-000d3a5ba63d}" behavior="0" />
      <RootComponent type="92" id="{4926fc0c-57ae-ec11-9840-0022480abd88}" behavior="0" />
      <RootComponent type="92" id="{4d4ca0a5-d9b3-ec11-983f-002248049bbd}" behavior="0" />
      <RootComponent type="92" id="{55ce70dc-f20a-ec11-b6e6-000d3a8dd876}" behavior="0" />
      <RootComponent type="92" id="{5e87414c-0ba5-ec11-983f-000d3a5c10fa}" behavior="0" />
      <RootComponent type="92" id="{618779d1-0a00-ec11-94ef-0022481e1941}" behavior="0" />
      <RootComponent type="92" id="{625121e9-8da3-ec11-983f-000d3a5c10fa}" behavior="0" />
      <RootComponent type="92" id="{62d5ea05-2ca4-ec11-983f-000d3a5c10fa}" behavior="0" />
      <RootComponent type="92" id="{67acee4d-5e83-ec11-8d21-000d3a364bd6}" behavior="0" />
      <RootComponent type="92" id="{6af0fe6a-0ba5-ec11-983f-000d3a5c10fa}" behavior="0" />
      <RootComponent type="92" id="{6c3e086c-d6b3-ec11-983f-0022480496c8}" behavior="0" />
      <RootComponent type="92" id="{6da349dc-0a00-ec11-94ef-0022481e1941}" behavior="0" />
      <RootComponent type="92" id="{75329675-2b20-ec11-b6e6-000d3a3019fc}" behavior="0" />
      <RootComponent type="92" id="{7e6ebea1-07f5-eb11-94ef-0022481e1e3c}" behavior="0" />
      <RootComponent type="92" id="{82737100-9c01-ec11-94ef-0022481e1e3c}" behavior="0" />
      <RootComponent type="92" id="{872a66e8-f20a-ec11-b6e6-000d3a8dd876}" behavior="0" />
      <RootComponent type="92" id="{9b9cf1c2-73dd-eb11-bacb-000d3a581f9b}" behavior="0" />
      <RootComponent type="92" id="{9c7a942c-c5f5-eb11-94ef-0022481e1941}" behavior="0" />
      <RootComponent type="92" id="{a4b722ae-0a00-ec11-94ef-0022481e1941}" behavior="0" />
      <RootComponent type="92" id="{abc5d33f-e3be-ec11-983e-000d3a5d0852}" behavior="0" />
      <RootComponent type="92" id="{ac2978b1-9b89-ec11-93b0-002248092aa1}" behavior="0" />
      <RootComponent type="92" id="{ad4448cd-5b7f-ec11-8d21-000d3a5923f0}" behavior="0" />
      <RootComponent type="92" id="{b1aefba4-99c7-ec11-a7b6-000d3a5c9611}" behavior="0" />
      <RootComponent type="92" id="{b40f1fd1-8acb-ec11-a7b5-00224809ad7a}" behavior="0" />
      <RootComponent type="92" id="{bdf4cfbe-616c-ec11-8943-000d3a32b654}" behavior="0" />
      <RootComponent type="92" id="{c2bf78d8-616c-ec11-8943-000d3a32b654}" behavior="0" />
      <RootComponent type="92" id="{c8d47c46-626c-ec11-8943-000d3a32b654}" behavior="0" />
      <RootComponent type="92" id="{c8ef4f66-8a90-ec11-b400-002248048ed7}" behavior="0" />
      <RootComponent type="92" id="{cb11c7eb-7f47-ec11-8c62-00224808adc6}" behavior="0" />
      <RootComponent type="92" id="{ce460b46-0ba5-ec11-983f-000d3a5c10fa}" behavior="0" />
      <RootComponent type="92" id="{d14fd009-f4a4-ec11-983f-000d3a5c10fa}" behavior="0" />
      <RootComponent type="92" id="{d2548b2c-f9a4-ec11-983f-000d3a5c10fa}" behavior="0" />
      <RootComponent type="92" id="{d3e1fd52-8c82-ec11-8d21-000d3a3648c7}" behavior="0" />
      <RootComponent type="92" id="{d4a70640-8a90-ec11-b400-002248048ed7}" behavior="0" />
      <RootComponent type="92" id="{d76d57da-56ae-ec11-9840-0022480abd88}" behavior="0" />
      <RootComponent type="92" id="{e77a1111-8c9b-ec11-b400-002248042d99}" behavior="0" />
      <RootComponent type="92" id="{e91190f3-e76d-ec11-8943-000d3a32b654}" behavior="0" />
      <RootComponent type="92" id="{f4c29a31-a177-ec11-8d21-0022480b39ce}" behavior="0" />
      <RootComponent type="92" id="{f4d40c1b-dfbe-ec11-983f-00224802bf36}" behavior="0" />
      <RootComponent type="92" id="{f52dcc72-3b9e-ec11-b400-000d3a595943}" behavior="0" />
      <RootComponent type="92" id="{f964edc7-09f5-eb11-94ef-0022481e1941}" behavior="0" />
      <RootComponent type="92" id="{fcc3d862-0ba5-ec11-983f-000d3a5c10fa}" behavior="0" />
      <RootComponent type="92" id="{fe9a952b-8f90-ec11-b400-002248048ed7}" behavior="0" />
      <RootComponent type="95" id="{52c5a210-2b20-ec11-b6e6-000d3a3019fc}" behavior="0" />
      <RootComponent type="95" id="{9c531882-963c-ec11-b6e5-000d3a5ba63d}" behavior="0" />
      <RootComponent type="300" schemaName="mib_clxqadefaultcommandlibrary_611b3" behavior="0" />
    </RootComponents>
    <MissingDependencies>
      <MissingDependency>
        <Required type="1" schemaName="appusersetting" displayName="Model-Driven App User Setting" solution="AppModule (9.1.22034.220322001)" />
        <Dependent type="1" schemaName="systemuser" displayName="User" />
      </MissingDependency>
      <MissingDependency>
        <Required type="1" schemaName="bot" displayName="Chatbot" solution="PowerVirtualAgents (2.0.0.142)">
          <package>msdynce_CustomerCareIntelligenceBots_Anchor (2.0.0.142)</package>
        </Required>
        <Dependent type="1" schemaName="systemuser" displayName="User" />
      </MissingDependency>
      <MissingDependency>
        <Required type="1" schemaName="usermobileofflineprofilemembership" displayName="UserMobileOfflineProfileMembership" solution="MobileOfflineMembership (1.0.0.2)" />
        <Dependent type="1" schemaName="systemuser" displayName="User" />
      </MissingDependency>
      <MissingDependency>
        <Required type="2" schemaName="membershiptype" displayName="Membership Type" parentSchemaName="team" parentDisplayName="Team" solution="AuthorizationCore (1.74.0.0)" />
        <Dependent type="60" displayName="Team" parentDisplayName="Team" id="{7ba7fac1-1418-4335-935f-f7f8dfd73fcc}" />
      </MissingDependency>
      <MissingDependency>
        <Required type="29" displayName="Analysis Result Message Display" solution="msdyn_PowerAppsChecker (1.2.0.176)" id="{11a502ff-3fed-4121-9908-c647af4b12ae}">
          <package>msdyn_PowerAppsCheckerAnchor (1.2.0.176)</package>
        </Required>
        <Dependent type="29" displayName="Analysis Result Message Display" id="{11a502ff-3fed-4121-9908-c647af4b12ae}" />
      </MissingDependency>
      <MissingDependency>
        <Required type="29" displayName="Update Contact" solution="msdynce_AppCommon (9.0.4.0066)" id="{28920155-1862-4b42-8209-80bce3694773}">
          <package>msdynce_AppCommonAnchor (9.0.22034.10001)</package>
        </Required>
        <Dependent type="29" displayName="Update Contact" id="{28920155-1862-4b42-8209-80bce3694773}" />
      </MissingDependency>
      <MissingDependency>
        <Required type="29" displayName="Error Code Visibility" solution="SolutionHistoryAPIs (9.1.0.21)" id="{58fdbe71-4ee4-e811-815b-000d3a47f23f}" />
        <Dependent type="29" displayName="Error Code Visibility" id="{58fdbe71-4ee4-e811-815b-000d3a47f23f}" />
      </MissingDependency>
      <MissingDependency>
        <Required type="29" displayName="Get Search providers for federated search feature" solution="msdynce_KnowledgeManagementFeatures (9.0.22041.5037)" id="{7683fb8b-bc7f-4b85-867a-02f1fe22e0c6}">
          <package>msdynce_KnowledgeManagementAnchor (9.0.22041.5037)</package>
        </Required>
        <Dependent type="29" displayName="Get Search providers for federated search feature" id="{7683fb8b-bc7f-4b85-867a-02f1fe22e0c6}" />
      </MissingDependency>
      <MissingDependency>
        <Required type="29" displayName="Get Knowledge article suggestions" solution="msdynce_KnowledgeManagementFeatures (9.0.22041.5037)" id="{7f58231a-bb06-4d70-80cd-a72c9aeccce7}">
          <package>msdynce_KnowledgeManagementAnchor (9.0.22041.5037)</package>
        </Required>
        <Dependent type="29" displayName="Get Knowledge article suggestions" id="{7f58231a-bb06-4d70-80cd-a72c9aeccce7}" />
      </MissingDependency>
      <MissingDependency>
        <Required type="29" displayName="Set default Timeout " solution="ODatav4DataProvider (9.0.0.573)" id="{7f5b0d0e-c2af-e711-8124-000d3af99683}" />
        <Dependent type="29" displayName="Set default Timeout " id="{7f5b0d0e-c2af-e711-8124-000d3af99683}" />
      </MissingDependency>
      <MissingDependency>
        <Required type="29" displayName="GetKAObjectFromTemplate" solution="msdynce_KnowledgeManagementFeatures (9.0.22041.5037)" id="{86a0ed46-8512-449b-b814-eb9f032a8d05}">
          <package>msdynce_KnowledgeManagementAnchor (9.0.22041.5037)</package>
        </Required>
        <Dependent type="29" displayName="GetKAObjectFromTemplate" id="{86a0ed46-8512-449b-b814-eb9f032a8d05}" />
      </MissingDependency>
      <MissingDependency>
        <Required type="29" displayName="Overwrite Customizations Visibility" solution="SolutionHistoryAPIs (9.1.0.21)" id="{d7e5c201-80dc-e811-8161-000d3afd9179}" />
        <Dependent type="29" displayName="Overwrite Customizations Visibility" id="{d7e5c201-80dc-e811-8161-000d3afd9179}" />
      </MissingDependency>
      <MissingDependency>
        <Required type="29" displayName="ManageSLAInstances" solution="msdynce_ServiceLevelAgreementExtension (9.0.22041.1012)" id="{dbd9a27c-e3f0-421a-8a4b-92b0abd0749c}">
          <package>msdynce_ServiceLevelAgreementAnchor (9.0.22041.1012)</package>
        </Required>
        <Dependent type="29" displayName="ManageSLAInstances" id="{dbd9a27c-e3f0-421a-8a4b-92b0abd0749c}" />
      </MissingDependency>
      <MissingDependency>
        <Required type="29" displayName="Exception Message Visibility" solution="SolutionHistoryAPIs (9.1.0.21)" id="{fc3a60cd-7ddc-e811-8161-000d3afd9179}" />
        <Dependent type="29" displayName="Exception Message Visibility" id="{fc3a60cd-7ddc-e811-8161-000d3afd9179}" />
      </MissingDependency>
      <MissingDependency>
        <Required type="60" displayName="Contact" parentDisplayName="Contact" solution="msdynce_AppCommon (9.0.4.0066)" id="{1fed44d1-ae68-4a41-bd2b-f13acac4acfa}">
          <package>msdynce_AppCommonAnchor (9.0.22034.10001)</package>
        </Required>
        <Dependent type="60" displayName="Contact" parentDisplayName="Contact" id="{1fed44d1-ae68-4a41-bd2b-f13acac4acfa}" />
      </MissingDependency>
      <MissingDependency>
        <Required type="60" displayName="Contact Quick Create" parentDisplayName="Contact" solution="msdynce_AppCommon (9.0.4.0066)" id="{661157fe-2fc9-4eaa-835f-5bfa2f7b64f7}">
          <package>msdynce_AppCommonAnchor (9.0.22034.10001)</package>
        </Required>
        <Dependent type="60" displayName="Contact Quick Create" parentDisplayName="Contact" id="{661157fe-2fc9-4eaa-835f-5bfa2f7b64f7}" />
      </MissingDependency>
      <MissingDependency>
        <Required type="60" displayName="Information" parentDisplayName="Contact" solution="msdynce_AppCommon (9.0.4.0066)" id="{894cc46a-b0cb-4ab0-8bf6-200544e46a2d}">
          <package>msdynce_AppCommonAnchor (9.0.22034.10001)</package>
        </Required>
        <Dependent type="60" displayName="Information" parentDisplayName="Contact" id="{894cc46a-b0cb-4ab0-8bf6-200544e46a2d}" />
      </MissingDependency>
      <MissingDependency>
        <Required type="60" displayName="Contact Quick Form" parentDisplayName="Contact" solution="msdynce_AppCommon (9.0.4.0066)" id="{bdb0ae1c-32fa-4374-b637-8dafe107bc44}">
          <package>msdynce_AppCommonAnchor (9.0.22034.10001)</package>
        </Required>
        <Dependent type="60" displayName="Contact Quick Form" parentDisplayName="Contact" id="{bdb0ae1c-32fa-4374-b637-8dafe107bc44}" />
      </MissingDependency>
      <MissingDependency>
        <Required type="61" schemaName="accessChecker_openDialog.js" displayName="accessChecker_openDialog.js" solution="msft_AccessCheckerExtension (1.1.0.2)" />
        <Dependent type="50" schemaName="mib_expectedvisitschedule:RibbonDiffXml" displayName="mib_expectedvisitschedule:RibbonDiffXml" parentSchemaName="ribboncustomization" parentDisplayName="Application Ribbons" />
      </MissingDependency>
      <MissingDependency>
        <Required type="61" schemaName="AppCommon/_imgs/Workplace/ConvertActivity_16.png" displayName="AppCommon/_imgs/Workplace/ConvertActivity_16.png" solution="msdynce_AppCommon (9.0.4.0066)">
          <package>msdynce_AppCommonAnchor (9.0.22034.10001)</package>
        </Required>
        <Dependent type="50" schemaName="contact:RibbonDiffXml" displayName="contact:RibbonDiffXml" parentSchemaName="ribboncustomization" parentDisplayName="Application Ribbons" />
      </MissingDependency>
      <MissingDependency>
        <Required type="61" schemaName="AppCommon/_imgs/Workplace/ConvertActivity_16.png" displayName="AppCommon/_imgs/Workplace/ConvertActivity_16.png" solution="msdynce_AppCommon (9.0.4.0066)">
          <package>msdynce_AppCommonAnchor (9.0.22034.10001)</package>
        </Required>
        <Dependent type="50" schemaName="cr420_studysitecontact:RibbonDiffXml" displayName="cr420_studysitecontact:RibbonDiffXml" parentSchemaName="ribboncustomization" parentDisplayName="Application Ribbons" />
      </MissingDependency>
      <MissingDependency>
        <Required type="61" schemaName="AppCommon/_imgs/Workplace/ConvertActivity_16.png" displayName="AppCommon/_imgs/Workplace/ConvertActivity_16.png" solution="msdynce_AppCommon (9.0.4.0066)">
          <package>msdynce_AppCommonAnchor (9.0.22034.10001)</package>
        </Required>
        <Dependent type="50" schemaName="cr6ee_studysite:RibbonDiffXml" displayName="cr6ee_studysite:RibbonDiffXml" parentSchemaName="ribboncustomization" parentDisplayName="Application Ribbons" />
      </MissingDependency>
      <MissingDependency>
        <Required type="61" schemaName="AppCommon/_imgs/Workplace/ConvertActivity_16.png" displayName="AppCommon/_imgs/Workplace/ConvertActivity_16.png" solution="msdynce_AppCommon (9.0.4.0066)">
          <package>msdynce_AppCommonAnchor (9.0.22034.10001)</package>
        </Required>
        <Dependent type="50" schemaName="mib_ambraqcform:RibbonDiffXml" displayName="mib_ambraqcform:RibbonDiffXml" parentSchemaName="ribboncustomization" parentDisplayName="Application Ribbons" />
      </MissingDependency>
      <MissingDependency>
        <Required type="61" schemaName="AppCommon/_imgs/Workplace/ConvertActivity_16.png" displayName="AppCommon/_imgs/Workplace/ConvertActivity_16.png" solution="msdynce_AppCommon (9.0.4.0066)">
          <package>msdynce_AppCommonAnchor (9.0.22034.10001)</package>
        </Required>
        <Dependent type="50" schemaName="mib_ecc_queue:RibbonDiffXml" displayName="mib_ecc_queue:RibbonDiffXml" parentSchemaName="ribboncustomization" parentDisplayName="Application Ribbons" />
      </MissingDependency>
      <MissingDependency>
        <Required type="61" schemaName="AppCommon/_imgs/Workplace/ConvertActivity_16.png" displayName="AppCommon/_imgs/Workplace/ConvertActivity_16.png" solution="msdynce_AppCommon (9.0.4.0066)">
          <package>msdynce_AppCommonAnchor (9.0.22034.10001)</package>
        </Required>
        <Dependent type="50" schemaName="mib_eccqueue:RibbonDiffXml" displayName="mib_eccqueue:RibbonDiffXml" parentSchemaName="ribboncustomization" parentDisplayName="Application Ribbons" />
      </MissingDependency>
      <MissingDependency>
        <Required type="61" schemaName="AppCommon/_imgs/Workplace/ConvertActivity_16.png" displayName="AppCommon/_imgs/Workplace/ConvertActivity_16.png" solution="msdynce_AppCommon (9.0.4.0066)">
          <package>msdynce_AppCommonAnchor (9.0.22034.10001)</package>
        </Required>
        <Dependent type="50" schemaName="mib_sitecontact:RibbonDiffXml" displayName="mib_sitecontact:RibbonDiffXml" parentSchemaName="ribboncustomization" parentDisplayName="Application Ribbons" />
      </MissingDependency>
      <MissingDependency>
        <Required type="61" schemaName="AppCommon/_imgs/Workplace/ConvertActivity_16.png" displayName="AppCommon/_imgs/Workplace/ConvertActivity_16.png" solution="msdynce_AppCommon (9.0.4.0066)">
          <package>msdynce_AppCommonAnchor (9.0.22034.10001)</package>
        </Required>
        <Dependent type="50" schemaName="mib_task:RibbonDiffXml" displayName="mib_task:RibbonDiffXml" parentSchemaName="ribboncustomization" parentDisplayName="Application Ribbons" />
      </MissingDependency>
      <MissingDependency>
        <Required type="61" schemaName="AppCommon/_imgs/Workplace/ConvertActivity_16.png" displayName="AppCommon/_imgs/Workplace/ConvertActivity_16.png" solution="msdynce_AppCommon (9.0.4.0066)">
          <package>msdynce_AppCommonAnchor (9.0.22034.10001)</package>
        </Required>
        <Dependent type="50" schemaName="new_site:RibbonDiffXml" displayName="new_site:RibbonDiffXml" parentSchemaName="ribboncustomization" parentDisplayName="Application Ribbons" />
      </MissingDependency>
      <MissingDependency>
        <Required type="61" schemaName="AppCommon/_imgs/Workplace/ConvertActivity_16.png" displayName="AppCommon/_imgs/Workplace/ConvertActivity_16.png" solution="msdynce_AppCommon (9.0.4.0066)">
          <package>msdynce_AppCommonAnchor (9.0.22034.10001)</package>
        </Required>
        <Dependent type="50" schemaName="new_study:RibbonDiffXml" displayName="new_study:RibbonDiffXml" parentSchemaName="ribboncustomization" parentDisplayName="Application Ribbons" />
      </MissingDependency>
      <MissingDependency>
        <Required type="61" schemaName="AppCommon/_imgs/Workplace/ConvertActivity_16.png" displayName="AppCommon/_imgs/Workplace/ConvertActivity_16.png" solution="msdynce_AppCommon (9.0.4.0066)">
          <package>msdynce_AppCommonAnchor (9.0.22034.10001)</package>
        </Required>
        <Dependent type="50" schemaName="new_studyversion:RibbonDiffXml" displayName="new_studyversion:RibbonDiffXml" parentSchemaName="ribboncustomization" parentDisplayName="Application Ribbons" />
      </MissingDependency>
      <MissingDependency>
        <Required type="61" schemaName="AppCommon/_imgs/Workplace/ConvertActivity_32.png" displayName="AppCommon/_imgs/Workplace/ConvertActivity_32.png" solution="msdynce_AppCommon (9.0.4.0066)">
          <package>msdynce_AppCommonAnchor (9.0.22034.10001)</package>
        </Required>
        <Dependent type="50" schemaName="contact:RibbonDiffXml" displayName="contact:RibbonDiffXml" parentSchemaName="ribboncustomization" parentDisplayName="Application Ribbons" />
      </MissingDependency>
      <MissingDependency>
        <Required type="61" schemaName="AppCommon/_imgs/Workplace/ConvertActivity_32.png" displayName="AppCommon/_imgs/Workplace/ConvertActivity_32.png" solution="msdynce_AppCommon (9.0.4.0066)">
          <package>msdynce_AppCommonAnchor (9.0.22034.10001)</package>
        </Required>
        <Dependent type="50" schemaName="cr420_studysitecontact:RibbonDiffXml" displayName="cr420_studysitecontact:RibbonDiffXml" parentSchemaName="ribboncustomization" parentDisplayName="Application Ribbons" />
      </MissingDependency>
      <MissingDependency>
        <Required type="61" schemaName="AppCommon/_imgs/Workplace/ConvertActivity_32.png" displayName="AppCommon/_imgs/Workplace/ConvertActivity_32.png" solution="msdynce_AppCommon (9.0.4.0066)">
          <package>msdynce_AppCommonAnchor (9.0.22034.10001)</package>
        </Required>
        <Dependent type="50" schemaName="cr6ee_studysite:RibbonDiffXml" displayName="cr6ee_studysite:RibbonDiffXml" parentSchemaName="ribboncustomization" parentDisplayName="Application Ribbons" />
      </MissingDependency>
      <MissingDependency>
        <Required type="61" schemaName="AppCommon/_imgs/Workplace/ConvertActivity_32.png" displayName="AppCommon/_imgs/Workplace/ConvertActivity_32.png" solution="msdynce_AppCommon (9.0.4.0066)">
          <package>msdynce_AppCommonAnchor (9.0.22034.10001)</package>
        </Required>
        <Dependent type="50" schemaName="mib_ambraqcform:RibbonDiffXml" displayName="mib_ambraqcform:RibbonDiffXml" parentSchemaName="ribboncustomization" parentDisplayName="Application Ribbons" />
      </MissingDependency>
      <MissingDependency>
        <Required type="61" schemaName="AppCommon/_imgs/Workplace/ConvertActivity_32.png" displayName="AppCommon/_imgs/Workplace/ConvertActivity_32.png" solution="msdynce_AppCommon (9.0.4.0066)">
          <package>msdynce_AppCommonAnchor (9.0.22034.10001)</package>
        </Required>
        <Dependent type="50" schemaName="mib_ecc_queue:RibbonDiffXml" displayName="mib_ecc_queue:RibbonDiffXml" parentSchemaName="ribboncustomization" parentDisplayName="Application Ribbons" />
      </MissingDependency>
      <MissingDependency>
        <Required type="61" schemaName="AppCommon/_imgs/Workplace/ConvertActivity_32.png" displayName="AppCommon/_imgs/Workplace/ConvertActivity_32.png" solution="msdynce_AppCommon (9.0.4.0066)">
          <package>msdynce_AppCommonAnchor (9.0.22034.10001)</package>
        </Required>
        <Dependent type="50" schemaName="mib_eccqueue:RibbonDiffXml" displayName="mib_eccqueue:RibbonDiffXml" parentSchemaName="ribboncustomization" parentDisplayName="Application Ribbons" />
      </MissingDependency>
      <MissingDependency>
        <Required type="61" schemaName="AppCommon/_imgs/Workplace/ConvertActivity_32.png" displayName="AppCommon/_imgs/Workplace/ConvertActivity_32.png" solution="msdynce_AppCommon (9.0.4.0066)">
          <package>msdynce_AppCommonAnchor (9.0.22034.10001)</package>
        </Required>
        <Dependent type="50" schemaName="mib_sitecontact:RibbonDiffXml" displayName="mib_sitecontact:RibbonDiffXml" parentSchemaName="ribboncustomization" parentDisplayName="Application Ribbons" />
      </MissingDependency>
      <MissingDependency>
        <Required type="61" schemaName="AppCommon/_imgs/Workplace/ConvertActivity_32.png" displayName="AppCommon/_imgs/Workplace/ConvertActivity_32.png" solution="msdynce_AppCommon (9.0.4.0066)">
          <package>msdynce_AppCommonAnchor (9.0.22034.10001)</package>
        </Required>
        <Dependent type="50" schemaName="mib_task:RibbonDiffXml" displayName="mib_task:RibbonDiffXml" parentSchemaName="ribboncustomization" parentDisplayName="Application Ribbons" />
      </MissingDependency>
      <MissingDependency>
        <Required type="61" schemaName="AppCommon/_imgs/Workplace/ConvertActivity_32.png" displayName="AppCommon/_imgs/Workplace/ConvertActivity_32.png" solution="msdynce_AppCommon (9.0.4.0066)">
          <package>msdynce_AppCommonAnchor (9.0.22034.10001)</package>
        </Required>
        <Dependent type="50" schemaName="new_site:RibbonDiffXml" displayName="new_site:RibbonDiffXml" parentSchemaName="ribboncustomization" parentDisplayName="Application Ribbons" />
      </MissingDependency>
      <MissingDependency>
        <Required type="61" schemaName="AppCommon/_imgs/Workplace/ConvertActivity_32.png" displayName="AppCommon/_imgs/Workplace/ConvertActivity_32.png" solution="msdynce_AppCommon (9.0.4.0066)">
          <package>msdynce_AppCommonAnchor (9.0.22034.10001)</package>
        </Required>
        <Dependent type="50" schemaName="new_study:RibbonDiffXml" displayName="new_study:RibbonDiffXml" parentSchemaName="ribboncustomization" parentDisplayName="Application Ribbons" />
      </MissingDependency>
      <MissingDependency>
        <Required type="61" schemaName="AppCommon/_imgs/Workplace/ConvertActivity_32.png" displayName="AppCommon/_imgs/Workplace/ConvertActivity_32.png" solution="msdynce_AppCommon (9.0.4.0066)">
          <package>msdynce_AppCommonAnchor (9.0.22034.10001)</package>
        </Required>
        <Dependent type="50" schemaName="new_studyversion:RibbonDiffXml" displayName="new_studyversion:RibbonDiffXml" parentSchemaName="ribboncustomization" parentDisplayName="Application Ribbons" />
      </MissingDependency>
      <MissingDependency>
        <Required type="61" schemaName="AppCommon/Contact/Contact_main_system_library.js" displayName="AppCommon/Contact/Contact_main_system_library.js" solution="msdynce_AppCommon (9.0.4.0066)">
          <package>msdynce_AppCommonAnchor (9.0.22034.10001)</package>
        </Required>
        <Dependent type="60" displayName="Contact" parentDisplayName="Contact" id="{1fed44d1-ae68-4a41-bd2b-f13acac4acfa}" />
      </MissingDependency>
      <MissingDependency>
        <Required type="61" schemaName="msdyn_/Images/AppModule_Default_Icon.png" displayName="msdyn_/Images/AppModule_Default_Icon.png" solution="AppModuleWebResources (2.5)" />
        <Dependent type="80" schemaName="cr6ee_CLXQA" displayName="CLX_FEATURE" />
      </MissingDependency>
      <MissingDependency>
        <Required type="61" schemaName="msdyn_/solutionlayers/static/js/main.js" displayName="msdyn_/solutionlayers/static/js/main.js" solution="ComponentHistoryAPIs (9.1.0.24)" />
        <Dependent type="60" displayName="Information" parentDisplayName="Study Site" id="{650712a8-7797-4c44-99b0-3c2d3ab75e1d}" />
      </MissingDependency>
      <MissingDependency>
        <Required type="66" schemaName="MscrmControls.Canvas.CanvasControl" displayName="MscrmControls.Canvas.CanvasControl" solution="BaseCustomControlsCore (9.0.2203.4013)" />
        <Dependent type="60" displayName="Information" parentDisplayName="Therapeutic Area" id="{347e7dcb-ecc6-421d-ba09-d08e936c8601}" />
      </MissingDependency>
      <MissingDependency>
        <Required type="66" schemaName="MscrmControls.Canvas.CanvasControl" displayName="MscrmControls.Canvas.CanvasControl" solution="BaseCustomControlsCore (9.0.2203.4013)" />
        <Dependent type="60" displayName="Information" parentDisplayName="Ambra QC Form" id="{9b2a4075-15f0-474b-a006-1a812a69efd9}" />
      </MissingDependency>
      <MissingDependency>
        <Required type="66" schemaName="MscrmControls.Canvas.CanvasControl" displayName="MscrmControls.Canvas.CanvasControl" solution="BaseCustomControlsCore (9.0.2203.4013)" />
        <Dependent type="60" displayName="Information" parentDisplayName="Site" id="{f091c5a0-7d34-48c5-b147-5cd9752c3584}" />
      </MissingDependency>
      <MissingDependency>
        <Required type="66" schemaName="MscrmControls.CardFeedContainer.CardFeedContainer" displayName="MscrmControls.CardFeedContainer.CardFeedContainer" solution="BaseCustomControlsCore (9.0.2203.4013)" />
        <Dependent type="60" displayName="Project Manager Study Dashboard" id="{ee90b7a8-5b7b-eb11-a812-00224820540b}" />
      </MissingDependency>
      <MissingDependency>
        <Required type="66" schemaName="MscrmControls.Grid.GridControl" displayName="MscrmControls.Grid.GridControl" solution="BaseCustomControlsCore (9.0.2203.4013)" />
        <Dependent type="60" displayName="Information" parentDisplayName="Study" id="{85f3165a-10cb-4a65-9b39-2bcd67fdde76}" />
      </MissingDependency>
      <MissingDependency>
        <Required type="66" schemaName="MscrmControls.Grid.GridControl" displayName="MscrmControls.Grid.GridControl" solution="BaseCustomControlsCore (9.0.2203.4013)" />
        <Dependent type="60" displayName="Information" parentDisplayName="ARM Visits Old" id="{b55c361b-ff2a-4781-a2a4-50b9aaa1aa2d}" />
      </MissingDependency>
      <MissingDependency>
        <Required type="66" schemaName="MscrmControls.Grid.GridControl" displayName="MscrmControls.Grid.GridControl" solution="BaseCustomControlsCore (9.0.2203.4013)" />
        <Dependent type="60" displayName="Information" parentDisplayName="Site" id="{f091c5a0-7d34-48c5-b147-5cd9752c3584}" />
      </MissingDependency>
    </MissingDependencies>
  </SolutionManifest>
</ImportExportXml>